User_ID,Age,Income,Plan,Price,Price_Increase,Downgrade,Trend,Watch_Hours,Content_Type,Originals,Binge,Session,Diversity,Profiles,Account_Age,Churn
U0001,40,Low,Ads,8.99,0,0,Increasing,8.516061831679385,Series,0.7657570791004573,0,1.9012026784873517,3.154730642134496,1.741365942737135,25.82792882747359,0
U0002,33,Low,Ads,8.99,0,1,Declining,1.9609733235178313,Series,0.3682429070681953,0,0.7423280645956482,4.693751196149734,2.3562686776924204,9.54591343734583,0
U0003,42,Mid,Premium,26.99,0,0,Stable,6.560394588784534,Series,0.8099374038018391,1,1.66604805534408,7.892630030608672,2.433331765220592,34.82467828625737,0
U0004,53,Low,Standard,19.99,0,1,Increasing,10.375417707596643,Movies,0.021482373122957477,0,2.3296974947297167,6.047649001803631,1.8730526987906972,26.93914789097767,1
U0005,32,Low,Standard,19.99,0,1,Stable,7.488012126285599,Series,0.5506508248811418,0,1.8735646451357637,5.462240534693131,2.603218917241044,7.753980037652953,1
U0006,32,Mid,Ads,8.99,1,0,Increasing,7.464611959044059,Series,0.3173847745794718,0,0.8924561733711098,5.239173765285485,2.6784243753971975,14.552296412020315,0
U0007,53,Mid,Standard,19.99,1,1,Increasing,7.244179830386561,Series,0.0780201271633536,0,1.7340763056068456,7.659754380726284,2.6788797428436446,13.584480833560646,0
U0008,44,High,Premium,26.99,1,1,Declining,3.0249912035673674,Series,0.6732903609550508,0,1.0670928887623097,7.5293353794914974,1.873506914236885,21.74872063206788,0
U0009,29,Mid,Standard,19.99,0,0,Declining,4.2105007593293875,Series,0.5644377782737771,0,0.5,2.6976432261397982,1.9906779996553685,0.8563966228570123,0
U0010,41,Low,Premium,26.99,0,0,Declining,3.2886420669483947,Movies,0.0705802134339022,0,0.5,7.379856311279363,1.6329049542711296,9.539448170118565,1
U0011,29,Low,Premium,26.99,0,0,Declining,6.94017197235463,Series,0.49667722840304407,0,1.289005582042323,6.532845608433257,1.4491778280470768,27.532770054729976,1
U0012,29,High,Ads,8.99,0,1,Increasing,6.296587827805151,Series,0.6883650453858627,1,3.236480694098055,8.68597166535205,2.1360509343236176,0.0,0
U0013,37,Mid,Ads,8.99,0,1,Increasing,9.366853387086604,Movies,0.2763700666021661,1,3.2128328577714913,5.36173700691011,3.716532101164189,15.627043392945007,0
U0014,18,Mid,Premium,26.99,0,0,Declining,5.108607806652666,Movies,0.3102637768863203,0,1.930072477484282,7.770465435579053,4.239049225933212,3.284776945785236,0
U0015,18,Low,Standard,19.99,0,1,Stable,8.891334895769823,Movies,0.2703086859353899,0,1.715005553274655,6.437865953356036,3.5138582287632447,28.958436506073532,0
U0016,28,Mid,Ads,8.99,1,0,Stable,9.178736577916741,Series,0.4835395737140081,1,2.4904187962472855,3.272204703309872,1.736121693715701,22.119689773220067,0
U0017,22,Low,Ads,8.99,0,0,Stable,8.391939886562657,Series,0.4809325450513845,1,2.9911784536073585,7.541195321261728,2.6076717555211975,0.38756947916558815,0
U0018,38,Mid,Standard,19.99,1,1,Stable,7.70585668658026,Movies,0.22506052674085286,0,0.5,7.118842551479303,1.0,5.490934605842167,1
U0019,24,High,Standard,19.99,0,0,Increasing,5.854061561717826,Series,0.44937142478538517,1,2.8938727513423297,4.2001471693864225,2.0449962516840325,18.16697546006811,0
U0020,18,High,Ads,8.99,1,1,Declining,2.862259824523485,Series,0.39654108046183945,1,1.6273969047796644,6.0790238131310295,1.8114462564688152,0.0,1
U0021,52,Mid,Ads,8.99,0,0,Declining,3.308618360470102,Series,0.5240575364564342,1,1.752366168530041,9.715508181782301,4.074337155238004,4.798419890846024,0
U0022,32,Mid,Premium,26.99,0,0,Declining,6.5038419992558305,Series,0.47201442953439654,1,2.717511295731945,4.5339222644770505,2.460409289060153,8.112333753687812,0
U0023,35,High,Standard,19.99,0,0,Stable,7.146659856501271,Series,0.3856602738968613,1,2.8572384121082446,6.952337161108587,2.250721605646137,33.41806055326067,1
U0024,18,Mid,Standard,19.99,1,0,Stable,8.737314481471126,Movies,0.5032029310713906,0,0.9951457872065943,3.310240059450838,2.1315659190353267,11.079978533948012,0
U0025,28,Low,Standard,19.99,0,1,Stable,9.005605468640166,Series,0.8465271943833431,1,2.6877157764513306,4.359382289511074,1.9091374309479092,25.912548163455103,0
U0026,36,Mid,Standard,19.99,0,0,Stable,5.548096199401504,Series,0.59997944507932,0,1.5814659674681204,7.121126782866888,2.7315571986676273,12.324733813463652,0
U0027,21,Low,Standard,19.99,1,1,Stable,7.064148655114375,Movies,0.3632945975861678,0,1.144676365277154,6.013362400580324,1.5375977307332995,26.93450640199152,1
U0028,39,Mid,Standard,19.99,0,0,Stable,6.97401264263282,Series,0.46148720682608046,0,1.3769254302023488,5.097524846584621,2.7498681294886165,0.0,1
U0029,27,Mid,Ads,8.99,0,0,Stable,6.344424620751569,Movies,0.5634062713581994,0,2.340442024011746,8.904993122199972,3.6317566935737915,9.320721412693786,0
U0030,31,Mid,Standard,19.99,0,0,Increasing,7.395471436425866,Series,0.947636223015268,0,1.1592159859738869,3.6563748329557786,2.312640616868184,16.688187046986812,1
U0031,27,Mid,Standard,19.99,1,1,Increasing,12.55426651023317,Series,0.5672412341948676,1,2.1517448060438653,5.208041565489377,1.8856687823382927,20.13404378738303,1
U0032,57,Low,Premium,26.99,0,0,Declining,5.103943453431001,Series,0.4957106943214956,1,2.3900042857313233,6.4835450329855036,2.124679700927823,21.885441490588505,1
U0033,34,Mid,Ads,8.99,0,0,Stable,7.0262895771195355,Series,0.668295053190969,1,2.1902279622857272,3.756984816659028,3.4006854606277366,20.31247111383175,0
U0034,22,High,Premium,26.99,0,0,Increasing,6.5916669753942125,Series,0.6257862088076778,1,2.774301438850639,6.518460465142114,2.3392174761054934,24.071433716827677,0
U0035,44,Mid,Premium,26.99,0,0,Declining,6.350424860827009,Series,0.49996890490854207,1,3.181546375651434,7.649350895055706,1.5906659418360807,17.860801753166292,1
U0036,20,Low,Ads,8.99,1,0,Stable,4.9897849983239695,Series,0.69423916660647,0,1.176665630433552,5.270795921831656,3.0086535638794034,20.088555372766436,1
U0037,37,High,Standard,19.99,0,0,Stable,7.909811057689364,Series,0.7876315214779794,0,0.8716074277842469,4.129481063906618,1.4893084281090427,5.841563205300506,1
U0038,18,High,Standard,19.99,0,0,Declining,5.964458720110325,Series,0.442836319735044,0,2.287453971505503,4.87511971991789,1.9665724206066246,0.0,0
U0039,19,Low,Premium,26.99,0,1,Declining,4.1749699013528625,Series,1.0,0,1.359904738126941,1.0,2.429162889118218,4.58570223352179,1
U0040,37,Low,Standard,19.99,0,0,Stable,7.63530416236636,Movies,0.04341156858043438,0,0.5,7.512247328103703,1.3929697065495026,0.0,1
U0041,43,Mid,Standard,19.99,0,0,Stable,7.371339118088974,Series,0.4296618547318198,1,3.4173644766181392,6.0291806640632855,1.0,20.693253118928286,1
U0042,37,High,Standard,19.99,0,0,Increasing,8.881918125569552,Movies,0.39679360606047265,1,2.9757125993927405,5.147147372904023,2.6494432858954,29.269106895919002,1
U0043,33,High,Ads,8.99,0,0,Increasing,9.038831940435697,Series,1.0,0,2.100671261355891,2.16641950786178,1.0,6.625623116192392,1
U0044,31,High,Ads,8.99,1,0,Declining,5.123563646387042,Movies,0.23748186166387497,0,2.017123762027957,7.718078650905698,1.2734381245290334,30.10207260728135,1
U0045,18,Mid,Standard,19.99,0,0,Declining,5.259823345344096,Series,0.3868507374808826,0,2.622494031063688,4.624806640347594,2.9781860392781665,23.421511015470344,0
U0046,26,Mid,Standard,19.99,0,0,Stable,7.120484062687413,Movies,0.4598482956857491,0,0.7815316488210915,6.630486424867734,2.6191992744261703,11.355014702119517,0
U0047,29,Low,Standard,19.99,0,1,Stable,4.7922716195757165,Movies,0.3002811184563858,0,0.902175962647668,5.477213502583303,2.0420695270102436,13.807328119278013,1
U0048,47,Low,Standard,19.99,0,1,Stable,6.695578097988791,Series,0.7330511389908864,0,1.0538681599552742,2.270203163137407,1.3045054113920118,31.385765169444394,0
U0049,39,Mid,Ads,8.99,1,1,Declining,5.5298972023937445,Movies,0.33584389001991605,0,1.0395768967771741,8.03708620960791,1.7689842437630232,0.0,0
U0050,18,Mid,Standard,19.99,0,0,Declining,5.194577457078583,Movies,0.17856669157400884,1,2.3737707092379168,7.657167155988864,2.7764865767378826,31.337034295363534,1
U0051,38,Mid,Ads,8.99,0,1,Stable,8.907500518790277,Movies,0.8197751940828459,1,2.0060607778048487,7.028067144143959,2.067633581862839,28.752246684639076,1
U0052,30,Mid,Premium,26.99,1,1,Declining,6.2401731789989086,Series,0.009121880183856068,1,1.5862696387015434,6.129694383503662,1.0,10.929277705853618,1
U0053,26,Low,Premium,26.99,0,1,Increasing,6.388771394840592,Movies,0.7140477500699544,0,0.8627812382695815,3.1050424948436475,1.3200732397040733,16.88574393483573,1
U0054,42,Mid,Standard,19.99,0,0,Declining,4.66674578389121,Series,0.7866523808467855,1,2.123748149122825,7.23792817014189,1.7653777253489582,37.5213826581028,0
U0055,47,Low,Ads,8.99,0,0,Increasing,8.065990039658436,Series,0.45088214169455704,0,1.8721502253703737,9.909997688243505,2.566981453497954,2.281388395953213,1
U0056,46,Mid,Ads,8.99,0,0,Increasing,8.986954540118449,Movies,0.724484020966753,0,1.0123449036739491,5.732271560446709,2.3045614521094584,15.81551445053209,0
U0057,24,Mid,Standard,19.99,1,0,Stable,6.994037200322601,Series,0.32571616015114785,0,1.7049839095277834,5.7713766098588195,1.0,25.766800342913044,0
U0058,31,Mid,Standard,19.99,0,1,Stable,8.223043338479698,Series,0.8016221924015049,1,1.507232645756795,3.2963216453956368,3.5470563250803133,20.516475788540497,1
U0059,38,High,Standard,19.99,0,1,Stable,7.354656726282288,Series,0.18347097739057794,0,0.5,1.3592002176383495,1.4570990716033456,18.62466634966693,1
U0060,46,Low,Ads,8.99,0,1,Declining,7.4610900104171005,Movies,0.12082436140592492,0,1.233412451338763,4.781768808062688,2.641046507579932,39.80121842651499,0
U0061,29,Mid,Standard,19.99,0,0,Stable,7.4820062753247205,Series,0.3703276348704245,1,1.933994761122896,8.463336337598907,1.2526365160265476,4.701814039688845,0
U0062,32,Low,Standard,19.99,1,1,Stable,5.3388189593254465,Series,0.4498686679142402,1,1.7709576815570398,8.187517427387561,4.68193164317774,5.239718782373483,0
U0063,21,Mid,Ads,8.99,0,1,Stable,6.065438759663561,Series,0.6023162230757316,1,1.7006898371431731,5.369183443301237,3.525017062389953,0.0,0
U0064,20,High,Standard,19.99,1,0,Stable,8.207578141463516,Series,0.4348047271783684,1,1.8754909116902032,6.36025858876382,1.425586484477622,5.056017826973992,0
U0065,44,Mid,Ads,8.99,0,0,Stable,3.771663470988629,Movies,0.0,1,1.7075900410935616,3.0632764882517174,2.2884605950269328,10.019041344972793,1
U0066,51,High,Standard,19.99,1,0,Stable,4.30823917047991,Movies,0.4426901537401357,0,0.8516319758504124,5.722452516951904,1.1707726518429928,21.838338866570904,0
U0067,34,Low,Premium,26.99,0,1,Stable,7.0213944142504605,Movies,0.3597901845854958,0,0.6205763242058382,4.451137714201712,1.8440137574974405,29.517014240184572,1
U0068,47,High,Standard,19.99,0,0,Stable,8.901844237042331,Series,0.681785468179636,0,0.5,5.609342308579774,2.622946255267179,6.432941374483772,0
U0069,39,Low,Premium,26.99,1,1,Stable,9.614070863909756,Series,0.6343835818531954,0,0.5,4.950693120589927,3.0450473214046467,16.287912223248615,0
U0070,27,High,Standard,19.99,1,0,Increasing,8.348682758934686,Series,0.7908470563970331,1,3.776653479101664,4.914987720176565,1.0,34.751114307352275,0
U0071,39,Low,Ads,8.99,0,0,Stable,9.121657373971768,Movies,0.33490352936777934,1,2.262051925319626,7.492797875467333,1.4514424449465142,15.750040958185476,0
U0072,53,Low,Standard,19.99,0,0,Stable,7.144535819537796,Series,0.802504126962062,1,3.2147254677825114,9.42784549680965,3.141765368086791,24.224411931742637,0
U0073,34,Mid,Standard,19.99,0,1,Stable,3.937170035513539,Movies,0.1948606703797544,0,1.2112044356887055,5.161088690347277,3.523912933637675,31.45049353073236,1
U0074,53,High,Standard,19.99,1,1,Stable,6.983846927043261,Series,0.4562659241322294,1,2.213434064932141,8.337260771772158,1.4268729151037352,6.841371068057223,0
U0075,18,Low,Ads,8.99,0,0,Stable,5.762183750756898,Series,0.8752078790796385,1,2.4840023744794655,3.0168713950984234,3.1568552020485985,4.399886464525014,0
U0076,44,Mid,Standard,19.99,1,1,Declining,6.836461760955482,Series,0.8711337316454577,0,1.6200353240723455,5.3155227943245125,1.0,37.45240487281538,0
U0077,36,High,Ads,8.99,1,0,Increasing,8.92297421893654,Movies,0.46474842855616655,0,0.676665273539976,2.907612736371336,1.9024989448225513,24.950561290941582,0
U0078,31,Mid,Ads,8.99,1,0,Declining,2.444173786887059,Series,0.4221784174280384,1,2.0721350917410684,4.875272316441598,1.0555919780428225,2.0763086115284874,0
U0079,36,Low,Standard,19.99,0,1,Stable,4.000570378182882,Movies,0.15607351294084867,0,1.4523908807431134,6.931397712993649,1.7942640873484499,5.320071241559955,1
U0080,18,Mid,Ads,8.99,0,0,Declining,4.958040085171098,Movies,0.6156127924722541,0,0.5,7.73726825056735,4.1092722873518746,15.595550622062483,1
U0081,32,Mid,Premium,26.99,1,1,Declining,0.15956505708058888,Movies,0.6045329855156318,0,1.948669160451478,3.942949077609695,2.1450990563095935,34.72376181931273,0
U0082,39,High,Standard,19.99,1,0,Stable,5.963669420344198,Series,0.587284128465975,1,2.9376544506455673,6.416133041346436,1.9180685329500264,29.780801248219895,0
U0083,52,Mid,Standard,19.99,1,1,Stable,7.462060651485683,Movies,0.8183769853939706,0,0.5,7.959988695326883,1.635225596401905,30.80477384140863,1
U0084,28,Mid,Standard,19.99,0,0,Increasing,5.828950487833926,Movies,0.44178001438922787,0,0.8604997624191022,7.6754551954968555,1.9001819213928246,12.762900058975053,0
U0085,25,High,Standard,19.99,1,0,Declining,6.98797431381066,Series,0.378560125193776,0,1.3524248707969142,6.017914038622931,1.391492206392698,17.90808659477368,1
U0086,28,Mid,Ads,8.99,0,0,Declining,7.382013099501384,Movies,0.2948737800664216,0,1.7209211550021628,4.321631525994387,2.3368036742293548,8.419791953428035,1
U0087,45,Low,Premium,26.99,0,1,Declining,2.9665980944960966,Movies,0.35109411560107473,1,3.2156763177243737,4.122328607758053,2.167406017958632,13.012122404052135,1
U0088,38,Low,Standard,19.99,1,0,Stable,6.403911651607027,Series,0.6172797273498227,1,1.9175951760710879,3.8147000270384486,1.7425923053655357,4.526282624780086,1
U0089,28,Mid,Premium,26.99,0,0,Increasing,11.984079453964414,Movies,0.6000006435703416,1,3.7029024054844735,5.436777088660794,1.6547311236828341,7.537128777674811,1
U0090,41,Low,Standard,19.99,1,0,Stable,6.9973849314898215,Movies,0.15874221746712813,0,1.2756203377672082,3.853689099640955,2.3828361590454366,9.286183902283689,1
U0091,36,High,Ads,8.99,0,0,Stable,4.211042843801961,Series,0.3336975401775566,0,1.187936048879501,6.856078736767576,1.470674766784723,16.25879750152584,0
U0092,46,Mid,Standard,19.99,0,0,Increasing,8.57003679430694,Movies,0.47046473660101906,0,1.5808623769577936,5.956673400655629,1.959864740159253,23.048382991745914,1
U0093,26,Low,Ads,8.99,0,1,Declining,3.2941433554083215,Series,0.49860309821482923,1,2.4864743100180595,5.866033756718697,1.7487814019064554,37.995454624293245,1
U0094,31,Mid,Standard,19.99,0,0,Stable,9.21639579285177,Movies,0.8347012246933649,0,1.4274419374465945,1.8190489087054096,1.0,13.613986282104216,1
U0095,30,Mid,Ads,8.99,0,1,Stable,8.211864188649178,Series,0.7886440762951266,1,3.4976966849653577,5.555559817404318,3.0600916985626316,25.055199099046884,0
U0096,18,High,Standard,19.99,1,0,Declining,4.372486109468744,Movies,0.24492070953195194,1,2.4484223651453427,4.581763374680474,1.0,15.849360818227112,0
U0097,38,High,Premium,26.99,1,1,Declining,5.2842960250600814,Series,0.8425707477568413,0,0.8078628599805908,9.832835248242333,1.0,29.55450013513552,1
U0098,38,Mid,Standard,19.99,0,0,Declining,2.3837568460550274,Series,0.7460821590166011,1,1.7961470686097518,2.9401049203400724,3.0953369224215272,2.9363362868363367,1
U0099,35,Mid,Premium,26.99,0,0,Increasing,6.7386676243271655,Movies,0.4767394294926556,0,2.036312341013396,5.0891508376456605,1.0915353503684124,11.573123895799387,1
U0100,32,Mid,Standard,19.99,1,1,Stable,10.106558375384985,Movies,0.32555121368230144,0,1.6419145769685537,6.266197026653379,1.0,25.954160318349043,0
U0101,18,Mid,Standard,19.99,1,1,Increasing,9.160543957739002,Movies,0.43409017032769315,0,0.5218255194296967,3.5545744234445964,3.5373755472474446,24.978855888506516,1
U0102,29,Low,Premium,26.99,1,0,Stable,8.86017160958273,Movies,0.0,0,0.5,9.356505373582852,1.5619807413181235,25.199361668630942,1
U0103,30,Low,Premium,26.99,1,1,Stable,7.4640261768160565,Movies,0.6134178808444102,0,1.3125272755664519,9.39757628905274,3.414732517324338,34.91090525385779,1
U0104,25,Mid,Standard,19.99,0,0,Stable,9.62856368605905,Series,0.0,0,1.608244187394091,3.7831646738885016,1.2847289938105866,0.0,1
U0105,33,Low,Ads,8.99,0,1,Increasing,3.0034874022023406,Movies,0.26157538119481694,0,0.9609761782768009,4.3163836107238,1.0,2.946659191898725,0
U0106,39,Low,Standard,19.99,0,1,Declining,4.623564831961987,Movies,0.030857889361193158,1,1.2918978504257832,9.793625787568544,1.8783560340518957,24.735064402874777,1
U0107,57,Mid,Ads,8.99,0,0,Stable,10.289563292432778,Series,0.4998297717536953,0,0.7374141325438461,8.290541564434355,1.0,27.760946100025574,0
U0108,37,Low,Standard,19.99,1,1,Stable,8.912346871121288,Series,0.5851765455175789,1,3.2874506583846266,4.761306546430593,2.6042536911939793,25.86111439577981,1
U0109,38,Mid,Standard,19.99,0,0,Increasing,12.976116776370574,Movies,0.11064129321675767,0,1.548485006016292,6.362871588218391,2.8761561796919985,50.5043181514669,1
U0110,34,Mid,Premium,26.99,1,1,Increasing,8.979706219030527,Series,0.045104551472151755,0,1.8000410316892081,2.726543278644117,3.1297071833595806,7.009512137525721,1
U0111,18,High,Premium,26.99,1,0,Stable,5.925787169173233,Series,0.6414131448282115,1,2.998995990581321,9.893476534031144,1.8883812375397702,22.43048614108497,0
U0112,34,Mid,Standard,19.99,1,1,Declining,2.9456710806241433,Movies,0.7672879564055791,0,0.9869968961228224,5.645723104289476,3.5803370555887977,17.14932037843945,1
U0113,35,Low,Ads,8.99,1,0,Declining,2.8061438166769794,Movies,0.2797439666299986,1,2.0761789998278415,6.671172805095721,1.272320967632517,25.456578522508476,1
U0114,64,Mid,Premium,26.99,0,0,Increasing,11.421181686625557,Movies,0.54186619124516,0,1.2159973072058923,3.629908135637275,2.334101690609656,22.50988363501272,1
U0115,32,High,Ads,8.99,1,0,Stable,8.026422100841703,Movies,0.6508769675113772,0,1.5083424178740354,3.2278184114024033,2.061641520851219,11.788767508999713,0
U0116,38,High,Standard,19.99,0,0,Declining,4.86685310133928,Movies,0.0,0,1.8447524217147135,6.40218256996483,4.172626102194499,22.653619333971108,0
U0117,34,Mid,Ads,8.99,0,0,Increasing,10.524571964555042,Movies,0.25854496970433577,1,3.421928871432888,9.33259814954025,3.407796582145901,19.001627731393867,0
U0118,20,Low,Standard,19.99,1,0,Declining,5.284903518104121,Series,0.3447228776622397,0,1.707151084867599,4.4190431206656955,2.232156317210737,19.538347635129647,0
U0119,48,High,Premium,26.99,0,0,Stable,8.924435402798967,Series,0.43874459240436714,1,2.7929515050080225,3.541794063033982,2.398445411272256,31.605376900879197,0
U0120,44,Low,Ads,8.99,1,1,Stable,8.90537350981634,Series,0.9404023402293258,0,2.263315443330541,6.110261760456599,3.7355775067363775,47.768180321266506,0
U0121,44,Mid,Standard,19.99,1,1,Declining,2.868251799030315,Series,0.6447358972848384,0,1.1974706187806479,8.774386068610008,1.4484129271089188,0.0,1
U0122,24,Mid,Ads,8.99,1,0,Stable,7.54729197493958,Series,0.7577647202090347,1,3.0134017795330856,4.22282221167962,1.0,33.46609679454353,0
U0123,51,Low,Premium,26.99,0,0,Declining,1.6622664996118357,Series,0.5912201788072429,0,1.5891412550632762,5.000214263353691,1.232348167088682,25.709687881555638,0
U0124,18,Low,Premium,26.99,1,0,Stable,7.266041476181193,Series,0.35788947085289124,1,2.6689712303842366,7.174248662432071,1.7855021461126388,9.099910316746053,1
U0125,42,Low,Ads,8.99,0,0,Stable,8.20860855940317,Movies,0.48562313944374114,1,2.171283245435603,7.388830964024539,3.560761009191927,13.64904392331746,0
U0126,61,Mid,Ads,8.99,1,0,Declining,2.3725613104136785,Movies,0.6005150742885643,0,0.6028836960669303,4.93111246958021,3.2357740121422545,28.584754033667444,0
U0127,23,High,Standard,19.99,0,0,Increasing,7.750611793617503,Series,0.6634748432337314,1,2.5069005856241664,7.693292466399814,2.1561396894941964,18.60642815459958,1
U0128,28,Low,Ads,8.99,1,1,Stable,7.019052754439604,Movies,0.4478248723519869,0,1.474541801031886,6.557536707069593,2.666580287724071,17.412043852977682,0
U0129,36,High,Standard,19.99,0,0,Declining,5.467829832746779,Movies,0.10303972272664308,0,1.0122784632949675,5.532382256169866,1.4910962460268045,9.760144285320747,1
U0130,28,Low,Ads,8.99,0,0,Declining,4.4427925935503305,Movies,0.4913727266298452,1,2.241959096026994,7.30491283795701,4.288529918330076,8.89086966813808,0
U0131,18,Mid,Ads,8.99,0,0,Declining,2.655423695190656,Series,0.8692027645852698,1,1.7708639254557335,7.029209571556618,3.4130835022352937,6.411652918755905,1
U0132,35,Low,Standard,19.99,0,1,Increasing,8.837978394242224,Movies,0.4309170948542907,0,0.8632945009288785,3.4059745153873675,2.253550559183377,11.881038684207097,1
U0133,22,High,Ads,8.99,1,0,Declining,1.6955128661180439,Movies,0.0,0,1.059518293354606,8.4670244948055,2.126394678153328,16.457798541681843,1
U0134,40,Mid,Premium,26.99,0,0,Stable,6.5347171266357105,Movies,0.6771259001550562,0,0.635780876222863,6.190798931994889,2.901507183505039,22.25348764200631,0
U0135,23,Mid,Ads,8.99,0,0,Increasing,7.675879158909211,Series,0.41103522127124714,1,1.9499131057854182,8.251227211180916,2.1428254439123613,8.123520265410718,0
U0136,53,High,Ads,8.99,0,0,Stable,6.7314686531211585,Movies,0.4275573653779823,0,1.656867303086538,5.603587343925966,1.0,27.066205389012133,0
U0137,25,Mid,Premium,26.99,0,0,Stable,5.881356045048634,Movies,0.5405952537121836,1,3.173670750400034,5.9952786634903905,3.7332634124018966,7.104985558407893,0
U0138,31,High,Standard,19.99,0,1,Increasing,4.476957485531399,Series,0.8159236644101988,1,3.545262686835221,6.297773313614966,3.3686387666957307,27.226742019813933,0
U0139,44,Mid,Standard,19.99,1,1,Stable,6.267313358820975,Series,0.23998863764403083,0,1.099933311748564,6.593699010765491,2.572004133296067,7.607872874066047,0
U0140,20,High,Ads,8.99,0,0,Declining,6.861640250074638,Series,0.6234434512145876,0,1.900053411980839,8.556398832555693,1.7803944205189488,42.20501801825665,1
U0141,37,Mid,Standard,19.99,0,0,Stable,9.52292160797761,Series,0.6102043221765218,1,2.5017043563562837,6.432882759695901,2.209817142374235,25.779842552632598,0
U0142,50,Low,Standard,19.99,0,1,Increasing,16.3180028361578,Movies,0.6378056375453023,1,2.157587552277426,5.444021648438322,1.0,28.092321579968488,1
U0143,18,Mid,Ads,8.99,0,0,Stable,10.383300816795328,Series,0.6917447084821259,1,2.5413218384013576,7.519066133454951,1.092609837180146,15.935976376671281,0
U0144,37,Low,Premium,26.99,0,1,Stable,4.606124146663792,Movies,0.639623532208992,0,1.8510628540506906,6.36083796613914,3.9670983211806408,25.285373913419697,0
U0145,38,Mid,Standard,19.99,0,0,Increasing,7.774687196182022,Series,0.7079835199770307,1,2.001019355200101,10.0,2.717269601289855,2.974101232410497,1
U0146,44,Mid,Standard,19.99,1,1,Stable,6.954428730324446,Movies,0.3351667590877565,0,1.0393398258808366,6.082835841690386,1.0,6.2873633948176,0
U0147,20,Mid,Standard,19.99,0,0,Declining,4.8288803315326,Movies,0.3887718843076319,0,1.0951099845603576,7.9753289989321505,1.372278951386581,14.311799390969874,0
U0148,19,Low,Standard,19.99,0,0,Declining,5.1390666597924515,Movies,0.6547193834204925,1,1.923935571464625,7.264164275067219,1.0,36.21473600546659,1
U0149,41,Low,Ads,8.99,0,0,Stable,11.815182843095117,Movies,0.09061363289975016,1,3.0193295088740335,1.4002034375331398,1.4195413167816155,30.0788486457472,1
U0150,38,Mid,Standard,19.99,1,0,Declining,2.8358969084152053,Series,0.7811909020241065,0,0.9180753974603779,4.0264234421616845,2.0348364781112984,0.0,0
U0151,38,High,Ads,8.99,1,0,Increasing,6.859406591357104,Series,0.47447680175584256,1,1.947430912216996,4.621151176381066,3.8016048466031807,6.167212942562106,0
U0152,39,Mid,Standard,19.99,0,0,Stable,10.287651860178187,Series,0.4315041831502593,0,1.4556015508036704,2.500697231714386,2.985110058761603,16.95851604850403,1
U0153,26,Mid,Standard,19.99,1,0,Stable,5.768037313830296,Movies,0.5546852733232346,1,2.4381954819070186,4.709486147708758,1.8978540240160027,33.07595350468605,0
U0154,37,Mid,Standard,19.99,0,0,Stable,7.787161300671432,Movies,0.17338254899780123,0,1.0950749791506271,2.757629204036767,1.946977847893151,20.930268327885628,1
U0155,38,Mid,Premium,26.99,0,0,Stable,9.069314739736416,Series,0.6754149433850649,1,3.3101728034457008,3.2816701259122665,1.3994668133969492,0.0,1
U0156,26,Low,Ads,8.99,0,0,Stable,7.9729980334640596,Series,0.502211715568047,1,1.9216185123858385,5.983164419165144,3.2903197268407256,3.9281448250207234,0
U0157,57,Mid,Standard,19.99,0,0,Declining,5.383531266204985,Movies,0.0,0,1.214457021364352,9.338795994231834,3.409542407510421,26.640827073366204,1
U0158,40,Low,Standard,19.99,0,0,Stable,8.877221539387968,Series,0.6955431960208698,0,0.5,2.7755794307782344,1.0,20.449167961827555,0
U0159,20,High,Standard,19.99,0,0,Increasing,6.320794330485089,Series,0.6252642545913579,0,1.147501148080546,3.069031135610653,1.0,19.61903819420518,0
U0160,42,Low,Standard,19.99,0,0,Stable,6.007273741007998,Movies,0.0,0,0.6385217204574617,4.434521220549666,1.8814835335111049,31.343712124843194,0
U0161,23,Mid,Ads,8.99,0,0,Stable,8.071275176930328,Movies,0.21028209169222759,1,1.750240967925305,5.205646342309597,2.004087869771836,13.845954208306166,1
U0162,44,Low,Standard,19.99,0,0,Declining,0.861121481571498,Movies,0.0,0,0.5,2.4157326984621785,2.4586653913604346,26.385616507613513,1
U0163,48,Low,Ads,8.99,0,1,Increasing,13.249751470034077,Series,0.7463379774592827,0,0.8537478368877576,4.101830117286735,1.0,37.70213469879085,0
U0164,25,Mid,Premium,26.99,1,0,Increasing,9.910177125593343,Movies,0.6275986405420193,0,1.262469389962204,3.9170986986918646,1.4843825209213741,20.693273438471422,1
U0165,46,Low,Ads,8.99,0,1,Stable,7.3060635055623,Movies,0.5198981210092372,0,1.1779091141938516,6.136725381822971,2.11759719658009,7.267468340541345,1
U0166,39,Low,Premium,26.99,1,1,Stable,3.7389742447178853,Series,0.7978260313600183,1,2.0511367768839834,6.3512574274064235,1.4211989030127739,12.881905674567063,0
U0167,44,Mid,Standard,19.99,1,0,Stable,4.426781749200524,Movies,0.24643391886663712,1,2.1050577503106194,5.194477862625883,3.057860940193789,7.161180651947944,1
U0168,57,Low,Ads,8.99,0,1,Stable,6.202832671398276,Series,0.7093856022220748,0,1.0475047936946937,4.744470818716959,4.0685327452877935,0.0,0
U0169,32,Low,Standard,19.99,0,0,Increasing,11.422289550886797,Movies,0.3481862739715679,0,1.2826982351203517,4.08059965069479,1.6613596052444297,8.513413979495258,0
U0170,25,High,Premium,26.99,0,0,Declining,0.8467679756028295,Series,0.6370629032177639,1,2.2338641640252956,5.603156164036869,3.0891989989248287,25.62604253658785,1
U0171,24,Mid,Premium,26.99,0,1,Stable,8.576729601554712,Series,0.7914862920909045,0,1.4374902610933253,3.547828510672918,1.842826511891905,18.11276484515043,0
U0172,25,High,Ads,8.99,0,0,Declining,4.279937351783267,Series,0.8350974841294472,1,2.1794226497212397,8.594476009389966,1.2698284694825008,34.306465534302276,0
U0173,34,High,Ads,8.99,0,0,Stable,6.553153054516696,Movies,0.2720487220722968,0,1.083170153221931,2.504196454823613,1.4877590912594856,19.727083854035097,0
U0174,39,Mid,Ads,8.99,0,0,Stable,7.507185883381613,Movies,0.06847103772899021,0,1.68911115846871,4.187392444299116,2.9686287772914204,28.603373181346058,1
U0175,38,Low,Ads,8.99,1,1,Declining,5.538634475692823,Series,0.5625190930614288,1,2.661724087660222,7.236402907965179,1.5583760843594785,0.0,1
U0176,44,Mid,Standard,19.99,0,1,Stable,5.575142820126805,Movies,0.3061453429372231,0,1.2837871541288688,4.7027253723717015,1.7539430130550169,12.736460234618653,1
U0177,35,High,Premium,26.99,1,1,Declining,6.2498201769376855,Series,0.6569195760028312,1,3.017062054859946,6.843946443404239,1.0561678462294386,14.772573874641104,1
U0178,52,Mid,Standard,19.99,0,0,Stable,2.361203720207123,Series,0.7665991836928245,0,1.3413244961220498,8.934387685259843,2.833929109402459,8.094650848574224,1
U0179,31,Mid,Standard,19.99,1,0,Declining,4.09916222686469,Series,0.2170836069031885,0,1.2194136779646687,7.166205870574954,2.658160021271865,36.30896924332089,1
U0180,67,Low,Standard,19.99,0,1,Stable,7.307363526353808,Movies,0.2158172897617048,0,1.2657042552725466,3.095949668309743,3.655027607651572,0.0,1
U0181,42,High,Standard,19.99,0,0,Stable,6.310101369571051,Series,0.40722236213651186,1,2.3990703779755522,3.19154353623219,2.7963010981929113,16.63343821896388,0
U0182,24,Mid,Ads,8.99,1,1,Increasing,3.519269088102055,Series,0.8501787577383582,1,1.7496799623280794,5.12519917992897,2.6129086697629615,31.590128093588056,0
U0183,22,High,Standard,19.99,1,1,Increasing,11.274082136281413,Series,0.5583258213295225,1,1.175823245058706,6.386095595240985,2.783280463609702,27.160293055295906,0
U0184,40,Low,Premium,26.99,0,0,Declining,2.5032243757458956,Series,0.49742328608764236,0,1.44073556909141,7.912271119994605,1.94406411222168,13.442280168847965,0
U0185,32,Low,Standard,19.99,0,1,Declining,4.864971984943421,Movies,0.45766033848931553,0,1.7170179057483175,3.9300264948057837,2.3101157020552936,7.1997633941199926,1
U0186,43,Low,Ads,8.99,1,0,Stable,7.306069194135246,Series,0.48139872981679543,1,1.699424936654725,4.530191836479924,3.1311916744997994,31.09201282031823,0
U0187,40,Mid,Ads,8.99,1,1,Stable,7.039654307530734,Series,0.5969610446406302,0,1.8365363835117492,4.99869978574669,1.3797837704735088,11.74676814140832,1
U0188,34,Low,Ads,8.99,0,1,Declining,7.33802185172763,Movies,0.7128142400224052,1,1.3121264992035093,4.958568551966649,3.901681514453734,8.033785192598302,0
U0189,24,Low,Standard,19.99,0,1,Declining,4.893474880012627,Movies,0.7072580647773288,0,1.0206058636306925,8.491290410156811,2.8379838728311038,30.000972642466287,1
U0190,18,High,Standard,19.99,1,1,Stable,7.85491080939388,Movies,0.26852313538743616,0,2.1530079111087463,5.291905984005855,4.221162878082682,21.688541534964163,1
U0191,29,Low,Ads,8.99,0,0,Increasing,8.832287900546277,Series,0.5635276395680845,1,2.513561891522715,5.806106320179128,1.0245446832063014,13.775749292033709,0
U0192,45,High,Premium,26.99,1,0,Increasing,10.838868252498823,Series,0.4761942998538389,1,2.1185134745696983,7.322966604913287,1.024420798136093,21.902605248487536,1
U0193,37,Mid,Standard,19.99,0,0,Declining,7.786990594095046,Movies,0.0,0,1.4261429176491143,8.682175767545482,2.572012215100594,23.34158917103639,1
U0194,20,High,Standard,19.99,1,0,Stable,7.2750836589443875,Series,0.8072378690193436,0,1.8981715996253796,5.4296082380166855,2.323561473237167,17.355036148502137,0
U0195,37,Mid,Premium,26.99,1,1,Declining,6.563700715165999,Series,1.0,1,1.432904046582682,8.018382722177742,1.7429413154752822,19.84471250716173,0
U0196,39,High,Ads,8.99,1,1,Stable,9.910657869764394,Series,0.5113101124698454,0,1.958929875139345,9.15554154119298,1.0,0.0,1
U0197,24,High,Premium,26.99,0,0,Stable,9.714368493948543,Series,0.43664125454214564,0,1.0549817344524102,5.279320585244087,1.9322494647265602,16.73279381260145,1
U0198,36,Low,Ads,8.99,0,0,Stable,6.229421192777579,Series,0.5454306407319987,1,2.725030955777766,4.372723071066082,2.4171254400039555,10.324780950162303,0
U0199,35,Low,Standard,19.99,0,1,Stable,9.072864711490334,Series,0.617009209565717,1,1.9314658644700624,9.874134569536437,1.0,8.407945886125242,0
U0200,21,Low,Premium,26.99,1,0,Declining,5.497542320094386,Movies,0.12289397795862389,0,2.1418616607776584,7.742164298702568,1.7896208797958446,9.783860448280718,0
U0201,39,Mid,Premium,26.99,1,1,Stable,9.234459995467827,Series,0.5083043078031737,1,2.281302198100346,5.5249814937681325,2.582435287634225,12.040326231667514,1
U0202,41,High,Standard,19.99,0,0,Increasing,10.70590375068885,Series,0.8029794507876037,1,1.5027099508562984,6.799923259417005,2.987697091284126,14.434282822610024,0
U0203,47,Mid,Standard,19.99,1,1,Declining,5.551336152072376,Movies,0.3754761268934543,0,1.5350382124775461,3.410047650494616,1.9137648174900856,19.992824006190332,0
U0204,47,Mid,Standard,19.99,1,0,Stable,7.8679441606927085,Movies,0.6040772056257959,0,1.9506149908968748,7.718837639854477,1.3989484331198625,9.197641160855724,1
U0205,18,Low,Premium,26.99,0,0,Stable,7.510475912077863,Movies,0.4229535705723003,0,1.894131587686184,1.8999392143369276,2.3152168672030125,24.21703467592011,1
U0206,23,High,Ads,8.99,0,0,Stable,7.58866609027302,Movies,0.13221654624541623,0,1.346750185090899,7.64128427967974,1.9932347474186538,26.830378433671846,1
U0207,41,High,Premium,26.99,1,0,Increasing,8.523502918254273,Series,0.48479720465604814,0,1.7060376617783226,4.056578263819078,1.0,26.70728564088626,0
U0208,41,Low,Standard,19.99,0,1,Stable,6.496551318784966,Series,0.6496824127108963,0,1.0892159604801224,2.192242799935889,1.749490495837325,29.221609967897194,0
U0209,41,Mid,Standard,19.99,1,0,Stable,10.526349858745338,Movies,0.12548214480777845,0,1.5955188272755065,1.4972504578273842,1.6102183116488145,11.179720382521959,0
U0210,75,Low,Standard,19.99,0,0,Stable,7.955055822222368,Movies,0.09953605341787863,0,1.4814064580641388,4.547694840937424,2.222782962533981,14.751616989695117,0
U0211,41,Mid,Standard,19.99,1,0,Increasing,7.280085233305801,Series,0.3615598893268549,1,0.5628403880785846,6.922227651549917,1.4662835097808133,20.95919898645697,1
U0212,48,Mid,Premium,26.99,0,1,Stable,6.445165137140712,Movies,0.45316087756276313,1,1.6996366952712423,2.7202162770825216,1.6515575734977155,12.900621384568861,1
U0213,46,Low,Standard,19.99,0,1,Increasing,12.168775360343854,Movies,0.2767519969154924,0,1.4039223005492374,3.0288548211153707,2.0178231230856345,4.09806036600661,1
U0214,42,Mid,Premium,26.99,0,0,Declining,3.527626579822761,Movies,0.5864883262185895,1,2.39899683905381,4.511559036962671,2.838389300501682,11.971682280783885,0
U0215,31,Low,Ads,8.99,0,1,Stable,4.0359446363779785,Movies,0.17071592341067265,0,1.2854612544870094,7.11510602897115,2.292810656815984,37.616290999633414,0
U0216,44,Mid,Standard,19.99,0,0,Stable,4.1831017187959105,Movies,0.0,1,2.353624771185381,7.36505897169307,4.8648954861737685,9.082053822987008,1
U0217,25,Mid,Premium,26.99,0,0,Declining,1.5420487995904244,Movies,0.32385897623935694,1,3.024600592052029,5.779740531404099,1.0,8.47505514430289,0
U0218,32,Low,Standard,19.99,1,1,Declining,2.402370283471084,Series,0.9295110060787641,1,2.5124733311890086,7.466739266981817,3.1116861404451948,11.436949758243541,0
U0219,29,Mid,Standard,19.99,1,1,Stable,4.638268120398379,Movies,0.3569138833897212,1,0.900424290596705,6.875221470822151,2.121920432302727,24.683024246996247,1
U0220,35,Mid,Standard,19.99,0,0,Stable,9.770474759216278,Movies,0.07558135137342609,1,3.4686257854845435,4.666025408466288,1.0,22.176160930521313,0
U0221,62,Mid,Premium,26.99,1,1,Increasing,8.861462362022195,Series,0.27514468075865073,1,1.1560723376093474,7.31902422117774,1.8216043394285215,26.47486001927655,1
U0222,18,Low,Premium,26.99,0,1,Stable,6.273472921726565,Series,0.839580382784698,1,2.874885575425234,2.931645027282932,1.0,48.39038124339959,0
U0223,43,Mid,Ads,8.99,1,0,Declining,2.1131738739628525,Movies,0.1885126457116177,0,0.5178405807543167,6.4729727964202315,2.2826467752460595,27.852629118309522,0
U0224,18,High,Premium,26.99,1,1,Stable,6.71374720505732,Movies,0.658359065531306,1,3.1540639861218924,3.1679712212484934,1.8950114361121293,28.79402852154209,1
U0225,29,Low,Standard,19.99,0,0,Declining,1.525343874871615,Series,0.7308186897702567,1,2.1332005723501095,5.785601078778003,1.5148463573003272,52.31583475216183,1
U0226,48,Low,Ads,8.99,1,1,Stable,6.26116565742727,Series,0.44608625711906297,1,2.530566533669656,7.937135401059616,1.139875350993758,23.874726084442067,0
U0227,35,Low,Premium,26.99,1,1,Stable,11.12898877968735,Movies,0.5834273688623282,0,0.5,5.926396359830304,3.2167029512665852,13.297332396550802,1
U0228,22,Mid,Standard,19.99,0,0,Increasing,10.991410736119095,Movies,0.1652205693473462,0,1.6647815826465702,5.47484470051532,2.040297995340628,14.365595738557204,1
U0229,26,Low,Premium,26.99,1,1,Stable,6.580403679290939,Series,0.31053257751100033,1,2.549781327246002,5.952062198995007,2.4094997595430603,30.681569542094543,1
U0230,43,Mid,Ads,8.99,1,0,Increasing,11.094370816219069,Series,0.4266509213311109,1,2.6703939600743904,6.82661898416879,2.3768675019666703,2.9785984217683428,0
U0231,26,Mid,Ads,8.99,0,0,Stable,5.956913643744864,Movies,0.5037473303180438,0,1.7748083118024138,9.768004037317139,2.308069877766651,0.0,1
U0232,37,Mid,Standard,19.99,1,1,Stable,5.398644514241624,Movies,0.5775933978002673,1,2.4071053216991807,6.804881340853953,1.8734528471263663,8.14721769352326,1
U0233,35,Mid,Ads,8.99,1,1,Stable,10.408259259065684,Movies,0.2707945474264177,0,1.194645964985832,4.494972341935464,3.717613268850555,27.838297056186654,1
U0234,27,Mid,Standard,19.99,0,1,Stable,4.715450692159453,Movies,0.0,0,0.8945465767002093,5.082694093953764,4.436321394046596,25.11271499047873,1
U0235,60,Mid,Ads,8.99,0,0,Declining,4.291757528645299,Series,0.2886467077743887,1,2.03413147371385,3.697746766381589,3.6478994749792513,16.080088937376225,1
U0236,42,Low,Standard,19.99,0,1,Increasing,9.91809984709053,Movies,0.1364708856281273,0,1.9032473097609923,3.021523704978309,2.2214461001654127,30.83026304901854,1
U0237,18,Low,Ads,8.99,1,0,Stable,5.127531588485104,Series,0.34120062414997515,0,0.8811051880507423,1.0,2.152509018010974,25.29954851834211,0
U0238,37,High,Ads,8.99,1,1,Declining,6.30120990726282,Movies,0.40308607521291323,0,0.5,4.576795816890399,3.292757526901659,22.12770031262361,1
U0239,27,Low,Standard,19.99,0,0,Increasing,8.080216426073243,Movies,0.7376231689448902,1,1.7074802439607493,2.691124772266868,1.442368680584589,17.792754204182494,1
U0240,45,Mid,Ads,8.99,1,0,Declining,6.3278206551337135,Movies,0.5091553148051176,1,2.6636256078146214,5.694106656169728,3.9103145784130984,28.756222476982224,0
U0241,25,High,Standard,19.99,1,1,Increasing,10.757952539251555,Series,0.37435383100185204,1,2.11828865383754,4.481050497225593,2.991422537524123,27.063712157382167,0
U0242,33,Low,Premium,26.99,1,1,Stable,6.51397573874834,Series,0.4611248468666889,0,1.6022468281543227,3.3289564933532247,1.9202684099673686,14.723328255565502,1
U0243,41,Mid,Standard,19.99,0,0,Stable,10.42131734518197,Series,0.5001418641402385,1,1.0997233517411689,1.292989206979727,2.4819046602221917,27.760935056278008,0
U0244,45,Mid,Premium,26.99,0,0,Stable,5.669328393133117,Series,0.6778428333986172,0,0.5,4.801322425242747,2.8268841034966115,10.155358688801812,1
U0245,20,High,Ads,8.99,1,0,Stable,9.697740941097475,Movies,0.6642509471704019,0,1.4320542848532487,1.9952319228682986,1.7724779259637924,20.81854778146384,1
U0246,30,High,Ads,8.99,0,0,Declining,7.349866485256081,Series,0.5065199241098292,1,2.902815732040999,6.912323696570231,3.2343659186663745,22.80485205171585,1
U0247,29,Mid,Premium,26.99,1,1,Declining,8.54176441532088,Movies,0.6577554582136378,0,0.5,6.009795138856651,3.472829124158158,13.979748913591022,1
U0248,27,Low,Standard,19.99,1,1,Declining,5.348112078686041,Series,1.0,1,2.6156259316038954,5.046403178894893,1.937360995279936,19.60927278268387,1
U0249,56,Mid,Standard,19.99,0,0,Increasing,6.634242864216031,Movies,0.28001862674225486,0,1.8951317867893551,8.401494519310656,1.7243493186233534,25.29648839508915,0
U0250,39,Mid,Standard,19.99,1,1,Declining,9.153593170659093,Movies,0.2748710757877384,0,1.2978082290445647,5.519653024484377,2.0945890426841856,5.010801686835572,1
U0251,19,Mid,Standard,19.99,0,0,Stable,6.3305970640472715,Series,0.5278761265217766,1,2.840654503601722,6.272164316996501,1.0431712951111807,20.20797764459203,0
U0252,46,Low,Ads,8.99,0,0,Increasing,6.559372281883393,Movies,0.3624979971375773,0,1.39520381707569,6.874928904380088,1.0,44.57702007165428,1
U0253,60,Low,Standard,19.99,0,1,Increasing,8.430639762285562,Series,0.5283641806436348,1,2.1422393748358664,4.466235296597065,1.7667364928108262,8.083984310245338,1
U0254,47,Mid,Standard,19.99,0,0,Declining,3.036618567685845,Series,0.7768354922778611,0,1.7105077705044394,4.47741844650201,1.2400459042646033,30.3596357973248,1
U0255,18,Mid,Standard,19.99,0,0,Increasing,10.578446475370038,Movies,0.04023374392144358,0,2.2563987927912414,5.582893840279172,3.970718252531446,16.85223121764389,0
U0256,29,Low,Premium,26.99,1,1,Declining,3.788663236482975,Movies,0.24307558094077758,0,1.021079428891055,2.8069499007543706,1.743791388375148,32.19589855098839,1
U0257,50,Mid,Ads,8.99,1,0,Stable,6.425031660190256,Series,0.6658349346144471,0,1.2561341664918837,9.07062769166731,2.6557071019577174,9.318699782398777,0
U0258,26,High,Ads,8.99,0,0,Stable,8.935557723329925,Series,0.7740169014321023,0,0.8046572726033745,5.821556290617162,1.571792100255415,18.072802455799707,0
U0259,40,Mid,Premium,26.99,1,0,Declining,6.247386420352383,Movies,0.7890570127361481,0,1.3776067722230672,5.098116978469509,3.9822353936577337,44.530556304193844,1
U0260,44,Low,Standard,19.99,0,0,Declining,5.031169145139318,Series,0.34219495447381176,0,1.2218003152747916,9.67105394474514,2.0060943220903398,15.921558746651494,0
U0261,23,Low,Standard,19.99,0,0,Stable,7.341747057493964,Series,0.46959151716254877,1,2.9950711660221128,3.2970148710034897,1.0,25.60103756416794,0
U0262,34,Low,Ads,8.99,1,0,Stable,7.024510861263083,Series,0.14671868535453253,0,2.0098740843324396,8.572301447477884,2.87025408483433,25.13429946355202,1
U0263,18,High,Ads,8.99,1,0,Increasing,7.706534800747907,Series,0.3780261985294271,1,2.7727912719722454,7.1265875995619865,2.4594428752515385,0.0,1
U0264,22,Mid,Standard,19.99,1,0,Stable,6.994946678304426,Movies,0.0,0,1.8233821721906938,7.734058976725597,3.4030674123988938,23.354740328477767,0
U0265,31,Mid,Standard,19.99,0,1,Increasing,10.47252487647883,Series,0.4957405209871343,1,1.8770982699927488,5.148900250799159,2.0458837711850086,3.1496363479201577,0
U0266,20,Mid,Premium,26.99,1,0,Stable,6.747675742042321,Movies,0.30432688147167375,1,1.7270408491398799,5.611730642888651,2.307876749888368,25.594828316758544,1
U0267,54,Mid,Premium,26.99,1,0,Increasing,10.259302890690822,Movies,0.4438908479675123,0,1.5184086878622582,4.813413363847847,1.0,19.412573100864517,1
U0268,18,High,Premium,26.99,1,1,Stable,5.326662443153905,Series,0.5402800939360156,0,1.310010128630643,7.49268441626118,3.035486948833798,4.618350963070956,1
U0269,29,Mid,Standard,19.99,0,0,Increasing,7.188319046562885,Movies,0.4439874160824308,1,3.499513328790589,6.283471379287321,2.2627132927980274,3.7145653012987445,0
U0270,36,Low,Standard,19.99,0,0,Declining,3.5313589934520495,Series,0.6228148334187885,0,0.5,4.383029678717584,2.075801891359185,17.126912144186324,1
U0271,52,Low,Standard,19.99,1,1,Stable,5.8697372564151875,Series,0.3933353588499633,1,2.6717484837223715,4.474883319409052,1.970709053118107,47.77233175541369,1
U0272,18,Mid,Ads,8.99,1,0,Declining,7.574362093412182,Movies,0.012745258831824369,0,1.601525392574471,5.47037405328286,1.9177209462927547,37.479833650662776,1
U0273,48,High,Ads,8.99,0,0,Declining,6.452077586220721,Movies,0.4667363999792131,0,0.9190211018751272,4.83543311404657,3.0490199508739835,22.314519187611523,1
U0274,35,Low,Standard,19.99,0,1,Stable,4.8461537626313085,Series,0.9293005970029014,1,1.719453700998104,8.383545712517511,1.2744109597785398,24.183817287046853,1
U0275,23,High,Premium,26.99,0,0,Stable,7.87499659281691,Movies,0.8570770023364032,0,1.1303690808805495,7.116430033869466,2.943493616978383,25.219470246215643,0
U0276,40,Mid,Ads,8.99,0,1,Declining,4.21883537470286,Series,0.7870909402469242,1,1.3150932708514307,7.112223859405919,1.0,11.58659668845616,1
U0277,37,Low,Ads,8.99,0,1,Stable,5.635230829056869,Movies,0.6415030423888124,1,3.1743996824810665,5.967834396946104,1.0,9.688547856141927,1
U0278,27,Low,Premium,26.99,0,0,Stable,4.028521068554986,Series,0.692291940807787,0,2.6503644733402694,3.8469883768812894,3.6107281357932446,28.212831705224353,0
U0279,35,Low,Ads,8.99,0,0,Declining,6.943837387640489,Movies,0.41040187711804227,0,1.12935783581489,6.892215107340231,1.1771189837301423,10.779620384395743,0
U0280,30,Mid,Standard,19.99,0,0,Stable,4.272273700665723,Movies,0.37220020475830556,0,0.9803524104002133,1.303634829411724,2.3057942900419404,35.286627381318496,1
U0281,36,Low,Ads,8.99,0,1,Stable,6.896073643980251,Movies,0.32883807119582714,1,1.5134849897227372,5.848110400488068,1.931995146833612,1.7606178840284663,0
U0282,42,Mid,Ads,8.99,0,0,Declining,3.1073775085502624,Movies,0.47141531108582696,0,0.7519316222415697,3.8757621344951936,2.5441737285903816,7.18102039757521,1
U0283,54,Mid,Premium,26.99,0,0,Stable,8.55168789413985,Series,0.49588058372705524,0,1.0052777891651148,3.721766279126914,2.251399174900729,34.987966363164,0
U0284,20,Mid,Ads,8.99,1,1,Stable,6.331296347372099,Series,0.5705115096825616,0,1.9043839704238175,4.573331688461763,3.243009891231602,14.557770292173311,0
U0285,60,Low,Standard,19.99,0,1,Increasing,8.596612033438966,Movies,0.11440674340712223,0,2.896503642708154,5.332126288663481,1.0,16.528820006870458,1
U0286,18,Mid,Ads,8.99,1,1,Declining,4.798531474139934,Movies,0.4449853338129818,0,0.9385870179374403,5.453168755734352,2.870931121410389,25.745181860132192,0
U0287,33,Mid,Ads,8.99,0,1,Increasing,9.90771100480735,Series,0.4081804917706997,0,0.8489733013508695,7.080476305562243,2.1486965262675657,31.90526710979598,1
U0288,42,Mid,Ads,8.99,1,1,Declining,5.026009527966619,Series,0.6067489980960425,0,0.7160033950437791,5.15223043986982,1.0,25.317342186160694,0
U0289,38,High,Ads,8.99,0,0,Stable,6.913453622077768,Series,0.7000982187284761,1,2.5704736574454983,5.296532929332481,1.6700988701196808,21.447163868912284,0
U0290,27,Low,Ads,8.99,0,1,Declining,3.963196049490444,Movies,0.46717828627396263,0,1.4721104559189753,2.7087744075268825,1.0,27.608056123888804,1
U0291,32,High,Standard,19.99,0,1,Increasing,4.275811879973721,Series,0.7543017075630869,1,2.3605554813884817,2.9692237576074008,1.0,22.909744405352075,1
U0292,29,Mid,Standard,19.99,1,0,Stable,4.762898080916289,Series,0.5573416949703888,0,1.077848141465561,6.074138087424887,1.763364302622744,31.021381077114867,0
U0293,27,Mid,Ads,8.99,0,0,Declining,6.436959477361291,Movies,0.4472127558779375,0,1.9796023495818458,6.761336762798242,3.38633730338274,52.28283944364654,0
U0294,45,Mid,Standard,19.99,0,1,Declining,4.388361073347404,Series,0.5026749473775591,1,2.758556617584668,4.979056249606196,2.512622353900803,24.0640258402793,1
U0295,39,Mid,Premium,26.99,0,1,Declining,3.6719804445550404,Series,0.20582525739795532,0,1.6604319099243836,7.365915932298744,3.4993782552200354,7.681871161864386,0
U0296,26,Low,Premium,26.99,1,0,Declining,2.18854371116391,Series,0.706061854748312,1,2.5221431761974964,2.684216158181078,2.275951105332214,30.46495486638389,0
U0297,45,Mid,Standard,19.99,0,0,Stable,3.5607057198192957,Series,0.6596976213728284,1,2.1863667065480406,6.297077445594143,3.7497674530287055,16.24511428092751,0
U0298,38,Mid,Premium,26.99,0,0,Stable,5.593586239743603,Series,0.8026647005798272,1,1.8708990415185993,3.7964447882211028,3.6465947773398573,22.045737208342636,1
U0299,44,Mid,Ads,8.99,0,0,Increasing,11.664158562135771,Movies,0.34494225742567974,0,1.5599525077717649,3.6384996629501245,1.2500021218994548,22.39999886780963,0
U0300,42,Low,Standard,19.99,0,1,Increasing,7.328789419133045,Movies,0.02936732685651766,0,1.511581328802297,3.97016815183038,2.2710006557034963,11.02049104315621,0
U0301,25,High,Standard,19.99,1,1,Stable,7.800971050482895,Series,0.5816738431271554,1,2.640314681971291,5.338468862241895,1.477571947556319,13.550320452326437,0
U0302,28,Mid,Standard,19.99,0,0,Declining,3.7938803412040842,Series,0.7773161129479456,1,1.36133960910146,6.3777938590475785,2.0551819913786202,0.0,1
U0303,43,Low,Standard,19.99,0,0,Stable,8.277733392057698,Series,0.6952069617592854,1,2.503566885782596,6.225958418030696,3.858212243212149,16.782837774818077,0
U0304,42,Mid,Standard,19.99,1,1,Stable,6.2964983963826615,Series,0.5706510854210328,1,2.114799891595193,4.919035632124954,1.558386931083509,24.729605052872504,1
U0305,34,Mid,Premium,26.99,1,0,Stable,4.536231508899007,Series,0.26728815441736337,1,1.772841676237844,6.7645346848461365,1.0138414315355895,18.175613544348018,0
U0306,36,Mid,Premium,26.99,0,0,Stable,6.462093864201113,Series,0.3947966090192154,1,2.7370561665319935,8.87348278670002,1.0799974256728124,12.479712968632523,1
U0307,50,Mid,Standard,19.99,1,1,Increasing,14.502001254841222,Series,0.6954477723702736,1,2.40636223417933,5.26117759709792,1.804532431364338,22.525271921017602,0
U0308,27,High,Standard,19.99,0,0,Increasing,14.369652946652565,Series,0.26696856958514414,0,2.4770616931968883,5.689591547522087,5.0,6.689882200247945,0
U0309,41,Low,Ads,8.99,0,1,Declining,5.97306660555873,Movies,0.2863510170486329,0,1.542241080549676,4.27654004337282,3.6728223057094986,5.3044442339822595,1
U0310,32,Mid,Ads,8.99,1,0,Declining,4.725882369172595,Series,0.6076844357952844,0,1.1513896860419457,4.7160829184654105,1.0,24.31004500700236,1
U0311,32,High,Standard,19.99,1,0,Increasing,9.91170540628525,Movies,0.5799874311680122,1,2.235028698533661,7.996694530697894,2.164195322500353,24.970743871384666,0
U0312,48,High,Standard,19.99,0,0,Increasing,9.95055701619987,Movies,0.4728981102261083,0,0.7140493651835931,8.017316436846334,1.57104105639496,24.13262730178885,1
U0313,44,Mid,Ads,8.99,0,1,Declining,4.920226495265797,Movies,0.5425622465647928,0,1.9154240892598546,5.097865041858268,3.1863226884752347,14.39365613047767,1
U0314,44,High,Premium,26.99,0,0,Stable,7.881888039845234,Series,0.6603706648065218,1,2.488991171423573,6.480503332175483,1.0209967394391315,31.123117363223656,0
U0315,50,Low,Standard,19.99,0,1,Stable,7.416453724307127,Movies,0.18091780355770148,0,1.4660648401465726,7.340914574718162,1.1635621132561316,4.514957644995027,1
U0316,35,High,Standard,19.99,0,0,Stable,6.368055229271373,Movies,0.22726790641829062,0,0.7678907679051626,4.606965922497886,1.6285137617027257,14.435939353812795,1
U0317,43,Low,Ads,8.99,0,0,Declining,2.609486401232714,Movies,0.1634680721517442,1,2.767400709655176,2.8881834976109957,1.5082936396316708,26.973714100036453,0
U0318,31,Low,Ads,8.99,1,1,Increasing,7.619822273339503,Movies,0.46815616838524104,0,0.8323010157832686,6.878617899516044,2.8515446617795535,28.315103422659103,1
U0319,38,Low,Premium,26.99,1,0,Stable,8.599037698147194,Movies,0.21121555621548843,0,1.0230452444132465,7.292775232259756,1.8654488646934575,8.731393709137489,0
U0320,33,Mid,Standard,19.99,0,0,Declining,4.937075551009271,Movies,0.2711999373943033,1,2.375262740157961,6.998557600284531,3.2032472533242693,43.71115377151904,1
U0321,36,Low,Premium,26.99,0,1,Stable,7.60057378317501,Movies,0.35449824763736965,1,1.9514327192227698,4.7517023517812405,1.3896563906268495,16.433856728547976,1
U0322,42,Low,Premium,26.99,0,1,Stable,6.433968944591175,Series,0.9282624893162559,1,1.8246018136846525,8.546221742818005,3.065758753055153,19.053843201614576,1
U0323,25,Low,Standard,19.99,0,0,Increasing,5.8212074849681255,Series,0.7314267815886462,1,2.269918820940758,6.06852951690692,1.0429508702247963,29.73745276074081,0
U0324,60,Low,Ads,8.99,0,0,Declining,4.522740570256354,Movies,0.19542931507977812,0,1.8050034018670318,3.204820863505981,2.8147536482221858,36.62322901409513,0
U0325,22,Mid,Premium,26.99,1,1,Increasing,5.932632297751946,Series,0.6303695314465786,1,2.8370457579937174,2.3078250811392196,1.7001148933654973,18.738418400647873,0
U0326,20,Mid,Premium,26.99,0,0,Declining,2.8274216527928973,Series,0.9302623520991676,0,1.6537077741387778,4.90561156809036,3.091635412244745,32.079188827338335,1
U0327,48,Low,Standard,19.99,1,1,Stable,9.411273217738819,Series,0.7230358656857883,1,2.591743900134683,5.9496230602051225,1.0,12.526044272752117,1
U0328,44,Mid,Standard,19.99,1,0,Stable,6.159827990131567,Series,0.2803495281001879,1,2.0146615644551815,4.924107633868565,1.4167438672761388,38.021180090626586,1
U0329,42,High,Standard,19.99,0,0,Stable,5.517030549079933,Movies,0.16695211427244708,0,1.860436291396311,9.487124797678856,3.3683250014392314,18.46317905226399,1
U0330,42,Mid,Standard,19.99,0,1,Stable,10.235919368761811,Series,0.40161289949937595,0,0.5,6.3079670524894675,1.9981566499671384,21.773181161693845,1
U0331,34,Low,Standard,19.99,1,0,Increasing,11.444955106212724,Movies,0.6381459650719936,1,2.5602735629826485,3.5537025274250853,1.0,13.838705916254114,0
U0332,24,Mid,Premium,26.99,1,0,Stable,6.256981548996324,Movies,0.6012562471727312,0,1.720647492057827,1.0,1.4930121099975953,20.591850038319027,0
U0333,35,Low,Standard,19.99,1,1,Stable,7.855272651104737,Movies,0.22499260444287697,0,1.2548542155494105,5.970028098399652,2.5835845555016137,9.23580378184792,0
U0334,26,Low,Ads,8.99,0,1,Declining,4.528423363478595,Series,0.4706839560385341,1,1.8666249411483997,7.47790817938831,1.3890879932728306,17.25059091493388,1
U0335,46,Low,Ads,8.99,0,1,Declining,3.6146406414408006,Series,0.6089383565324566,0,1.2814704886401438,9.227534417259655,3.361052529126609,18.205509719825113,1
U0336,33,High,Ads,8.99,0,0,Declining,5.949382448970009,Movies,0.364933809218692,0,0.9212024846426045,5.095176507431133,3.2851007829136574,5.328891958054408,0
U0337,25,Low,Ads,8.99,1,0,Increasing,8.02709434403939,Series,0.4075348141354005,0,1.557130328841572,8.943998209516318,2.8677144145929545,11.145861040486064,0
U0338,31,Low,Premium,26.99,1,1,Stable,7.150996017998806,Series,0.5501738650202913,0,1.772866828996487,2.7821447215633683,3.230840399254909,0.0,1
U0339,39,Low,Ads,8.99,1,1,Increasing,12.064089704699015,Movies,0.05927934602935808,0,1.5233448909843277,4.812183908027822,1.6848194712476117,3.1119809231215587,1
U0340,28,High,Ads,8.99,0,1,Declining,6.822426207590754,Movies,0.6044641409822071,0,1.4935677751613223,3.471205091685774,3.687123271855202,17.831284519963386,0
U0341,25,Mid,Ads,8.99,1,1,Stable,5.899813416287847,Series,0.24793389743366406,1,2.7561905340853925,7.08420181750153,3.2756306268511364,29.51386702234587,0
U0342,37,Low,Standard,19.99,0,1,Declining,5.972063204574172,Movies,0.0,0,1.7379446532944598,2.8978452402963555,2.0711226696671075,13.71600152917021,0
U0343,37,Mid,Standard,19.99,0,0,Stable,4.7442875077084885,Series,0.687007890902386,0,0.91086314523975,6.303499249169257,1.0,17.63320748797965,1
U0344,28,Mid,Ads,8.99,0,0,Stable,7.90082832263141,Series,0.35262475243318914,1,1.3772040340235199,3.016341257137758,1.0,31.940323184764623,0
U0345,29,Mid,Ads,8.99,1,0,Declining,5.296990611602212,Movies,0.249807008373092,1,2.466731994352403,9.015563106102759,3.189670435813025,27.998711225574798,1
U0346,37,Low,Ads,8.99,1,0,Stable,7.757958724726861,Movies,0.3626345722205232,0,1.762192848880384,4.751487924946418,1.0,27.82493749001567,0
U0347,18,High,Standard,19.99,0,0,Declining,4.405110490711535,Movies,0.4850601659733674,0,0.5095507758277784,6.25593169830492,1.2786979748774145,19.43061228524049,0
U0348,18,Low,Ads,8.99,1,1,Stable,11.16814254730498,Series,0.5557835764102251,0,1.3344160381748473,1.922454754535289,2.6770816658879086,12.118501475531309,1
U0349,26,Mid,Premium,26.99,0,0,Stable,5.197400584759372,Movies,0.7058343594559588,0,1.8641678398639754,2.5103955698256235,1.0,22.749139261539256,1
U0350,32,Low,Standard,19.99,0,1,Stable,8.943103421936923,Series,0.5999122022680181,0,1.2417709519150124,3.9532070589695048,4.634334985043971,33.39023700036689,0
U0351,38,Mid,Ads,8.99,0,0,Increasing,5.904905040695005,Movies,0.5881589416517485,0,2.0605671473698424,7.201036255538446,2.4374486387582763,39.689384441032985,0
U0352,52,Mid,Standard,19.99,0,1,Stable,8.008688349258643,Movies,0.40571115607329866,0,1.9669194620726658,6.8181809723871085,3.6780929924207406,46.8718248699568,1
U0353,45,Mid,Ads,8.99,0,0,Stable,8.151579954503566,Series,1.0,0,1.2086437266213608,7.670779922199886,3.242587068434996,36.356376959275615,0
U0354,33,Low,Standard,19.99,0,1,Increasing,9.164927614686857,Series,0.8116727007848377,1,2.079356177850647,2.4805383536311583,1.0,18.52430441527941,1
U0355,34,Mid,Ads,8.99,1,0,Stable,6.009351178912592,Series,0.6086939550945226,0,1.1253320016683763,6.513738746542649,2.9444551035462574,3.570890306722518,1
U0356,22,Low,Standard,19.99,0,0,Declining,5.282269781490598,Movies,0.47576614338149614,0,1.3674274645129543,4.380205064464978,2.1838639114344396,25.223871974570955,0
U0357,34,Mid,Standard,19.99,1,1,Increasing,9.801031000290523,Movies,0.2978368288938136,0,0.7132482687087018,3.883791327035349,2.1375312632040906,31.15904372913975,1
U0358,31,High,Premium,26.99,0,0,Declining,8.579872972612565,Series,0.5458200323289765,1,1.4849773612575508,4.425544671755574,2.1746004359236437,0.0,1
U0359,38,Mid,Ads,8.99,1,1,Declining,3.2553194293994077,Series,0.3393178343928829,1,0.9371031409021253,5.26706441186587,3.254714287389837,0.250726625434762,1
U0360,25,Mid,Ads,8.99,1,0,Declining,3.8881730073719964,Series,0.4383476795065743,0,1.2894235133937235,6.822088831935463,3.8453693782708713,12.518056323258477,1
U0361,41,Mid,Standard,19.99,1,1,Declining,5.569471114138673,Movies,0.7621942770311443,1,3.5233309610931367,7.745610601777757,1.0078784571465247,8.77324851643375,1
U0362,53,Mid,Premium,26.99,0,1,Declining,4.487892419209496,Movies,0.10919372574428407,0,0.5,6.542144256682111,2.2773026764664257,0.0,0
U0363,33,High,Premium,26.99,1,1,Declining,4.7999179245388,Series,0.4689014574432723,1,2.1895022735154335,6.766541472441731,3.6019241640575075,22.560578247860303,1
U0364,39,Low,Ads,8.99,0,0,Stable,9.140703670727522,Series,0.5812562646081795,0,1.1928962995878312,9.146099095959213,1.9925886636091656,32.89427355327204,0
U0365,43,Mid,Ads,8.99,1,1,Declining,0.0,Series,0.5879181410494859,0,1.223966874737875,6.894146183213123,2.4029809608411052,15.73911873207356,1
U0366,30,Mid,Standard,19.99,0,1,Declining,3.8041013099643775,Series,0.6767451639461921,1,3.054080749638015,5.07233033701514,2.417285355242018,0.0,1
U0367,37,Mid,Ads,8.99,0,1,Stable,3.5152615474975013,Movies,0.25617585837718737,0,0.8557985621283453,6.662209469636146,4.314770443312786,20.475423284801238,1
U0368,35,Low,Ads,8.99,0,1,Declining,2.608367126191859,Series,0.6890752733992674,1,1.1322480841996185,8.915291808456898,2.9483595725575182,4.680383802178373,1
U0369,36,Mid,Ads,8.99,1,0,Declining,9.80924898414494,Series,0.8284770882293451,0,1.0328584742520603,3.7592786693935274,4.2706202712419,5.896555228396199,1
U0370,25,High,Standard,19.99,0,0,Stable,8.196336267905512,Movies,0.6033264687963,0,0.9660828319758263,4.638126083313327,3.943597925993224,29.516850708863593,0
U0371,35,High,Premium,26.99,1,0,Stable,8.903129850116208,Movies,0.29649763987263195,1,0.9614521951755381,8.400255498698568,1.9729583635965913,32.402618295746684,0
U0372,40,Mid,Premium,26.99,1,1,Stable,6.838940700427138,Series,0.7222686857805929,1,2.447292037702112,4.919054165138997,2.5007813390947518,14.528489092198262,0
U0373,52,Mid,Standard,19.99,1,1,Stable,8.51742764966382,Movies,0.12077327557176223,1,1.5883924236756197,7.028579350348906,4.252155416509727,26.773296609758585,0
U0374,46,High,Standard,19.99,0,1,Stable,3.4668709849595016,Series,0.4556567909455339,1,2.2501402910661183,8.078174513995972,1.0582711609928053,5.108909787925313,0
U0375,60,Low,Premium,26.99,1,0,Stable,9.076596823539202,Series,0.3652533202618915,1,2.0822959647090986,2.9883590420545842,2.9611123699415214,24.349017546136057,0
U0376,25,Low,Ads,8.99,0,1,Increasing,6.5404676443203,Series,0.5908510622480698,1,1.655590417166191,4.683154778419186,2.9711749813688924,13.393508977707677,0
U0377,45,Mid,Standard,19.99,0,1,Stable,5.937368361348174,Series,0.4281561447280111,0,1.7453135880950916,7.909378568078704,1.9235988794553611,2.093158012140247,1
U0378,37,High,Standard,19.99,1,1,Stable,8.010302140909305,Series,0.29586128823904106,1,2.1311240577550956,5.247146801984418,1.8195729069304174,7.11432262042632,1
U0379,61,High,Ads,8.99,1,0,Declining,5.6328935171644305,Movies,0.27279895548376987,1,2.3325629402173265,1.4628150161127733,1.956790521504632,22.920676332662747,0
U0380,25,Mid,Standard,19.99,1,1,Stable,7.169240096787098,Series,0.25428324484380954,0,1.5932031282513892,4.480060453915764,2.9024468738757077,0.23277157619046207,1
U0381,24,Low,Ads,8.99,0,1,Declining,2.2738076928393625,Movies,0.6154386207292284,0,1.4442508228580715,7.088924909690863,3.6729643913233154,14.619928637429101,1
U0382,27,Mid,Standard,19.99,0,0,Stable,7.1996273376432836,Movies,0.2384953877513452,1,2.3870000675499066,8.052986199211558,2.939014140955409,30.820812674338704,1
U0383,18,Low,Ads,8.99,0,1,Stable,8.921122706966457,Series,0.7970632147276258,0,0.887904018155613,5.6016905972296085,1.0,12.086091184579786,1
U0384,28,Low,Ads,8.99,0,1,Stable,5.935025807800412,Movies,0.2515865019930056,1,1.632652840607392,6.467563216619995,3.705854178073091,0.0,1
U0385,25,Mid,Ads,8.99,0,0,Increasing,12.944811136020888,Movies,0.11101243480987982,1,2.3947085069535063,4.761879747594726,3.392927359560084,14.676020661378168,1
U0386,36,Low,Premium,26.99,0,1,Increasing,6.381924192257972,Movies,0.5851047942711838,1,1.7228506936416776,7.306368427076652,1.9543984617308179,26.131833154545717,1
U0387,39,High,Standard,19.99,1,1,Declining,5.013095783436747,Series,0.6177407166215476,1,2.7766646653956366,8.350391114419653,1.5455233446444256,2.427919470885236,0
U0388,57,Mid,Standard,19.99,1,0,Declining,8.070655466753227,Movies,0.7273818571824593,1,2.222276155308724,7.036399800508962,1.2918193016572799,32.24475722225503,1
U0389,46,Mid,Standard,19.99,1,1,Increasing,6.955800261901171,Movies,0.2566954147533569,0,1.6243060124919384,5.263666506974532,3.274337165526628,27.159986263696634,1
U0390,28,Low,Standard,19.99,1,1,Stable,9.107970966754149,Series,0.5110139400867134,1,1.7085367182368323,6.368222130482966,1.0,22.20140199561289,1
U0391,24,Low,Ads,8.99,0,0,Stable,10.949304724443618,Series,0.8009581684438218,1,1.6152811214034952,7.404975802274233,3.2988702374959518,24.9280036512011,0
U0392,40,Low,Standard,19.99,0,0,Stable,7.3420881378483,Movies,0.5523505300998091,1,3.307323873500862,5.555403375758367,1.7486702940101393,19.526042640221434,0
U0393,19,High,Ads,8.99,1,0,Stable,5.945966025233386,Series,0.6306860773029304,1,2.2103187833587317,7.101058032321369,2.4849055649108593,22.011274608821125,1
U0394,56,High,Ads,8.99,0,0,Increasing,6.681783591149929,Movies,1.0,0,1.7566081293568074,6.240617955127541,1.0,18.857515268979455,1
U0395,49,Mid,Standard,19.99,0,1,Stable,9.60920540669465,Movies,0.29388784153592973,0,0.5940397957128789,8.338715606025419,1.0,28.595069436127105,0
U0396,29,Low,Ads,8.99,0,0,Stable,9.553388398679298,Series,0.34610735260619646,0,1.1584858627848158,6.9002752921253,1.5206297570746508,33.51453521038664,1
U0397,18,High,Ads,8.99,0,0,Stable,9.898618245737351,Movies,0.1494889918838569,0,1.9511804424509995,4.502885206320363,1.2876072867270305,8.150049973398191,0
U0398,51,Low,Standard,19.99,1,0,Increasing,8.90148494803216,Series,0.5450521021281546,0,0.5176885768589929,8.308988019762456,2.9584242554795566,9.578014066917337,0
U0399,33,Low,Standard,19.99,1,1,Stable,9.07561388305421,Series,0.9037550010983302,1,3.6651892636585934,6.420110384487634,2.503201404963059,13.304691727165881,0
U0400,49,Mid,Standard,19.99,1,1,Stable,6.9023212177478594,Movies,0.31273122757066396,1,2.4215232702806335,5.220528122414393,4.134063440426797,10.694660120299888,0
U0401,18,High,Standard,19.99,0,0,Increasing,6.350834635174923,Series,0.9132104196732276,1,1.8086390895336486,2.791992614014849,2.71333085133494,31.60579905029084,0
U0402,27,Low,Standard,19.99,0,0,Stable,9.248353570224706,Movies,0.43688502307562493,0,1.4759743632053004,5.962757858116338,1.5499187367152472,0.004634763743840864,1
U0403,35,Low,Standard,19.99,1,1,Stable,10.26774055655641,Movies,0.5666738592721032,0,1.8545678511864279,9.169777788819129,3.423346548470082,24.512461538885752,0
U0404,35,High,Ads,8.99,0,0,Stable,4.958796054437361,Series,0.6774337253253608,1,1.8046637453620915,1.0,1.7369365318764654,34.64040210120645,0
U0405,29,Low,Ads,8.99,0,1,Stable,4.921138074198661,Movies,0.42584960132438743,0,0.9589855815789994,1.0,1.6795118010708774,11.055146234795226,1
U0406,42,Low,Standard,19.99,1,1,Declining,5.079963868460249,Series,0.750542120221215,0,1.4245650257411173,7.034678705555837,2.2021229474584363,35.664753679542486,1
U0407,22,Mid,Ads,8.99,1,1,Stable,8.912257211482,Movies,0.2366583035828509,1,2.5778124788004333,5.972344618795605,3.8191921645547007,31.888010050469568,1
U0408,33,High,Premium,26.99,1,1,Stable,4.7323616124920935,Series,0.48885729109050247,1,2.1809374673660478,6.844767431662726,3.251050679949533,13.80914385166696,1
U0409,36,Mid,Premium,26.99,0,0,Stable,7.454031473911812,Series,0.6699093972329189,0,1.501169865078361,4.447228143115186,3.219879838962976,27.82552474782988,0
U0410,41,High,Ads,8.99,0,1,Stable,5.819146091880496,Movies,0.7382222951012045,1,2.8121295339818086,1.2164453294006394,4.160512635691916,8.080593082435264,1
U0411,43,Mid,Ads,8.99,1,1,Stable,8.401658199650004,Series,0.29184935494660397,1,2.40398464189165,3.836029996828641,3.196178666531106,4.779169089819922,0
U0412,21,Low,Ads,8.99,0,1,Increasing,6.606339535512329,Series,0.1941628761119945,0,0.954262409913744,8.620010603450645,1.0,12.434537105520665,0
U0413,18,High,Ads,8.99,1,1,Declining,6.543606000548358,Series,0.5472512327542775,1,2.2874378307578196,4.59682153294435,2.7383228085305023,34.20371887329097,1
U0414,50,Mid,Ads,8.99,0,0,Declining,4.683570378364584,Movies,0.5561694160987489,0,2.1781197901484655,4.614142660440804,3.82315816340481,12.50032602532985,1
U0415,38,Low,Standard,19.99,1,1,Stable,5.125718952637914,Series,0.6102752171360362,0,1.4665351082904892,1.0,1.0,18.500107569029623,0
U0416,26,Mid,Premium,26.99,1,1,Stable,7.127379910853777,Series,0.36613403063699096,1,3.044141421964945,1.8910400307092665,2.184629820093269,5.947487368564776,1
U0417,53,Low,Standard,19.99,0,0,Stable,3.1240533710232947,Series,0.6158186993732776,1,1.991396713929972,7.720334327827258,1.1321486286332934,28.399826709668197,0
U0418,36,Low,Ads,8.99,0,1,Declining,3.8818108557901203,Series,0.25340535742336817,0,1.431320485106439,4.9811438900592675,2.3284698854252595,27.977519271266157,1
U0419,49,Low,Standard,19.99,1,1,Stable,7.674802140649323,Series,0.725783412174835,0,1.697157521225773,7.4824037713110485,3.335235574688861,9.54840632035318,1
U0420,35,Mid,Standard,19.99,1,1,Stable,3.4564904419362095,Series,0.5381783967093816,1,3.198654607238845,3.9926012568739155,3.5427363319465295,0.0,0
U0421,59,High,Premium,26.99,0,1,Stable,1.8577262937891774,Series,0.5835935000909139,1,3.0365532378436955,2.5644359240206693,2.0158131990502666,13.659266732788552,0
U0422,56,Mid,Premium,26.99,1,0,Stable,2.3212653603736655,Series,0.6854370941022284,0,0.740366348442284,4.978152838229652,2.8613878428127246,23.310384539396605,1
U0423,32,High,Premium,26.99,0,0,Stable,9.65425711100074,Movies,0.3911377834752218,1,2.991111425514081,4.354093761734404,1.0,17.841657756452353,0
U0424,46,Low,Standard,19.99,0,1,Stable,6.846481974474541,Movies,0.24174808525377772,1,3.3116001468880576,3.83381964776812,1.0,18.96576850640784,1
U0425,42,Low,Standard,19.99,0,0,Stable,5.935069211985626,Series,0.8067225675292942,1,1.95506331029803,3.885981233431539,3.3195953365722444,22.194332759554108,0
U0426,51,Low,Ads,8.99,1,1,Stable,8.890309471333659,Series,0.7593865129278107,0,0.8527665101308117,5.230123794737394,1.0,11.868528083217544,1
U0427,23,Low,Standard,19.99,0,1,Increasing,7.786650952592667,Series,0.24514316155514704,1,2.285339230062801,4.516862743076253,1.5126740986078464,2.9361145755002376,1
U0428,43,Low,Ads,8.99,0,1,Increasing,9.805385699600196,Series,0.5539514657054803,0,1.3897488515415282,3.6354633456755256,2.8769069176447406,26.868059344693144,0
U0429,47,Mid,Standard,19.99,1,1,Stable,7.051510701846525,Series,0.3839426412607445,1,2.0899585030951338,9.10942874656659,2.4206214525138567,7.381209659105924,1
U0430,18,High,Standard,19.99,0,1,Declining,4.058001158494044,Movies,0.0963883801609155,1,1.5879591065734604,6.415910049663798,1.0,3.5805889862475926,1
U0431,20,High,Ads,8.99,0,1,Declining,5.588291767778212,Movies,0.4570267247023238,0,2.036203007039089,5.816965508230402,2.7256581166236167,24.00077668605203,1
U0432,18,Low,Ads,8.99,0,0,Stable,8.546522442840288,Movies,0.2661477438669519,1,1.7840235824387087,5.3669091959303366,1.3387113164600448,4.730230762910399,1
U0433,31,High,Ads,8.99,1,1,Stable,6.630186765966024,Movies,0.32144567021071796,0,1.0465362127991265,6.831229332991036,2.3208154707171382,8.181755298260375,1
U0434,43,Low,Ads,8.99,0,1,Stable,6.078888853690771,Series,0.4660630132445879,1,2.365475271659217,6.563646866726913,1.5760004627319817,36.96693675994513,0
U0435,53,Low,Ads,8.99,1,1,Stable,6.314975184001094,Series,0.6740350905639655,0,0.5637599514532872,3.4314416898064426,1.5078124877341668,37.06276016610755,0
U0436,35,High,Ads,8.99,1,0,Stable,2.4041749344285366,Movies,0.4856693770638063,0,0.5255529491521015,2.435459749745067,1.0,32.295194992540345,1
U0437,54,Mid,Ads,8.99,1,0,Increasing,9.849178639526736,Movies,0.784050972595265,0,1.0841571500342182,1.0,1.8409714986432482,27.112394770441057,0
U0438,18,Low,Ads,8.99,1,1,Stable,4.581777422022897,Movies,0.31380514710036966,0,1.7128150923045442,9.083862223089225,3.436188766884433,31.87677584436375,1
U0439,18,Mid,Premium,26.99,0,0,Declining,6.259437448237848,Movies,0.06031650504489766,0,1.3940017565241969,4.609380122895882,1.7773639374374115,41.551252303503375,0
U0440,34,Low,Ads,8.99,0,1,Stable,6.819151798649412,Series,0.49922126191369637,1,1.0643624242875447,6.684119076336659,1.822809470353971,31.129580112999207,0
U0441,39,Mid,Ads,8.99,1,0,Stable,7.210242193060881,Movies,0.5194119842763313,0,1.9947417537581793,5.904122537644568,1.49549120137408,21.01534073605342,1
U0442,34,Mid,Standard,19.99,1,1,Increasing,11.100987511818607,Movies,0.19547096197393832,1,2.778445621023144,7.3251174766565645,1.0,28.47538790455797,1
U0443,18,High,Premium,26.99,0,0,Stable,5.146952467318131,Series,0.30357448010900384,0,1.3955069127304613,5.370924273768598,1.2022175345728519,12.420702297635327,1
U0444,33,Low,Standard,19.99,0,1,Stable,7.738496886701914,Movies,0.19963646274238595,0,1.3820970328056463,2.8440618611415167,2.421578474801729,19.75584792924637,1
U0445,19,Mid,Ads,8.99,0,0,Stable,7.535242105125329,Series,0.4933268164501371,1,2.704049736450957,3.4257663600007464,4.659247123087438,20.289532200561336,0
U0446,43,Mid,Standard,19.99,0,1,Stable,6.630438334714413,Series,0.3834660904070687,0,2.463159428920137,4.79848355799276,3.175538968093572,16.343002182778285,1
U0447,39,Mid,Standard,19.99,0,1,Stable,5.143627598472924,Movies,0.3934953028232875,0,1.7402620991536806,2.3294598423747415,2.820038336021515,14.221876181246595,1
U0448,23,Low,Standard,19.99,0,0,Declining,6.190476728110328,Series,0.584195543758656,1,2.4777005359238515,3.7913452448165135,4.191496006737132,33.45434083723454,1
U0449,28,Mid,Standard,19.99,0,0,Stable,8.406909088838631,Series,0.7579410481637594,1,1.5637393921471077,3.10235514627297,2.6679283421391538,6.56426991980042,0
U0450,22,High,Premium,26.99,0,0,Declining,5.227204051955768,Movies,0.2608280330148821,0,1.382259516031066,4.84262646610022,3.2746279149991357,19.773283236830462,0
U0451,34,High,Premium,26.99,0,0,Stable,4.85939516857071,Movies,0.4616129537137003,0,1.6866560870765623,4.507935604660341,2.413924970049001,2.5280526560244088,1
U0452,46,High,Standard,19.99,1,1,Stable,5.945101934149092,Series,0.5015458411952668,0,1.2424079381270656,5.738963505709204,2.6520223170345,0.0,0
U0453,23,High,Standard,19.99,1,0,Declining,4.879334555159867,Movies,0.12407752763825278,0,1.038607245563425,7.208934688712465,1.0,32.34221458110581,1
U0454,41,Mid,Standard,19.99,1,1,Stable,8.376989099964186,Movies,0.2413961729508134,1,2.63218747054188,5.014769628413649,1.8900297246943463,33.43043473694595,1
U0455,28,High,Premium,26.99,0,0,Stable,3.8330211977737667,Movies,0.02634656218994047,1,1.707165458869476,2.4951803211751513,1.638076312648435,12.17511619451947,1
U0456,25,Low,Ads,8.99,0,1,Stable,5.872393071391246,Movies,0.7076431279965958,1,2.8207782124481433,1.4033252443815645,1.5850353239226207,18.607588796785915,0
U0457,33,Mid,Premium,26.99,1,1,Declining,4.194654880115595,Series,0.6284999495572005,1,2.038661937468356,5.824635618950997,1.5263402769907635,14.528477124089457,1
U0458,22,Low,Ads,8.99,1,0,Stable,6.833556841193941,Series,0.4409186219339074,1,1.0265221739567791,4.169000936143141,3.6310104949224558,14.541065153898955,1
U0459,28,Mid,Standard,19.99,0,1,Declining,2.3973494319503064,Series,0.5244711675435879,1,2.0271476206941856,5.185277222272231,1.831458472593568,12.14363603268629,0
U0460,20,Low,Premium,26.99,0,1,Declining,4.564934443253334,Movies,0.0,0,1.2714376260711664,6.159082310304406,2.055541107993105,23.520921078897768,0
U0461,58,High,Ads,8.99,0,0,Stable,6.379032871374821,Series,0.8868706450143635,0,1.5762469291697994,8.386354027663081,4.46474019493396,13.42607489504133,0
U0462,35,Low,Standard,19.99,0,0,Declining,2.924816257020687,Series,0.8673096088428467,1,2.562230719160628,2.004989026214833,2.9754579814771307,22.98015406953583,0
U0463,26,Low,Ads,8.99,0,0,Increasing,8.646097247493948,Series,0.6215083808320193,0,0.6547747175867392,3.475084749094544,2.2079606826171436,38.012510698104755,0
U0464,37,Mid,Standard,19.99,1,1,Declining,3.9176618064289963,Movies,0.41389245921268125,0,1.36104701625673,5.329531412097804,3.258389439580874,22.674681224888012,0
U0465,33,Low,Ads,8.99,0,1,Stable,7.991172285019415,Series,0.3464646446148679,0,1.0329974800758697,3.219612829466494,1.5308882954073177,19.497594234885952,0
U0466,32,Low,Standard,19.99,1,1,Increasing,6.344017316986984,Series,0.3610060209478965,1,2.0838672386598867,2.5218880639688908,1.7753412252859688,11.14220003957277,1
U0467,42,Low,Standard,19.99,1,1,Increasing,9.269502366385366,Movies,0.010540770162453528,0,0.8008839522529263,8.119154737364445,1.83833766904361,17.827345612878524,0
U0468,44,Mid,Premium,26.99,1,0,Stable,5.383222325541464,Series,0.5677863828452818,0,1.2745464981920354,3.4040859189779065,2.4495550562064543,0.0,1
U0469,28,Mid,Premium,26.99,1,1,Increasing,7.200737285523562,Series,0.8122070809731865,1,4.0,2.8816295576866544,2.666713585890224,36.476077038177216,1
U0470,28,Mid,Ads,8.99,1,1,Increasing,9.891874883116216,Movies,0.27335707425953093,0,2.2282211577919027,3.2037010236382724,1.2507856610198713,6.503332768866546,0
U0471,31,Mid,Standard,19.99,0,0,Declining,5.469435465684311,Series,0.6695391660355234,1,1.7007765884866812,7.671987590159278,2.6069886349575,0.0,1
U0472,18,Mid,Ads,8.99,1,1,Stable,6.16595563484328,Movies,0.5457667789787132,0,1.3329721680020037,4.109236699902327,2.8044539198908183,16.74540539135741,1
U0473,18,Low,Ads,8.99,1,1,Declining,4.461178763334664,Series,0.2751798644043923,1,2.111608637936553,2.7287678915377023,1.7323000595966893,22.250647114306563,1
U0474,51,Low,Ads,8.99,0,1,Stable,4.092787109780952,Series,0.9691130850758553,1,2.3852159941794566,3.819676198300529,2.0344725866025457,33.894067931786225,1
U0475,54,Mid,Premium,26.99,1,1,Stable,9.8055286211614,Series,0.8314640774862535,1,2.8497854639020757,5.403658676248978,1.0630490607048608,20.937482182757975,1
U0476,32,Low,Premium,26.99,1,1,Declining,6.374912795756057,Series,0.7027785435520852,0,1.23533877378613,7.283541991212552,1.0,29.10586251290748,0
U0477,41,Low,Ads,8.99,1,1,Stable,8.302896101742213,Series,0.7848189061072145,1,1.8726613552029105,7.115536958452299,1.0528783455367237,29.157988004071562,0
U0478,38,Mid,Ads,8.99,0,0,Declining,1.8099355660875696,Series,0.7942152606550139,0,1.8782420275593172,3.9444619880891167,2.920636971405568,27.983752484887106,0
U0479,71,Mid,Ads,8.99,0,0,Increasing,7.21353002253214,Series,0.6585279773179624,1,1.5595806485266097,4.43775174732453,2.7230190290854495,4.396330282310171,1
U0480,48,Low,Standard,19.99,0,1,Declining,4.330907942152755,Movies,0.6356555905785138,1,2.4135823151722646,9.705768141958178,4.127544264929958,24.131267415590912,0
U0481,33,Low,Standard,19.99,0,1,Stable,3.1378770159319753,Movies,0.2594679302765092,0,0.5569484752142793,7.491369060962999,2.2382765092701806,1.3795388573426024,1
U0482,23,High,Ads,8.99,0,0,Declining,6.779900192152173,Series,0.6923622410390796,0,0.7869634203130658,4.996439618136802,2.25170993402227,41.932728622444344,1
U0483,18,High,Standard,19.99,0,1,Declining,7.907768977096272,Movies,0.6143285602500119,0,1.6723943916821058,1.0,2.5371442026810986,26.371791400191693,0
U0484,37,Mid,Ads,8.99,1,0,Stable,11.123869912007228,Series,0.06176004878815777,1,1.8923651389700287,4.582342683195696,1.1330406074734158,10.502461459057473,1
U0485,25,Mid,Premium,26.99,0,0,Declining,2.908232344964527,Series,0.6875926691948315,0,0.5,2.846761275721526,3.103404875093937,22.510254222885557,0
U0486,18,Mid,Standard,19.99,0,0,Stable,7.234646993668547,Movies,0.49492099568867093,1,1.8663857260452525,3.774637228437884,2.582084611267946,5.873238718188778,1
U0487,27,High,Standard,19.99,0,0,Increasing,12.968454807451264,Movies,0.008311726823111432,0,0.8851145146937744,3.569336356454063,1.2526397710341568,0.0,1
U0488,22,High,Standard,19.99,0,0,Declining,4.492763042106092,Series,0.6563640172033167,0,0.6688171136504502,5.037583674365848,2.5716730175504363,28.521370365404763,1
U0489,55,Low,Premium,26.99,0,1,Increasing,7.299036258471967,Series,0.4412588039280722,1,2.6300520284452586,5.639519233134754,2.9584624667506483,6.229753139679193,0
U0490,45,High,Ads,8.99,0,0,Declining,1.2679646529110182,Movies,0.4293612563182473,0,0.5265936592190181,4.036838316829375,1.0,15.827826350584813,0
U0491,34,Low,Ads,8.99,0,1,Declining,7.265244915543498,Series,0.5810001407178498,0,1.0060312590616964,2.9445873794918938,3.2573044125909147,20.466610366475514,1
U0492,52,Low,Premium,26.99,0,0,Declining,4.96147848785327,Series,0.41073436616594133,1,2.380044703258153,5.142137465432182,1.7497576901249456,15.810958472923389,1
U0493,35,Mid,Ads,8.99,0,0,Increasing,6.811974423110813,Series,0.8219327327202902,1,2.0943260593863333,4.503442445787684,1.0,5.6635721115485875,0
U0494,24,Mid,Ads,8.99,0,0,Declining,5.56771457965772,Series,0.5163269952020989,1,2.057485631832227,1.7049216123767996,3.1719635780432065,18.728447881567877,0
U0495,53,High,Standard,19.99,0,0,Increasing,9.459016119535995,Movies,0.40399275880431657,0,0.9386469321486228,6.715141885052487,3.542734625574653,19.77629984632987,1
U0496,41,Low,Premium,26.99,0,1,Increasing,9.504777307063774,Series,0.8628095246968197,1,1.5687280261256578,4.042305528095579,1.0764541806787513,28.45570829205704,0
U0497,22,Mid,Standard,19.99,0,0,Stable,6.565803875346649,Movies,0.16666110112336371,0,0.9816195825889662,4.961095503737852,1.0,47.33867612465042,1
U0498,32,High,Premium,26.99,1,0,Stable,10.24471631752673,Movies,0.3516098495945654,1,2.694535645622722,5.060307260311023,3.527858493099867,0.0,1
U0499,24,High,Standard,19.99,1,0,Stable,6.732680533475156,Movies,0.25093457099133204,0,1.082977416212575,5.469118181012589,1.582638604830772,8.417746262216292,1
U0500,18,Low,Ads,8.99,0,0,Stable,10.238644152646609,Movies,0.2955640710924552,0,1.3834604413856688,5.7920866427378925,3.5448824875027376,20.675303946580375,0
U0501,46,Mid,Standard,19.99,0,0,Declining,6.1282338528003955,Series,1.0,0,1.858559027179886,2.8908044644731286,1.0,30.129228444139557,1
U0502,57,Mid,Standard,19.99,1,1,Stable,7.702340285523462,Movies,0.4413551768140559,0,1.5999020632529304,6.124716985097749,3.605156120266492,22.156031417703936,0
U0503,18,Low,Ads,8.99,0,1,Stable,6.77345049344369,Series,0.6627185353244412,1,1.5342320828927833,4.811733197742399,3.273352295377185,31.47591184994934,0
U0504,41,High,Ads,8.99,1,1,Stable,8.947913387091841,Series,0.7048174667862921,0,1.523979941173744,7.668885976925507,2.740563576550961,0.24216447423186338,0
U0505,27,High,Ads,8.99,1,1,Declining,5.225983535155991,Series,0.6860519255164932,0,1.8238347575344942,7.129958047970458,1.0,14.1880172308155,0
U0506,29,Low,Standard,19.99,1,0,Declining,3.1357375697729366,Series,0.23483729220296334,1,1.9506804471387282,8.145525660667007,1.837593403165016,35.5392410227835,0
U0507,27,Low,Premium,26.99,1,1,Increasing,6.103523427005893,Series,1.0,0,0.507187930159461,3.62326910460402,3.20751269295768,7.677004110396327,1
U0508,24,Low,Standard,19.99,1,1,Declining,5.844969243868544,Movies,0.05712609497227106,1,2.0355826504125845,8.073330002381638,1.0,0.0,1
U0509,35,High,Premium,26.99,1,0,Stable,5.185242229667009,Series,0.9465188532052563,0,1.3940278561061787,5.688149064262321,1.677652623575324,8.198743786183778,1
U0510,25,Low,Ads,8.99,1,0,Declining,4.875537886055001,Movies,0.47360307300445026,0,1.5962039970296122,6.880375550613064,2.5964489382238103,23.247861819604736,0
U0511,38,Mid,Premium,26.99,1,1,Increasing,12.171553615653274,Series,0.6361558036268943,1,1.9875522168955724,6.848761816908635,1.0410270129658714,17.150335351532235,1
U0512,34,Mid,Premium,26.99,1,0,Increasing,9.911910533683,Movies,0.2889030047846716,0,0.5,6.418109988934845,3.500502276545006,2.581513446147163,1
U0513,32,Mid,Ads,8.99,0,0,Declining,3.5557302593425044,Series,1.0,0,0.6617957886143827,3.3235517894980635,3.302607418785671,9.3416691973907,0
U0514,24,Low,Premium,26.99,0,1,Declining,7.8199750232322796,Movies,0.47089791203488524,1,2.5159525600955965,7.410161244165583,2.442190993726863,2.0330259073886374,0
U0515,28,Low,Ads,8.99,1,1,Stable,8.095750473989403,Movies,0.3535376129836798,0,2.295337344560722,6.20335702420294,2.634025758089192,3.443851151093174,1
U0516,44,High,Premium,26.99,0,0,Declining,7.035585974408178,Series,0.492947459097932,1,2.2868321527755215,2.553829127788486,1.6595260453705774,7.452063046896045,0
U0517,41,High,Premium,26.99,1,0,Stable,2.464883313581395,Series,0.46897034625058287,1,3.0877263765801737,4.532638838927991,2.789707997782794,19.26579084922022,0
U0518,23,Mid,Standard,19.99,1,1,Stable,7.6617057565254925,Movies,0.36012216943444286,0,0.771522416515339,3.0738366749518202,1.6022804899959608,0.0,1
U0519,36,Low,Standard,19.99,1,0,Declining,6.684315672759786,Series,0.4138793936677513,0,0.9761806006286041,2.647585432912412,2.003218751127218,34.388872451639145,1
U0520,44,Low,Ads,8.99,1,0,Stable,10.400577284595984,Movies,0.48593020958894917,0,0.5,7.206648488719365,1.707591128896717,16.757855805275508,0
U0521,18,Mid,Standard,19.99,1,1,Stable,4.072362831697917,Series,0.4708715265527325,0,1.4848237179781492,2.5412529588762207,3.6355255703164824,4.720093736842919,0
U0522,41,Low,Standard,19.99,0,0,Stable,9.412229178389065,Series,0.8009911028891649,0,0.8531876404152208,2.857763409767724,3.4070586802886274,6.317569954252098,0
U0523,27,High,Standard,19.99,1,1,Stable,10.28876057140249,Movies,0.5465174762622573,0,1.5995505065415387,9.456445932677653,1.1965546074258826,10.383165922058025,1
U0524,41,Mid,Standard,19.99,0,0,Stable,2.9654220454420415,Movies,0.33891286417516153,0,1.0488419494991639,4.604228396701276,3.5376246037797383,18.07495746855208,0
U0525,25,Low,Premium,26.99,0,0,Stable,7.957182219739486,Movies,0.4660604459709954,0,2.3109065025675135,6.815321588727617,1.4019820537661658,19.81610014004771,1
U0526,18,High,Ads,8.99,0,0,Stable,8.235241628681404,Movies,0.4760727819053596,1,3.3759209878827843,7.749663069138408,4.0528699920539255,15.673971227840175,0
U0527,18,High,Premium,26.99,0,0,Declining,4.345984674696187,Series,0.3075336781710399,1,0.9179775605885507,7.048427217021144,3.770950587736655,8.935031672112306,0
U0528,35,Low,Premium,26.99,0,0,Declining,4.01981107986742,Series,0.9463385977307248,1,2.654726490774181,5.799145684982959,4.392772324310873,17.86844709678533,1
U0529,38,Mid,Standard,19.99,0,0,Increasing,11.003561739863468,Series,0.5488512571425691,0,0.9283509238994985,5.425471841550941,2.492945091505408,0.0,0
U0530,24,Low,Ads,8.99,1,0,Increasing,7.155054739768104,Movies,0.48911470268314006,0,1.623443277906981,6.575212697694864,1.9195115827539708,3.4157147672384482,0
U0531,42,Mid,Ads,8.99,1,1,Stable,6.565501343163804,Series,0.7447247022105647,1,1.4937520268576434,5.050674894444493,1.8972367228635898,9.885470151770184,1
U0532,18,Low,Ads,8.99,0,1,Declining,6.624869801647844,Movies,0.0,0,2.020616943221997,6.889773847727758,2.575181812679384,1.8932635136812337,1
U0533,34,Mid,Standard,19.99,0,0,Stable,10.508086100653728,Series,0.4686141610501061,0,1.8153461495486756,4.9820821610619825,1.1859824777682468,15.375417477675274,0
U0534,20,High,Standard,19.99,1,1,Increasing,10.613952817626053,Movies,0.5180737640852112,0,0.5931238550565124,5.2089277955585445,1.0,1.9432669444032697,1
U0535,27,Mid,Premium,26.99,1,1,Stable,7.266968990829023,Series,0.6124504918870406,1,2.1912136274794594,9.263520246420294,1.8003356594281075,38.55639344977277,1
U0536,35,Low,Standard,19.99,1,0,Declining,3.967205030678459,Series,0.737793867267614,0,1.381198029627392,4.5392195013613925,2.2409279136763196,0.5085953302078607,1
U0537,24,Mid,Ads,8.99,0,0,Stable,4.978799918697888,Series,0.6184733122890368,0,1.6596591414667594,5.538482778856152,2.7555265359780687,36.134869193556625,1
U0538,30,Low,Standard,19.99,1,1,Increasing,12.328734724502848,Movies,0.595876358760629,0,1.294025938797769,6.361125453597644,2.597224410175951,0.0,0
U0539,47,High,Premium,26.99,0,0,Declining,4.693100297746231,Series,0.6228067776888822,0,1.6931860933900362,6.489586913961128,2.340827351764138,42.06130813897957,1
U0540,28,Mid,Premium,26.99,1,1,Stable,9.301406549333457,Series,0.8848178193560952,0,1.264617002695374,6.08572483409561,3.369470868965692,25.007973100343634,1
U0541,45,Low,Premium,26.99,0,0,Stable,6.340896244009077,Series,0.40399428455759107,1,2.66706337104522,2.9992196766553496,1.3273778178527975,27.49907914739994,0
U0542,21,Low,Standard,19.99,0,0,Stable,5.701422677277978,Series,0.574471986104211,1,1.4792809193874579,5.824086736567393,1.5279754953936453,1.6162415064600744,0
U0543,41,Mid,Standard,19.99,0,1,Stable,7.841597777655032,Movies,0.23132008628359235,0,1.287004226390819,5.985657867936654,4.3091745676805315,14.127939412030717,0
U0544,52,Low,Premium,26.99,0,1,Stable,6.8469281214632,Movies,0.427727212812453,0,1.8750613151922773,7.7799205417699895,1.0,14.910680967103772,1
U0545,18,Mid,Standard,19.99,0,0,Declining,2.5889427907785247,Series,0.5442664110234847,0,2.0055436557534985,6.978483054245375,3.3190318219511092,16.79080342513049,0
U0546,25,Low,Ads,8.99,1,1,Declining,8.634736659563696,Movies,0.3040971625812726,1,2.403823780967402,7.9117207191683985,2.7634098438427506,33.27123332214649,0
U0547,41,Low,Ads,8.99,1,0,Stable,5.746032452456725,Series,0.4590467273499506,0,1.2504324355661764,3.4935892170600504,2.1986164557726924,26.29581674203728,0
U0548,32,Mid,Ads,8.99,0,0,Declining,6.855183042348427,Series,0.5078528966142912,1,3.120820581570942,3.507959223171901,3.096170665004379,16.011343373365595,1
U0549,39,High,Standard,19.99,0,0,Stable,8.683713258792963,Movies,0.3479445872166645,1,2.23944297455779,6.156199341665171,2.9184926795871173,29.98920623159558,1
U0550,27,High,Ads,8.99,0,0,Stable,4.481074470171286,Series,0.1957309697633654,1,2.9867162932635813,7.765703971679251,1.0,32.19771929159191,1
U0551,36,Low,Ads,8.99,1,0,Declining,2.995224710767031,Series,0.13964722879376457,1,2.2360140061190767,5.099132154934576,1.22607889811478,11.184637162856685,1
U0552,33,Mid,Ads,8.99,0,0,Stable,6.396981320599744,Series,0.6118291884614965,1,2.3239991439517316,4.019420926281498,1.719318103150562,10.83305339384382,0
U0553,49,Low,Standard,19.99,0,0,Stable,5.268706910843367,Series,0.04616468695329168,0,0.7476408134181945,2.2970655971876996,1.0,43.9403430271012,0
U0554,38,Mid,Standard,19.99,0,0,Declining,8.452912743757377,Movies,0.31137154463838573,0,0.6753587214014986,6.226058531330395,2.191359293620142,15.121826799310032,1
U0555,39,Mid,Standard,19.99,1,0,Stable,6.599648726402977,Series,0.5245672477617571,0,1.789064728899911,5.274172372223441,2.8375129739336753,10.284349736839394,0
U0556,30,High,Ads,8.99,0,0,Increasing,11.669247128442205,Movies,0.4584075739721747,0,2.161409537720929,4.632107358338844,3.3657322783322883,16.14590801418537,0
U0557,29,High,Ads,8.99,0,1,Stable,8.027274778000407,Series,0.4655963241896141,0,1.3528562597666975,7.310380072186368,2.277969694827959,30.893545781065086,1
U0558,29,Mid,Standard,19.99,1,0,Stable,7.528044897992706,Movies,0.6639029538583933,0,1.2169042466194557,5.326410754245114,1.4504298496506451,26.62057011405659,1
U0559,39,Mid,Ads,8.99,1,0,Declining,5.080642421479176,Movies,0.5196325746460868,0,1.8113207887669573,5.501773772450334,2.42400476673545,16.49300940338014,1
U0560,29,High,Ads,8.99,1,0,Declining,7.474261415577394,Series,0.2975411936696971,0,1.4686824995738996,7.2997474451826285,2.1212717796612495,25.33906560381226,1
U0561,38,High,Ads,8.99,0,0,Declining,3.3498140533299665,Movies,0.29313072850513144,0,0.5,9.881471558722714,2.9850813130675053,21.00341206606498,1
U0562,59,Low,Premium,26.99,0,1,Stable,10.452670620913173,Series,0.905437028836775,1,2.896203406677177,4.61107505739821,2.1546186492311947,16.293405994452964,0
U0563,45,Low,Standard,19.99,1,1,Stable,4.4255536389918095,Movies,0.21047361892009317,1,1.4978574420750126,3.747520451028114,3.089455402301403,14.39965542305378,1
U0564,31,Mid,Ads,8.99,1,1,Declining,6.563023451244848,Movies,0.33942153499491773,1,2.2929677998323226,3.5218820608414543,1.9385789751706728,19.776489973041468,1
U0565,49,Low,Ads,8.99,0,1,Stable,4.189672280120435,Movies,0.6308255151709554,0,1.079256792592323,6.453648343567388,3.4902264861784573,13.006148054775657,1
U0566,30,Low,Premium,26.99,0,1,Declining,4.368588895546081,Movies,0.24188087678744435,0,0.9796707119313317,3.318962025258171,2.3775444915238775,18.84765066466369,1
U0567,18,Low,Standard,19.99,0,0,Declining,5.1866198761219335,Series,0.8245959880165784,0,1.3234687756274033,4.753555298566725,1.6021125376881225,17.405578466203764,1
U0568,22,Mid,Standard,19.99,0,0,Stable,6.026609302340972,Series,0.41800007947727613,1,2.8361765224973583,4.92944003942223,1.8668648129819134,0.5926613698717702,0
U0569,18,Low,Standard,19.99,1,0,Stable,6.636660860766218,Movies,0.0,0,1.3156605565055353,8.61279818134343,2.9270427689468317,11.648562031909854,0
U0570,30,Low,Standard,19.99,1,0,Stable,4.226059104138413,Movies,0.5957058632881254,0,2.004947380026815,7.885720436860465,1.0,14.899208228954903,0
U0571,35,Low,Standard,19.99,0,1,Stable,5.025099062552897,Movies,0.43774700801149513,0,2.067000439090379,2.4265696078935566,2.070455610020562,40.31657903994529,0
U0572,55,High,Standard,19.99,0,0,Stable,7.996529414391765,Movies,0.4509128550668931,0,2.062435485629727,8.669648515637208,3.269206294137163,16.079736258082058,0
U0573,38,High,Standard,19.99,1,1,Increasing,9.089015474932335,Series,0.3814074417389451,1,2.266491552312454,3.067697561280162,2.7168851162889265,21.278886675370536,1
U0574,32,Mid,Ads,8.99,0,0,Increasing,6.928415922535478,Series,0.3973294767006273,1,2.0130692786365385,5.820582014860112,1.0491881556442786,43.81587174306961,0
U0575,44,Mid,Premium,26.99,1,1,Increasing,12.972833289389014,Series,0.830087303947228,1,2.2797814854771783,3.8309128264608443,2.511240517236279,0.0,0
U0576,18,High,Standard,19.99,1,1,Increasing,5.340207300029352,Series,0.6486414614808526,1,2.975193303467396,4.7233907827806245,1.0,0.0,0
U0577,37,Low,Ads,8.99,1,0,Stable,6.276819068271874,Series,0.576508788532448,1,2.939218065103356,3.5391821093088955,2.386541693170212,8.66009306443648,0
U0578,44,Low,Premium,26.99,0,1,Stable,5.988687443643057,Series,0.6441853324228328,0,0.5,8.85104504112086,3.5798477183550306,14.003166767365233,0
U0579,18,Low,Premium,26.99,0,0,Stable,8.230075255522088,Movies,0.6517011060024601,1,2.483509564375021,5.219808914306917,2.273400132473756,15.214640020758875,1
U0580,48,Low,Premium,26.99,0,1,Stable,7.096327382274389,Series,0.7447376454105139,1,0.8791925302837862,5.951179637840928,1.0680882022604856,11.869516368704758,0
U0581,39,Mid,Premium,26.99,0,0,Stable,6.783669506930806,Series,0.5050709605229684,1,2.2885590447396016,3.3554475640114516,2.009010579623905,3.195995932699592,0
U0582,30,High,Premium,26.99,0,1,Declining,1.311566592265522,Movies,0.0693024277759896,1,1.9825977916828248,2.6698702534653616,2.3944672872698085,29.687858434331456,0
U0583,42,Mid,Ads,8.99,1,0,Increasing,11.595103441896278,Series,0.717610752365557,0,0.8815400857471904,4.611711053411401,3.292105399084367,12.551703883495996,0
U0584,62,Mid,Premium,26.99,1,1,Stable,6.564348370336526,Series,0.4152063978731542,1,2.8095533834901847,6.542920137020725,3.283128313540104,32.21202153605594,1
U0585,37,High,Premium,26.99,1,1,Increasing,9.34698305283126,Series,0.36352461247624684,1,1.9116283439576496,5.2570956971677045,1.110763328981392,5.795573727691888,0
U0586,37,Low,Ads,8.99,0,0,Declining,3.5028735598122456,Movies,0.6131498373748134,0,1.295247675910801,7.449078992803173,1.8759118051258898,41.51627812168269,1
U0587,29,Low,Ads,8.99,1,1,Declining,3.1883424743658546,Series,0.7744811493516293,0,0.8338160739869434,5.748341781405811,2.5936686108664464,0.0,1
U0588,24,Mid,Premium,26.99,1,1,Declining,7.998575516951374,Series,0.6771371853360996,0,1.336860945342462,5.512930432225891,1.5952309573047834,17.82610095604909,0
U0589,44,Mid,Ads,8.99,0,0,Stable,3.4535228434751746,Movies,0.10232058781255007,1,2.87583824775096,6.570225371185027,2.6983832147046587,6.019526123888337,1
U0590,24,Low,Premium,26.99,1,1,Declining,2.8916019444344565,Series,0.9578532121534165,1,1.7732739875115349,5.700599062954568,1.0,18.426761117530837,1
U0591,35,Mid,Ads,8.99,0,0,Stable,9.960984305338162,Series,0.8057736629431699,0,1.6199682569161273,7.3880584094700925,2.461404235732224,6.245857017532028,0
U0592,29,Mid,Ads,8.99,0,1,Declining,6.281492761997308,Movies,0.2892428797875211,0,1.328243122104447,6.61042157553319,3.227320961205402,0.0,0
U0593,40,Mid,Standard,19.99,0,0,Declining,4.34907493651516,Series,0.4969439883678268,0,1.3236598690220027,7.321929843646885,2.253950422382924,8.631714611313642,1
U0594,39,Mid,Ads,8.99,1,1,Stable,9.493192628577306,Movies,0.3656979482617869,0,1.1247960747640136,6.932913498280605,2.3757397652960015,37.15328518599456,1
U0595,47,Low,Standard,19.99,1,0,Increasing,10.340580349188027,Series,0.5043162666922698,1,2.7640443276251685,8.220541222840431,3.044308536362804,5.999726807172333,0
U0596,28,Low,Standard,19.99,0,0,Declining,5.465320183948839,Series,1.0,1,2.702550685662754,7.157868310667148,1.7558959374735998,24.101338926101803,0
U0597,31,Mid,Ads,8.99,0,0,Stable,7.4511240342048355,Series,0.522894325059027,0,1.2332825818905286,8.995191079484115,2.8220347333007307,18.06834856501257,0
U0598,23,Low,Ads,8.99,0,0,Declining,5.9304764344289875,Movies,0.13642342569195454,1,2.421606973868533,4.417629032184585,2.1694393972180577,12.543879481036694,0
U0599,29,High,Standard,19.99,0,0,Declining,6.011385002594906,Series,0.9176831716666156,1,2.7457856967326535,7.169568303132879,1.2919089731443982,42.52028297992897,1
U0600,39,Mid,Ads,8.99,0,0,Stable,11.391946105791913,Series,0.4861876333425787,1,2.624911530132582,2.738566440789523,3.1023123560677845,14.225706110408822,0
U0601,44,Low,Standard,19.99,0,1,Stable,6.610214376654656,Movies,0.5072860216233458,0,1.1466816629731262,7.394146089589153,3.600925026983262,20.03325077487558,1
U0602,23,Mid,Standard,19.99,0,0,Increasing,8.507858435555388,Series,0.7350775212172141,1,2.9994247046614677,5.612889160853557,3.3585219474511834,19.027953761867114,0
U0603,45,Mid,Ads,8.99,1,0,Stable,4.526213624858572,Movies,0.3382875898909891,0,1.7320689093229242,7.3736011813445135,3.102255548866069,36.90001973770551,1
U0604,51,Low,Standard,19.99,0,0,Increasing,8.844307839536945,Movies,0.15540064709546075,0,2.3556195094002748,8.859022093829395,2.710647191329042,0.016908509772697755,0
U0605,39,High,Ads,8.99,1,1,Declining,8.725773799089637,Series,0.5903634146043218,1,1.3582583473476793,7.1021934328928715,2.562946678194648,44.930051414402,1
U0606,57,High,Ads,8.99,0,1,Declining,6.968970004869313,Series,0.3660277787335562,0,1.6509928196580779,4.674508795595906,2.1061800046171375,36.23336871876115,0
U0607,25,Mid,Ads,8.99,0,0,Declining,3.9126645122493446,Series,0.5952564474926193,0,1.8760447751250482,3.3240558578880948,1.5373780576108065,22.771999599330307,1
U0608,20,Low,Premium,26.99,0,1,Stable,7.06008272904257,Movies,0.5045562932919316,0,1.8025835557964285,6.572021710664352,1.0,25.417885614197626,0
U0609,18,Mid,Premium,26.99,0,0,Declining,2.4071232488300107,Movies,0.6935560132383995,0,1.1736434715593747,4.928125918893192,1.0,15.263193284740911,0
U0610,52,Mid,Premium,26.99,0,0,Declining,3.0617613114033873,Series,0.3824301768111423,1,1.4821060413107747,6.827198189314923,2.2145775219407993,19.801026371844134,1
U0611,42,Low,Ads,8.99,1,0,Stable,7.298882305227435,Movies,0.2999082792008144,0,2.0698273054170824,4.4865188743027336,1.0,23.039899415608883,0
U0612,34,Low,Ads,8.99,1,1,Declining,4.011090794359094,Movies,0.24503778315494384,1,2.0109535337710454,3.6410442856704375,2.6140924892123976,7.096702549679982,0
U0613,38,High,Standard,19.99,0,0,Declining,2.9108004212431635,Series,0.6547478755014976,0,1.1522775570089667,5.016520372128549,3.947388537546078,36.23281067485743,1
U0614,21,Low,Standard,19.99,0,0,Declining,5.979681529475784,Series,0.2956383247378359,1,3.5399292766906765,6.501904352837702,1.0,20.689454775640627,1
U0615,64,Mid,Premium,26.99,1,1,Declining,4.835499826693352,Movies,0.16426746457500663,1,1.5361314798648649,5.744397409186983,1.2275046510176337,19.6992909838577,0
U0616,36,Mid,Ads,8.99,0,1,Stable,3.8648992566179214,Movies,0.011596688386272869,0,1.709443980142604,3.8738285505856185,4.385878608855743,7.599687478975692,1
U0617,36,Mid,Ads,8.99,1,0,Stable,2.8497060676644237,Series,0.31233909186697917,1,1.8477274070173726,9.101028226587198,3.0342249512035417,32.03690955987768,0
U0618,43,Low,Standard,19.99,1,0,Declining,3.8599770028514917,Series,0.4679124412175829,0,0.9121335883230183,5.222514198933806,2.0883342994733676,17.448689465545996,1
U0619,40,High,Premium,26.99,1,1,Declining,1.8234697131169444,Movies,0.6841765225651775,0,1.3838263643621849,1.0,1.668110305446945,11.697918002836099,0
U0620,37,Mid,Premium,26.99,0,0,Increasing,3.393265780588038,Series,0.6695200953865266,1,2.7058248793569533,7.3645947751295955,2.7858143826888133,4.967719358135939,0
U0621,25,Mid,Standard,19.99,0,1,Stable,9.257938402804172,Movies,0.36299917471996124,0,1.7751003526125466,5.477792192786451,3.1792048960022194,16.061653916922825,0
U0622,40,Mid,Premium,26.99,0,0,Stable,6.8045782202694145,Series,0.8693772008056968,0,1.840736585265132,5.158956051849047,1.0,3.9634895612974734,1
U0623,57,Mid,Standard,19.99,1,0,Stable,6.469107243548994,Movies,0.4267195762366838,0,0.9467062003895867,5.119211386688379,3.6917946923253737,22.149976650533212,0
U0624,51,High,Premium,26.99,1,0,Declining,4.623188367698502,Series,0.6955152222794014,1,1.613883835698735,5.130474135277902,2.598462597535497,27.292508072183935,0
U0625,54,Mid,Premium,26.99,1,1,Increasing,5.58650354762109,Series,0.5053951069640398,0,1.1286780513363854,8.837953280914352,3.1381426057423907,13.283681060154267,1
U0626,28,Mid,Premium,26.99,1,1,Stable,7.821952330028337,Series,0.4725343288781836,1,2.5084871948290575,6.4290642700831455,3.2239976745487855,20.83328119401871,0
U0627,23,High,Ads,8.99,1,1,Declining,4.738599346534919,Series,0.3377746100537162,0,1.197180928844479,6.020755718079642,2.5122708782097423,32.64155671225578,1
U0628,33,Mid,Ads,8.99,1,0,Stable,5.485182688041176,Series,0.47978208679172163,1,0.5,4.974521953258506,2.6454308860726408,15.925962560285646,0
U0629,35,Low,Standard,19.99,1,0,Stable,5.78474263095,Series,0.5438953171801895,1,1.2036921053082936,8.956947653818892,2.717748821710884,16.73499856916618,1
U0630,48,Low,Standard,19.99,1,0,Declining,2.5450825735754092,Movies,0.41894378950338407,0,1.1797634476848102,7.185861125818317,1.8428992012243972,18.066157453086156,1
U0631,18,High,Premium,26.99,0,0,Increasing,7.781271381294496,Movies,0.34264831699105924,1,2.8131205117517357,7.478108035070695,2.848464457175129,12.712945561401183,1
U0632,53,Mid,Ads,8.99,0,0,Increasing,8.281116357652458,Series,0.5269861068264622,1,1.7572119752482864,6.056335943370199,1.940440615895885,13.78016015242755,0
U0633,33,Mid,Ads,8.99,1,0,Declining,4.135433341740072,Series,0.4176646496206501,1,2.7398426869790393,7.499875044780586,2.2006578567221706,8.774953449144899,0
U0634,29,Mid,Standard,19.99,0,0,Stable,7.110309114683172,Series,0.6798253615910421,1,1.4023378025146713,6.286368463870898,3.7639106603480768,23.153785636547774,0
U0635,22,Low,Ads,8.99,0,1,Stable,6.842976590476488,Series,0.5004467825932318,1,2.453341112775645,4.757421524369824,2.163962177914267,17.14126231791808,0
U0636,18,Mid,Ads,8.99,1,0,Declining,5.461537077329214,Series,0.6707593015983978,1,2.457711225604049,6.238831632499749,2.613508050214034,25.18595577448349,0
U0637,44,Low,Standard,19.99,1,0,Stable,8.886194073843189,Series,0.21734557808129268,1,2.5812433690079954,9.694171102413655,2.025225180123394,30.261144260542302,0
U0638,35,Mid,Standard,19.99,1,0,Stable,8.18604695442616,Series,0.6672842325939788,1,1.69503111494326,5.907636667819473,1.8341734236662572,5.391994102668388,0
U0639,19,Mid,Ads,8.99,0,0,Stable,8.909179681020671,Movies,0.49938138055924775,0,0.526183471100251,8.040339455120359,4.12871204814844,7.959079498604728,0
U0640,19,Mid,Premium,26.99,1,0,Stable,5.304531540347543,Movies,0.4739061718727496,1,2.735631154830087,7.88275943722774,1.0,26.302587527127333,0
U0641,30,Mid,Standard,19.99,0,0,Stable,5.982770211822686,Series,0.560655914929861,1,1.384304772951074,6.6257393523978,2.2521037212320287,14.947573331782772,0
U0642,55,High,Premium,26.99,1,1,Increasing,10.960790051837904,Movies,0.5330636630848754,0,0.9145451527547015,8.813548739045936,1.0,18.968563379237185,0
U0643,31,Mid,Standard,19.99,0,1,Stable,8.342955342864173,Movies,0.09540822340883048,0,1.9958413125799856,1.1541508640825802,3.4543929804996747,19.002875564125322,0
U0644,18,Low,Ads,8.99,1,1,Increasing,6.964138147389354,Movies,0.33215878695869394,0,1.3849444741083148,1.8272444253585323,2.138420235445296,6.623781249617876,1
U0645,32,Low,Ads,8.99,1,1,Declining,6.223167851563485,Movies,0.3113208397678602,1,2.521252395089888,8.955653080179431,1.7311870295406568,24.072565299735246,0
U0646,31,Mid,Ads,8.99,0,0,Declining,3.112935766708117,Series,0.8072799378082174,0,1.612367869618338,4.205147885107694,1.0,20.98704190817793,0
U0647,18,High,Standard,19.99,1,1,Declining,5.962111448283587,Movies,0.0,0,1.5945598291056688,5.72354414386335,3.776278858599338,5.898292109769521,0
U0648,34,High,Ads,8.99,1,0,Stable,6.947407598268718,Series,0.38837405641454004,0,1.2893584174318617,9.001156444161538,1.0,16.017872869736596,0
U0649,32,High,Standard,19.99,0,0,Declining,2.231128792187327,Movies,0.6994501617261031,0,0.8492891447514986,5.899300462406264,2.686758397156061,16.691705774954343,1
U0650,43,Low,Standard,19.99,0,0,Increasing,7.697778534721779,Series,0.11388677523100754,0,2.642028907683807,8.879217536057158,3.131778617485587,26.97069827870316,0
U0651,57,Mid,Ads,8.99,0,1,Stable,11.364535619390987,Series,0.7628847943375001,0,1.1536826436522731,4.723520634486684,4.37389727962821,32.077503329205,0
U0652,48,Mid,Ads,8.99,0,0,Declining,5.405560725609989,Series,0.4599345673945715,1,2.498627906582437,6.731788669746112,1.6487407586249283,17.899634670271947,1
U0653,31,Low,Standard,19.99,1,1,Stable,11.600899953436521,Series,0.6509405207292199,0,1.5200695827562491,5.616270416119913,1.3445164193989263,0.0,1
U0654,21,Low,Premium,26.99,1,0,Increasing,4.668220410374891,Movies,0.6327564807718707,1,1.9802297250576353,8.48126721582782,1.7727246305591828,26.71338966562726,1
U0655,65,High,Ads,8.99,0,0,Stable,8.501483585327684,Series,0.6586413742157661,1,2.0445866213568986,4.9767696261287595,1.611658929261593,44.37687205833267,0
U0656,35,Low,Ads,8.99,0,1,Declining,0.0,Movies,0.6369066753522035,0,2.044116358748899,3.571393297071789,1.0,26.61485609095707,1
U0657,35,Low,Premium,26.99,0,1,Increasing,8.99929354525565,Movies,0.25153016384263965,0,0.9305112451940201,4.564761972486239,3.835451734964988,14.726284463874224,0
U0658,34,Low,Ads,8.99,0,1,Stable,8.262434755302642,Series,0.5279647488314184,1,2.5474579073765886,4.653494751641809,1.7819497000169329,22.812442860603184,0
U0659,37,High,Premium,26.99,0,0,Stable,8.675780189992553,Series,0.757368449769545,0,1.7479269507603623,4.205699922826607,2.0403255078226445,27.603037190996904,0
U0660,33,Mid,Ads,8.99,0,0,Stable,5.4014605508391735,Series,0.5121139079435336,1,2.1715144466501655,4.122553908875935,2.827457214234366,19.356053134527166,0
U0661,28,Mid,Premium,26.99,0,0,Stable,9.078180843953472,Series,0.7194692762076005,1,2.243669641135352,7.7434345517884555,3.586095817929748,33.77921826307878,0
U0662,28,High,Ads,8.99,1,0,Increasing,7.398855719865916,Series,0.8367608433155367,0,1.778452573517964,8.315639018979034,1.0394333274337482,4.411989373972938,0
U0663,34,Low,Premium,26.99,1,0,Declining,4.671805497775207,Series,0.7736673788574777,0,1.2313252640665162,6.283854992645097,2.5576191376989836,13.15164116663448,1
U0664,28,Mid,Ads,8.99,0,0,Declining,4.1333555612867325,Movies,0.0342176869106835,0,0.5,4.205340916581731,1.0,23.509433627745018,1
U0665,26,Low,Standard,19.99,1,0,Increasing,5.5908319478030055,Series,0.5317238445900956,0,2.051941672604458,4.331938981076599,2.533648345547148,26.3798363424376,1
U0666,36,Low,Ads,8.99,1,1,Declining,8.139439174841717,Series,0.6563664968109644,1,1.7147147120583823,1.3541774034337921,2.492214126432126,11.434362385312024,1
U0667,31,High,Ads,8.99,1,1,Increasing,9.14405345147423,Movies,0.30122129207412157,0,1.407738379709715,6.259371422690617,1.7269879709051417,12.567633706448028,1
U0668,53,Mid,Standard,19.99,0,0,Stable,9.174636757317256,Series,0.6158732026783066,1,1.5093330119994999,4.134539561607778,2.433455524486194,10.001078528945351,0
U0669,18,Mid,Standard,19.99,1,0,Stable,9.089422483529201,Movies,0.40901414885385196,0,1.0445603233554923,8.44220070802106,2.4517873586721812,9.064657705807335,0
U0670,48,Mid,Premium,26.99,1,1,Declining,3.064119571454034,Series,0.49468637585648606,1,2.0381084621669596,2.743772197090601,2.118321140579537,24.22810129003509,1
U0671,49,Mid,Standard,19.99,0,0,Increasing,12.648381743014804,Series,0.5613122239088272,0,1.3870855471445824,4.315295134903046,1.9954009468568603,17.549955680765365,0
U0672,18,Low,Premium,26.99,0,0,Stable,8.006828487098645,Movies,0.11379305439862894,0,0.8614338652668115,5.3088766614591805,1.0,33.567158144651685,0
U0673,30,Low,Standard,19.99,1,1,Increasing,5.877294406581333,Movies,0.2544316426185357,0,2.2914173174572885,6.430459106166971,1.1092848420382524,4.876425351108086,1
U0674,30,Low,Premium,26.99,1,0,Stable,7.897701662683009,Series,0.2946642794468369,0,1.3122660727981084,9.105891325677431,1.5857750549269674,16.113635115445906,1
U0675,18,Low,Premium,26.99,1,0,Declining,2.9540642302638647,Series,0.6232993391385382,0,1.7405209095507361,2.7591381976103824,1.1913220396672333,26.829980944328838,1
U0676,25,High,Ads,8.99,1,0,Stable,10.21291673595728,Movies,0.31135555912829005,0,1.2955727956054537,4.896124028247327,1.626711868703236,22.13118477092935,1
U0677,21,Low,Premium,26.99,1,1,Stable,8.627573489844194,Series,0.4168409575902742,1,2.8983608537946153,2.6436618385709845,2.1238432894834975,4.821483420518819,1
U0678,56,Low,Premium,26.99,0,1,Stable,6.85770287561793,Movies,0.7070519617657693,1,1.0396099883241265,7.079903181287685,2.288249982403318,31.825691217074862,1
U0679,46,Mid,Ads,8.99,0,0,Increasing,12.794410854651552,Movies,0.3009177033906318,1,1.8771526994349865,4.206211638719226,2.7616777087233015,19.150521148761634,1
U0680,50,High,Standard,19.99,1,1,Stable,3.8360247105929246,Series,0.657310588815924,0,1.0391020387361887,5.293392560551615,2.356883463798683,41.00457715904814,0
U0681,43,Low,Ads,8.99,0,0,Stable,5.501317399759917,Series,0.4722733670309075,1,1.9820687005793285,5.155472923505956,2.3190079254872926,16.414760623717584,0
U0682,21,Low,Premium,26.99,0,1,Increasing,8.242740834778886,Movies,0.26713039585253995,1,2.611206702525728,5.732573876698591,2.736406320230448,31.89608700285827,1
U0683,28,Mid,Ads,8.99,1,0,Declining,9.471369362851036,Series,0.6648826941697071,0,1.5935824864322523,5.187459309344106,1.2831121298441257,13.699536944580597,1
U0684,40,Mid,Ads,8.99,1,1,Increasing,5.788551297379783,Movies,0.28354979003862246,1,2.2555691107535414,3.5566359279778723,1.3667555523579322,15.166801588051783,1
U0685,20,Mid,Standard,19.99,0,0,Stable,3.585388116518653,Series,0.6006606713776536,1,2.2704221731139462,5.669799950762418,1.82678906554612,23.928328553282725,0
U0686,43,High,Standard,19.99,0,0,Stable,4.111228971003459,Movies,0.5113649230706929,0,2.520255831035128,3.91122564950797,1.5027960221352648,0.0,0
U0687,32,High,Premium,26.99,0,0,Declining,6.8124317384112025,Movies,0.24639476409622948,0,1.4622967221006096,7.129126404107625,1.0,0.0,0
U0688,30,Mid,Premium,26.99,0,1,Stable,5.811615458922287,Movies,0.08356776335242266,0,0.5,5.614827121440144,2.7759867954943185,9.875994255132838,0
U0689,43,Mid,Standard,19.99,1,1,Declining,4.681826671262773,Movies,0.044747142064317236,0,1.6850561994420319,3.4205144404959182,1.2016817340638706,2.405289777973012,0
U0690,40,Mid,Ads,8.99,0,0,Increasing,11.288497925023453,Movies,0.6376878072773726,1,2.635679132043745,10.0,4.011606304935066,0.0,1
U0691,30,Low,Standard,19.99,1,1,Increasing,8.525746116126266,Movies,0.5362293401151139,0,1.879672455822143,8.817703743917216,2.3653676477225445,26.91030089028999,0
U0692,48,High,Standard,19.99,1,1,Declining,5.4082932090161115,Series,0.7311599334375478,1,2.659038936918063,10.0,1.0,8.50676051358807,0
U0693,22,Mid,Standard,19.99,1,0,Increasing,10.605645442829086,Movies,0.26278943882559747,0,0.8476226913475766,4.814209382114413,2.8669333194854922,13.875845968630099,0
U0694,42,Low,Ads,8.99,0,0,Stable,6.138647216079569,Movies,0.08338399780243316,0,1.7450022767171938,3.8296278518794713,2.233277763324765,19.670245966939188,0
U0695,42,Mid,Standard,19.99,0,0,Increasing,8.501048820210947,Series,0.5435396773007705,1,2.3595835734480906,7.112998326328407,2.490981258194725,24.05424832102718,0
U0696,31,Low,Ads,8.99,0,1,Declining,5.483910804642023,Movies,0.3313291257427909,0,1.8230821572397715,7.716056222001223,1.702433568611553,21.39480282877284,1
U0697,38,Mid,Standard,19.99,0,0,Stable,8.736358546106441,Series,0.37368966665054415,0,2.0739495234185648,5.893454489124447,1.2687542167371233,20.42504688753992,1
U0698,19,Mid,Standard,19.99,1,0,Stable,5.4152614716387015,Movies,0.05606873739027596,1,2.2268802423974767,1.2925194018198312,1.0,23.633619863943714,1
U0699,46,Mid,Premium,26.99,0,1,Declining,0.0,Movies,0.003937478719213461,0,1.737898483120215,3.537790853622983,1.0,12.003328291718667,1
U0700,32,High,Standard,19.99,1,0,Stable,8.359166298771294,Series,0.7314786375087688,0,1.816826739745831,6.3450092912081235,1.0,9.44765162399008,0
U0701,28,Low,Ads,8.99,0,1,Stable,8.85543183750017,Movies,0.1089283369593971,0,1.3793749338981534,4.179653372296885,1.8425989737590982,0.0,0
U0702,47,Mid,Premium,26.99,0,0,Declining,5.400068324260344,Series,0.6618820641431876,0,2.2790451151223516,2.769979512945587,2.148392674126946,25.65971089174619,0
U0703,26,Mid,Standard,19.99,1,1,Stable,7.536586437913071,Movies,0.2704400293185503,1,2.9273260150312095,4.984688720365037,1.0,9.773181343032011,1
U0704,18,Mid,Ads,8.99,0,0,Increasing,7.307070317579488,Series,0.7179275817552273,1,1.9487671931458643,1.0,3.1026778771499255,41.802109594401784,0
U0705,18,Mid,Standard,19.99,0,0,Declining,6.000366843069848,Series,0.6671649023938033,1,2.4560476110890344,4.293388824743227,2.3416447455076903,26.854280750064905,0
U0706,42,Mid,Standard,19.99,0,0,Declining,6.706333639368377,Movies,0.30361251642174275,0,1.7300844515010274,4.647953413581439,4.627116970862815,29.40102999069009,1
U0707,19,Mid,Premium,26.99,0,0,Stable,7.1129926828369685,Series,0.6260906850418434,1,3.4520536522558753,6.120793860532469,1.794901213080423,26.468881534567608,0
U0708,56,Low,Standard,19.99,1,1,Stable,11.982496660014533,Series,0.5779327783246574,0,1.610428294816443,6.595242301859268,4.432971379198433,24.368266628488577,1
U0709,18,High,Standard,19.99,0,0,Stable,3.872517824657241,Series,0.47693056987338567,1,2.4736760720847597,6.255419631815959,2.9459851353123954,23.71185717500077,0
U0710,55,Mid,Ads,8.99,0,0,Stable,7.325923341712694,Series,0.7960165570915726,1,3.058288601883183,7.294497665920191,1.0,24.828883714197808,0
U0711,37,Mid,Standard,19.99,0,0,Declining,2.651294075365371,Movies,0.2653852493516003,0,1.190272870594278,5.164041677734106,1.0093289446468712,20.099595937801283,1
U0712,33,Low,Premium,26.99,1,1,Stable,8.75969184791378,Series,0.582629970749704,1,1.7060107369768844,2.5888238908751684,2.5179507611957748,10.602646163930341,1
U0713,28,Low,Premium,26.99,0,0,Stable,3.837049143915637,Movies,0.06697498006849872,0,1.6518781791140764,5.588389025946688,1.0,3.8557828358219304,0
U0714,39,Mid,Ads,8.99,0,0,Increasing,4.998235371846905,Movies,0.4048089207689626,0,1.110915870871011,3.7489988262606544,1.3037433059033057,23.074016690389332,0
U0715,34,High,Ads,8.99,0,1,Stable,5.733626118901591,Movies,0.22788368057090774,1,3.9294613622722503,2.786225891624455,1.0,33.49835730344607,1
U0716,48,Mid,Ads,8.99,0,0,Declining,5.531664339710799,Series,0.5046302681684195,1,2.451781960437055,6.658032957269445,4.338711795891987,16.495102100408005,1
U0717,36,High,Standard,19.99,0,0,Stable,5.809057222676765,Movies,0.18208782782311161,0,1.6549344938989146,2.6742343696407445,3.2986279567904875,19.81700402475116,1
U0718,36,Mid,Standard,19.99,0,1,Declining,3.829117474801814,Movies,0.3252007104223303,0,0.9858374518938968,6.860419056341171,1.8610171403488387,2.1893256099690888,1
U0719,30,Mid,Standard,19.99,0,0,Stable,6.63821909014783,Movies,0.0,0,1.9323002114158625,2.915682538754742,3.712402294945554,12.552272748473165,0
U0720,34,Low,Standard,19.99,0,1,Declining,4.515519681876988,Movies,0.48647140258265187,0,1.2865254717845709,4.918908575411712,3.457908170311175,3.253786318165645,1
U0721,38,High,Premium,26.99,0,0,Declining,7.974898776637048,Movies,0.34226704506415434,0,1.2377318060847808,4.371954537150607,3.510339857876604,4.087239366745841,0
U0722,18,Low,Standard,19.99,1,0,Stable,8.371822239337936,Movies,0.25654287975955853,1,2.2396867333017316,7.773789993827194,1.6406690219473714,19.184814995231605,0
U0723,18,High,Ads,8.99,1,1,Stable,6.350846520430712,Movies,0.04035386684181641,0,0.6542978500193357,6.688673217473978,1.891114106641147,17.308973940893324,1
U0724,43,High,Standard,19.99,0,0,Stable,11.194023822427228,Movies,0.43661333729599405,0,1.1747366897424258,3.8515100944237983,1.103407742131431,27.451881305855963,0
U0725,37,High,Premium,26.99,0,0,Stable,7.983322349712019,Series,0.4731344879409848,0,1.573082900145669,5.184809703942655,2.086285654051704,27.194436752682194,0
U0726,32,Mid,Standard,19.99,1,1,Stable,5.0620758893729025,Series,0.8612173740496629,0,0.5273068802812911,8.158825053912484,1.3874424481903311,7.512333034766526,0
U0727,35,Mid,Standard,19.99,1,1,Stable,7.5130274799836885,Movies,0.44726379246595643,1,2.913001414398251,8.486039208577767,1.1258705205247068,0.0,0
U0728,39,Mid,Standard,19.99,0,0,Stable,8.071025089730629,Series,0.9069311377374247,1,2.1389969275231255,2.7623811270867997,3.3315973674556365,6.618395175933141,0
U0729,28,Low,Premium,26.99,1,0,Stable,5.6247505618773035,Movies,0.37739400815771434,0,1.4223633670756304,8.132393478430684,2.8716112165149577,9.473013274068009,1
U0730,25,Mid,Standard,19.99,0,0,Stable,4.894982178387922,Series,0.8155645522324311,0,0.5,7.979295856672918,1.317586127092459,24.624529097799314,0
U0731,37,Low,Ads,8.99,0,0,Stable,7.172918180084884,Movies,0.4425542090596434,0,1.4124935303286914,5.857226394864409,3.1454536897051026,25.34902313009104,0
U0732,23,Mid,Premium,26.99,1,0,Stable,6.279556457387929,Series,0.5098037175592407,1,1.674111870645464,5.3184798542812395,2.508818048149418,17.441181096083618,1
U0733,39,Low,Premium,26.99,1,0,Stable,9.958255776910885,Series,0.6374420036968269,0,1.124270817514541,4.399128696941322,1.8846359478004129,26.88176035562508,1
U0734,18,Low,Ads,8.99,1,1,Stable,8.48231164816983,Series,0.43320274670821274,0,0.5162672287414611,2.9931922888703806,3.790760816042761,48.74723158928038,0
U0735,47,Mid,Standard,19.99,0,0,Increasing,7.077674177740258,Series,1.0,0,0.8590592184189538,6.177886191878554,2.5053826984932797,16.57841523524286,1
U0736,40,Mid,Standard,19.99,0,1,Stable,7.851876221897177,Series,0.5798269780589173,1,2.201865011135321,5.159886582541042,3.977521008908539,15.202286463030848,0
U0737,38,Mid,Ads,8.99,1,1,Stable,9.53425628544948,Movies,0.3552420583037302,1,2.136948545967303,6.369840970557651,2.7659046088201054,7.912335186127724,1
U0738,46,Low,Premium,26.99,0,1,Stable,4.2123911082007,Series,0.6779971723267038,1,2.830718210292593,6.417621440358645,2.8518722780133894,21.82552688125276,1
U0739,54,Mid,Standard,19.99,0,1,Declining,2.9544435180244957,Movies,0.13261093513665442,0,0.5,10.0,1.1241477711042798,31.648757210602955,1
U0740,47,Low,Premium,26.99,0,1,Stable,6.977662765440938,Movies,0.614274221133315,0,1.27431535224955,7.893367348679314,1.6428964257237342,12.016261005677688,0
U0741,18,Mid,Ads,8.99,0,0,Stable,7.071203935810068,Series,0.3949340898463898,0,1.2504586882831739,6.5938332973403,3.6574640724785965,13.306515334451488,0
U0742,19,Mid,Standard,19.99,0,0,Declining,4.895604989074279,Series,0.3497058875277212,1,2.0253157617690927,1.226076632842978,3.3619365880758805,11.741141016798233,1
U0743,27,Mid,Ads,8.99,1,0,Stable,6.378445642424644,Movies,0.3166951974593948,0,0.8433970564844415,6.284618833775012,1.8416669438271163,4.190448536168773,1
U0744,35,Mid,Standard,19.99,1,1,Stable,6.3478793550959605,Series,0.3441405004420831,1,2.9613062493078774,8.664535097981556,1.0,19.610477709885856,1
U0745,41,Low,Standard,19.99,0,0,Increasing,10.152774410464886,Series,0.9123881072382752,1,3.528628139579791,4.6460792189669755,3.859773949887619,20.039423688609688,1
U0746,26,Mid,Standard,19.99,1,0,Increasing,12.401827660917519,Movies,0.30385934606338894,0,0.5,9.881362008422546,3.266642739039137,17.5038421212467,0
U0747,37,Mid,Ads,8.99,0,0,Declining,4.038094540623146,Movies,0.0,0,0.837907505641845,6.587728791668304,1.0555748887066132,40.06848641791965,1
U0748,25,Mid,Ads,8.99,1,1,Stable,11.876798690341307,Series,0.6399897036250084,0,0.7978197311676427,6.089109958216387,1.055451802819826,22.801980471841016,1
U0749,27,Mid,Ads,8.99,0,0,Declining,8.921382871480633,Series,0.7107011973708081,1,2.1310869791815352,3.5184603520917803,4.033552154932472,4.6031872211565865,0
U0750,18,Low,Ads,8.99,1,0,Declining,7.6585112591601625,Movies,0.2657135503219564,0,1.9279228366120988,8.507400636870585,1.6923831306213668,25.587815567094367,0
U0751,23,Mid,Standard,19.99,1,1,Stable,8.244966669123123,Movies,0.07882139484775824,0,1.5638352361373795,3.838747302796287,1.7101652253154747,13.926477005869792,0
U0752,18,Mid,Standard,19.99,0,1,Declining,9.015976212940313,Movies,0.32933859666670035,0,1.2230737135310863,4.371252714284164,1.5194754040631666,14.053392379260206,1
U0753,23,Low,Standard,19.99,0,1,Declining,4.419769270001183,Movies,0.2536589065546311,0,1.308181280811812,1.737845990431846,2.55546995797797,15.918176893740936,0
U0754,47,Low,Standard,19.99,1,1,Increasing,6.502186764029297,Movies,0.15488561602819273,0,1.140493673008026,7.292307690238502,1.0,14.57647075315371,1
U0755,23,Low,Ads,8.99,0,1,Increasing,7.422083821788047,Series,0.3872349859810499,1,2.743188097977956,6.675330317696215,2.4375959927460356,21.239187460292673,1
U0756,66,High,Ads,8.99,1,0,Stable,4.994114393819837,Series,0.6312471497874769,0,1.7301675642870002,5.520404255106922,1.0,43.38493488067069,0
U0757,40,Mid,Ads,8.99,1,1,Increasing,9.365403966940109,Series,0.7806043600779311,1,2.6547787491883263,6.980489853074312,1.0,13.579756193465759,0
U0758,37,Low,Premium,26.99,0,1,Stable,7.599660928255487,Movies,0.4423087675994194,0,0.5,6.791980083466011,1.0,19.06863194257796,1
U0759,24,Mid,Standard,19.99,1,0,Declining,5.401679677362214,Movies,0.004400428282323954,0,1.306570378628098,4.76896654736231,1.0,20.811761780933143,1
U0760,43,Mid,Ads,8.99,1,1,Stable,6.975137295636401,Series,0.7230956009111965,1,2.188078579785407,3.930325649413641,2.9223641770371733,11.848020395514487,1
U0761,28,High,Ads,8.99,1,1,Stable,7.266309056343231,Series,0.7544948024054098,0,1.7956518062872016,2.0694554699745753,2.9226911322164595,13.182695327768048,0
U0762,36,Low,Premium,26.99,0,0,Stable,10.472647617699778,Movies,0.6287393501695533,0,1.4195532731447602,5.14464731699526,2.037297367432561,29.922049170143396,1
U0763,65,Low,Standard,19.99,0,0,Increasing,10.860155602917253,Series,0.41002244878162103,1,2.6340431257594363,2.8837013974593564,1.5684382077950192,11.876577790790206,0
U0764,33,High,Standard,19.99,0,0,Stable,8.845017593209644,Series,0.5886794721270745,1,2.0028217722977373,5.825336198589416,3.581797534671681,7.343449937530931,0
U0765,48,Low,Standard,19.99,1,1,Declining,5.381579873373576,Series,0.7135048500607664,1,2.863639027362856,5.17916525911616,2.894839617446264,39.39512112951882,0
U0766,26,Low,Ads,8.99,1,0,Declining,1.7688226030638452,Series,0.49448926037207774,1,3.0402888379032835,4.6959384139968465,1.02131425388537,3.537202665276755,1
U0767,34,High,Premium,26.99,1,1,Declining,1.3722350590609778,Series,0.7103819700693257,1,1.3238051734998906,7.593032318697034,2.5505600805895754,28.60047584586193,1
U0768,56,Mid,Standard,19.99,0,0,Increasing,15.248429970625544,Movies,0.34519473475641843,0,0.6519054899559735,3.5272715959746037,2.498986365847842,15.583059495089703,0
U0769,27,Low,Ads,8.99,0,1,Stable,5.936355449537557,Series,0.4307090366688907,0,1.6812268485595954,1.804035057196271,2.9184507987763,3.4170213364599356,0
U0770,56,Low,Premium,26.99,1,1,Stable,5.766497311696136,Movies,0.1977515522618907,0,1.2138038526358785,5.049213905885642,4.949007734762666,13.478663495875084,0
U0771,43,Low,Standard,19.99,1,1,Stable,7.4913264827544985,Movies,0.5998578712549713,1,2.917228211978618,4.0201135330196545,1.38156792465512,15.29232224216515,0
U0772,28,Low,Ads,8.99,1,1,Stable,8.100805956659855,Movies,0.15071626752066558,0,1.4209103970938242,5.743138322440082,2.7544231899879246,0.0,1
U0773,42,High,Standard,19.99,1,0,Stable,8.353724274668826,Movies,0.11639994316607721,1,2.7157206283136177,3.672807899002108,3.6960195543932874,23.134199393523485,1
U0774,46,Mid,Ads,8.99,1,1,Stable,10.548837065760008,Series,0.6688757729463619,1,1.851657572158639,6.341056043741171,3.9182435038044368,21.925806003577684,1
U0775,42,Mid,Ads,8.99,1,1,Increasing,13.502209147973824,Movies,0.3438854431315011,0,1.4698969210134385,3.554238687174661,2.38054957690987,13.819952862251933,1
U0776,18,High,Standard,19.99,1,0,Increasing,6.567200326083536,Series,0.3376757245146523,1,2.505579137924873,3.5325953524807523,1.0,23.681111755214907,0
U0777,26,Mid,Ads,8.99,0,0,Increasing,11.906203720265367,Movies,0.24611596518209505,0,0.9555530001703711,6.732869655740522,1.0,20.449193743989408,1
U0778,32,Low,Premium,26.99,1,0,Stable,6.231818163578403,Movies,0.1866437043478893,0,1.8008467383876017,5.407096000317387,3.0264678634197106,33.52407534910806,1
U0779,34,Mid,Premium,26.99,1,0,Increasing,8.58747376670767,Series,0.4716664907506194,1,1.1628070161099116,3.125865384910105,2.542528944328894,5.064423646864618,0
U0780,42,High,Ads,8.99,0,1,Stable,4.812021588097275,Movies,0.8549940793613293,0,1.4038535182976295,3.596368667199183,2.3281285700136216,14.48875978944892,0
U0781,37,High,Standard,19.99,0,1,Increasing,3.920781438505772,Series,0.5394840190651942,1,1.5235535962980855,4.754371015693604,2.4826456645996755,30.013341854367166,1
U0782,18,Low,Premium,26.99,0,1,Increasing,8.905314862103133,Movies,0.1737498111655703,0,0.788849179122469,3.2140764140643965,3.178515912237696,24.49596892291268,0
U0783,39,Mid,Standard,19.99,0,1,Increasing,6.132054251666263,Series,1.0,1,2.891592132977744,4.924130087597652,2.7463434058917433,0.0,1
U0784,42,Mid,Standard,19.99,0,1,Increasing,11.783441035716109,Movies,0.5276509596384791,0,0.7500375817246204,4.994512819011264,2.5866553607653295,0.0,1
U0785,41,High,Ads,8.99,0,1,Stable,6.437843512959757,Series,0.7449651121170818,1,1.6147165972237296,3.6658702081430903,1.6064172787501692,18.00914310824893,0
U0786,47,Low,Standard,19.99,0,1,Declining,5.617180437899747,Movies,0.18338114113972662,1,2.648193324026418,6.800076669698836,3.2394790850405526,37.67781050206759,1
U0787,45,Mid,Standard,19.99,0,1,Stable,9.735051507830864,Series,0.8382966715373013,1,1.633529549586926,3.4592351015271716,1.6226995605022916,12.819192416976161,1
U0788,40,High,Premium,26.99,1,0,Stable,4.029409636435783,Series,0.7632549176465677,0,1.8091047634452662,7.991336526923151,3.1677464046784847,25.78725016256251,0
U0789,34,Mid,Ads,8.99,0,0,Declining,3.5507652229006252,Movies,0.3794179163676029,0,1.6223025910143232,5.06303166397843,1.8073452175777818,18.99121976908991,1
U0790,18,Mid,Premium,26.99,0,0,Stable,7.3617672491317,Movies,0.006739375425550587,0,0.9111780688163504,4.180683085500402,2.789429157149141,24.94673668446078,1
U0791,40,Low,Ads,8.99,0,1,Stable,7.625049631646521,Series,0.5960159995044344,1,2.888225409315834,6.578730886654544,3.963612143522065,30.848828284852903,0
U0792,37,Low,Premium,26.99,0,0,Stable,9.206995002544652,Series,0.9459861428330757,0,0.5,5.568892516274172,2.860572889123552,29.330350824048793,0
U0793,38,Low,Standard,19.99,0,1,Increasing,11.601459387121794,Movies,0.3940765639484081,1,2.583494828879347,7.0197853934531285,3.6163497890126024,28.908249099266797,0
U0794,19,High,Standard,19.99,1,1,Stable,7.193867251461478,Series,0.5247066945836274,0,0.676884237877155,1.497886200978079,1.828566109281322,10.620696241063044,0
U0795,22,Low,Standard,19.99,1,0,Stable,7.60680934119451,Series,0.5543085313822661,0,1.038350293567246,6.533702856678811,2.2961607363050565,16.1852806074775,1
U0796,47,Mid,Ads,8.99,0,0,Stable,7.66215178198098,Series,0.5681495386372366,0,1.0706450333494868,4.4614459150555135,1.8453859567412343,24.222116886141876,0
U0797,34,Mid,Ads,8.99,1,1,Increasing,4.590862905978733,Series,0.4400771572446122,1,3.068838390810871,5.575168562315857,1.0,23.78929309825567,1
U0798,43,Low,Ads,8.99,0,1,Declining,4.687249045290077,Series,0.5917510341274369,0,1.0493603707410524,5.323659968888804,3.268710226796445,25.136587379835927,0
U0799,35,Mid,Ads,8.99,1,1,Declining,5.496946435994184,Series,0.8885469059091099,1,2.2528283613587057,8.193232177275343,2.768877835609123,0.0,1
U0800,35,Mid,Ads,8.99,1,1,Increasing,10.37565257635532,Series,0.8658909757821958,0,1.0809132632935992,1.7790072664625147,2.69792203113933,32.36476694882728,0
U0801,46,High,Standard,19.99,0,0,Stable,5.151273119871681,Movies,0.19913281793518714,0,0.8086799265970799,8.72818904361508,3.4317658740007864,0.0,0
U0802,28,Mid,Standard,19.99,1,1,Stable,4.462404174942218,Series,0.8551794769101388,1,1.6818192527963378,6.912888195887219,1.0645884278471427,8.98926163587959,1
U0803,36,Mid,Ads,8.99,1,0,Stable,6.530934814963839,Series,0.7522282625305501,1,2.4852369965185432,5.804272914484385,1.0,20.343798002769653,1
U0804,29,Low,Premium,26.99,1,0,Stable,10.934732222182987,Series,0.7266677075223325,1,2.284166627765581,2.6329501298435702,3.441367212997764,17.647063726570813,0
U0805,29,High,Standard,19.99,1,1,Stable,5.361504974542663,Movies,0.4363823763280268,0,1.6812582902697633,2.1558643864202636,2.1296585804322756,35.02465910695215,0
U0806,31,Low,Premium,26.99,1,1,Declining,7.347856494709619,Movies,0.16392472424410887,0,1.1789682786526416,4.378106590033188,2.414850508074053,3.9505743061154472,0
U0807,37,Mid,Standard,19.99,0,0,Stable,10.16947928609024,Series,0.5188843630085769,0,1.1951705617012482,6.77020604821702,1.0,13.630879876314161,0
U0808,29,Low,Ads,8.99,1,0,Stable,7.090933052466387,Series,0.7665836806242652,1,2.7594517640466694,5.487994768270292,3.672124929615757,0.0,1
U0809,50,High,Standard,19.99,1,0,Stable,5.640304130693098,Movies,0.10862593122501046,1,2.076735445396942,6.656480267241143,2.8712554506877748,19.579204554279354,1
U0810,24,Mid,Standard,19.99,1,1,Stable,8.02563912731645,Movies,0.14184497892082476,1,1.4362457609473678,2.5732872248864838,1.6243996379338999,15.50296159206394,0
U0811,32,Mid,Ads,8.99,1,1,Increasing,9.584970876298488,Series,0.6612394849531812,1,2.808528193334112,5.588799346215422,4.285702086516464,3.120026115514843,1
U0812,29,Low,Ads,8.99,0,0,Stable,5.281792039619383,Series,0.4420934678681793,0,0.961429489401237,7.6907627503996085,1.0,33.71019045767167,0
U0813,52,Mid,Ads,8.99,0,0,Increasing,7.023591520884672,Series,0.7647788707401533,1,2.34013193601607,8.40377354063127,1.8705831593024596,30.959918852950487,0
U0814,37,Mid,Ads,8.99,0,0,Stable,7.907159704290662,Series,0.4491564087486909,1,1.9240917464012541,2.9920655425049016,3.1869613585536167,18.8650353998741,0
U0815,47,Mid,Standard,19.99,0,0,Stable,8.866880816337096,Movies,0.39887602897262936,0,0.8137491408255526,4.796155253516925,3.3532772467815355,31.661896077964556,0
U0816,18,Low,Standard,19.99,0,0,Declining,4.354419597369224,Series,0.6656143129301462,0,0.5,4.818405889124456,1.0,16.89079160121124,1
U0817,38,High,Ads,8.99,1,0,Declining,4.861732870223894,Series,0.5035810644205047,1,2.5034993930789082,4.247270487875801,1.9166313910305128,26.564985370242265,0
U0818,45,High,Standard,19.99,1,1,Stable,8.33727714102216,Series,0.5520706740690813,1,0.5,7.315539997736552,2.9457982506599714,28.357196982701222,1
U0819,35,Low,Standard,19.99,1,0,Stable,6.655026231652129,Movies,0.213997703992009,0,1.9491723880811342,10.0,3.6730599963569714,5.176764416516004,1
U0820,47,High,Ads,8.99,0,0,Stable,6.401346053408231,Movies,0.3462790588695527,0,1.8160080467704383,3.2725708213384666,3.588923932583282,23.18953448754968,1
U0821,28,Mid,Ads,8.99,1,0,Stable,5.489318360545548,Series,0.40766255198241463,0,0.8452488989897515,6.349536147723446,2.9004346631592917,20.020669269912332,1
U0822,51,Mid,Ads,8.99,1,1,Increasing,6.681946129877907,Series,0.5552984497005883,1,3.252951746040672,6.091064950332765,2.2896863922925923,5.710841638730924,0
U0823,62,Low,Standard,19.99,1,1,Increasing,17.006648274669768,Series,0.7496982015590432,1,3.536479515760528,6.133967160735504,2.020624344652309,2.670423727934761,1
U0824,30,Mid,Ads,8.99,0,0,Declining,4.607596679841836,Series,0.37264978418786576,1,2.136010117276293,8.165994472325242,2.698119760856289,23.974784523093646,1
U0825,29,Mid,Standard,19.99,0,0,Stable,9.730116643024449,Movies,0.2525861176044212,0,1.5054852202595341,6.246585948425523,3.634019320064357,14.617029962987315,0
U0826,52,Mid,Standard,19.99,1,1,Stable,10.367986675038141,Series,0.7036524819969898,0,1.3681348172649426,1.2274039479291954,1.985979008354893,0.4212533747328102,0
U0827,53,Mid,Standard,19.99,0,0,Stable,6.632835421013682,Series,0.18447104366386752,1,3.2081695888079658,2.6263508227964176,1.9268293274751633,24.953765894643805,0
U0828,28,Mid,Ads,8.99,1,1,Declining,5.736859616869538,Series,0.9711168072798675,0,0.6036838277236857,3.3661182985055103,3.3452534426368046,29.218031154722922,1
U0829,29,Mid,Ads,8.99,1,1,Increasing,9.307435446099097,Series,0.8090515828061867,1,2.1635782563797856,4.002867860519412,3.261609183462671,3.947266743938661,0
U0830,31,Low,Standard,19.99,1,0,Increasing,4.16345294802397,Movies,0.04233288395253593,0,1.7596989290303424,5.220836352739486,1.7001045157920083,17.98146798773771,1
U0831,18,High,Premium,26.99,1,1,Stable,3.8960539755036754,Series,0.17916084001364962,0,1.7067669375977004,5.070584033402885,1.0,36.22110297185883,0
U0832,23,Mid,Standard,19.99,1,1,Stable,7.097696933808546,Series,0.6059235174668123,0,1.2785959108892544,1.853204546948378,1.0,7.0631870312968505,1
U0833,22,Low,Standard,19.99,1,1,Stable,6.150172922782808,Series,0.3759511608195769,0,1.9961555364847046,2.282595474003683,2.3301658922595463,38.48610437618551,1
U0834,25,Low,Standard,19.99,0,1,Stable,10.78316067678718,Series,0.7922986580396824,1,2.440086996986481,1.2620364339026624,1.0954025772862954,14.114256028989638,0
U0835,34,Mid,Standard,19.99,0,0,Stable,6.526854122610763,Series,0.6788004324263376,1,2.368220110029516,2.3919729663893476,3.096260712945716,17.157880129188822,0
U0836,37,High,Premium,26.99,0,0,Stable,10.90185799413625,Series,0.6246758032674541,0,1.6485215119278391,7.482328507718092,1.0,1.2640401501593104,0
U0837,53,Mid,Ads,8.99,0,0,Declining,4.047217207728911,Movies,0.23594872299527953,0,1.269552339037069,4.959093593848046,3.813630092588345,1.702081878206691,1
U0838,23,Mid,Premium,26.99,0,0,Increasing,14.736601261826802,Movies,0.6700015279578706,0,1.3251307832579444,3.5945921192834303,1.8632038422233976,10.128451754014577,0
U0839,46,Low,Standard,19.99,0,0,Stable,8.012848993894693,Series,0.7506904201443371,1,1.8276248025206456,1.6648484834585395,1.401268647918515,28.627957595177577,0
U0840,32,Mid,Standard,19.99,1,0,Stable,8.126583791542394,Movies,0.4706331618041291,0,2.766701496605525,3.47435192655778,1.6588428795836414,46.08702463150743,1
U0841,34,High,Ads,8.99,0,0,Increasing,7.464708129799051,Movies,0.5900111929254884,0,1.0632935619177062,6.714365321818268,1.3352324197525336,49.27104664540033,0
U0842,43,Mid,Standard,19.99,0,0,Declining,6.153834360807378,Series,0.39622782730142614,0,1.6646222252341678,6.4513280377800655,3.7147042755083013,16.521013289253457,0
U0843,21,Low,Standard,19.99,1,0,Declining,8.3854268661625,Series,0.856947573807818,1,3.4452343096554814,4.995074190094079,2.8716298383466596,13.722855472761108,1
U0844,39,Mid,Ads,8.99,1,1,Increasing,8.565517517819588,Movies,0.2970783407274725,1,1.494308081692671,4.965922588591509,2.2968512509333823,6.189046833372258,1
U0845,36,Low,Ads,8.99,1,0,Increasing,7.981809553900146,Movies,0.41694593932048996,0,1.60558728112137,1.9574959123308995,1.0,31.37633015198141,1
U0846,40,Mid,Premium,26.99,1,1,Stable,6.506474922279823,Movies,0.3187073980656133,0,1.3115813507348038,3.9478873915452404,2.144957034437631,9.287411026096756,1
U0847,38,Mid,Standard,19.99,0,0,Declining,8.240223210012875,Series,0.22442687872528289,1,3.3768389653289432,6.611159668602605,1.4293773474203442,15.153663488150489,1
U0848,64,Mid,Standard,19.99,0,0,Stable,8.710702414002172,Movies,0.5414696521944495,0,0.8453944430367651,4.1503706410359245,1.0,23.96348729063294,0
U0849,27,Low,Ads,8.99,0,0,Declining,7.895359980942237,Series,0.23510333541850875,1,1.8486471553634574,8.74695280971288,1.5063941520436415,23.416057963686377,1
U0850,28,High,Standard,19.99,0,0,Stable,7.627245420968539,Series,0.40669587999748497,0,1.2750459162299417,7.9111310487288495,2.8052397407313094,10.673921337535594,0
U0851,27,Mid,Standard,19.99,0,0,Declining,5.078638713555664,Movies,0.2594350739143757,0,1.0532428050452063,4.592451159067586,1.7738606127146956,16.858354354238756,1
U0852,28,Mid,Standard,19.99,1,1,Increasing,10.271832117211897,Movies,0.0,0,1.0703611900460759,4.969267957434348,2.05501045977914,10.994019282012694,0
U0853,27,Mid,Standard,19.99,0,1,Stable,9.14031706882508,Series,0.37987547543925837,1,3.517057593695492,9.946150486210621,3.2409940622016915,8.010260241630318,1
U0854,49,Mid,Standard,19.99,0,0,Increasing,8.258645272236405,Movies,0.39896401815680627,0,1.3635213509114235,7.194389832260422,3.061951408043767,5.697474025828413,0
U0855,52,Mid,Standard,19.99,0,0,Declining,7.737353986713573,Series,0.5306697616928926,1,1.8291887399013225,5.6405504127441395,4.1609172124279175,0.3410540926449954,1
U0856,28,Mid,Ads,8.99,1,1,Stable,7.731661114131754,Series,0.5471694252549698,0,1.1049916246513547,5.871405149878038,1.0,22.342989179353882,1
U0857,25,Mid,Premium,26.99,0,0,Increasing,1.7811655859094646,Movies,0.16699870980228196,0,1.5024457796750914,5.79778461790091,1.3577122602014953,15.11214136417977,0
U0858,40,Low,Standard,19.99,0,1,Declining,6.766986854210389,Movies,0.3592362647515779,0,1.4686837923655638,5.466052812072806,3.108141701543489,4.373650989623435,0
U0859,28,High,Ads,8.99,0,0,Stable,4.455389973476035,Series,0.5349503949606802,0,1.011368124791976,3.3580449051725094,2.6313953877011516,3.2653549488783327,1
U0860,42,Mid,Standard,19.99,0,0,Stable,8.718345521347974,Movies,0.02180691979632654,0,0.5,4.695367418981953,2.2994662783682727,3.077476947828414,1
U0861,37,Low,Premium,26.99,0,1,Stable,8.803035996476332,Movies,0.3098162660858144,0,1.2747298702748968,2.6279209622506463,1.5952085863086236,10.654180523600882,1
U0862,18,Mid,Ads,8.99,0,0,Declining,5.659785194762416,Movies,0.10161763461637185,0,1.2612025373135152,6.949621196565468,2.4264514711797225,31.508059964853217,0
U0863,53,High,Ads,8.99,0,0,Stable,8.087361797753388,Series,0.7795394223885129,1,1.9123218673402462,5.235024425837867,2.3688868407093544,9.824612414198977,0
U0864,56,High,Standard,19.99,1,1,Stable,9.197741575687974,Series,0.5216986530602791,0,1.9398898830329108,7.050969533037467,1.0,24.6916431058484,1
U0865,27,Mid,Ads,8.99,0,0,Stable,6.008744652378545,Movies,0.8543048861461572,0,1.5872889504251062,2.9511438851289293,2.413633787075697,36.72653055554392,0
U0866,30,Low,Standard,19.99,1,1,Declining,6.586859319404957,Series,0.7933805073042904,1,2.380891018941024,8.344158527209373,1.6829695888066167,20.02170502307962,1
U0867,38,Mid,Ads,8.99,0,0,Stable,9.326046605914073,Movies,0.32394616494256623,0,1.1196443537349636,8.095420111044046,3.0410642551175044,8.82184099210073,0
U0868,39,Low,Standard,19.99,0,0,Stable,10.520165195076956,Series,0.7158957666447837,1,3.339817174087226,2.351143192680323,2.544656400173534,16.926090043990428,0
U0869,42,High,Ads,8.99,0,0,Declining,2.7884394278805935,Movies,0.0,0,0.7227635795729102,4.4882396104466125,4.155905285245898,17.479878064148497,0
U0870,59,Low,Ads,8.99,0,1,Stable,7.817032129975536,Movies,0.5424758813819511,1,2.00204236163696,4.705342052917928,2.1999265858552897,38.731552143071646,1
U0871,32,Low,Premium,26.99,0,1,Increasing,6.115532402815607,Series,0.4359419005685016,1,2.0285791492169203,2.624210073105712,1.1086888802030195,0.0,1
U0872,25,Mid,Standard,19.99,0,0,Declining,2.9921559645970044,Movies,0.3679466074088707,0,1.4494803066934798,4.980263913720485,1.0,31.38739042481835,0
U0873,18,Mid,Standard,19.99,1,1,Stable,7.7180555448119605,Movies,0.20447549742999763,0,1.6304424151872345,6.616183726643049,1.2617242736238543,0.0,0
U0874,26,Mid,Ads,8.99,1,1,Stable,7.154911629592277,Series,0.47573632495132756,1,1.4980552286180482,4.561142278147053,2.577351361228973,27.739965557713113,0
U0875,34,Mid,Standard,19.99,1,1,Declining,7.29000295704397,Series,0.5637735820041149,0,0.9576949876728535,2.074236183782477,2.832870781266365,13.088212176646262,1
U0876,56,Low,Standard,19.99,0,1,Declining,4.3076471008115815,Series,0.6153665550013235,0,1.5238221965383572,7.044976208113572,1.5947971417845883,39.910360881478745,1
U0877,28,Low,Premium,26.99,1,1,Stable,6.731897127605978,Series,0.5946168238421415,1,1.9009120362223086,3.9166082747873494,1.769870496560206,26.084394650429367,0
U0878,37,Mid,Premium,26.99,0,0,Stable,7.423008524676369,Series,0.5996030751723943,1,2.058934348002205,4.127458521122793,2.269936329275982,24.881861042637784,0
U0879,34,Low,Standard,19.99,1,0,Declining,3.276342297127088,Movies,0.0248634585037113,0,1.3863223510849703,8.862584810087668,2.5800532093206097,6.698419636555148,1
U0880,49,Mid,Standard,19.99,0,1,Increasing,6.830790464952207,Movies,0.8164099208528218,0,0.8100372596550315,6.293308508582852,3.2200816888505175,39.66346181447067,0
U0881,65,Mid,Standard,19.99,0,0,Stable,9.232197331545105,Movies,0.396396065813602,0,1.4388056613563505,3.881880996069781,1.6124228289253453,51.78081786813191,0
U0882,28,Mid,Standard,19.99,1,0,Stable,5.902089917437783,Movies,0.4375134691274264,1,2.6675359020414966,3.1218041671639627,1.457368835194841,42.13739312308953,1
U0883,29,High,Ads,8.99,1,0,Stable,9.364953132899371,Series,0.5320017778409878,1,2.323032067229498,7.431781121784268,4.224792435676717,5.962762970078085,0
U0884,47,High,Ads,8.99,0,1,Increasing,10.821937742004884,Movies,0.17516906108847563,0,2.01269190755019,7.294089921616463,3.98322847915437,15.721507824377312,0
U0885,43,High,Ads,8.99,0,0,Declining,1.9049379490221292,Movies,0.3802071461940349,0,1.6627112560315347,4.486537926520889,1.6705738253061435,3.7373512924679257,0
U0886,57,Low,Ads,8.99,0,0,Stable,8.060757383675575,Movies,0.40785538212820543,0,1.2795391339024857,2.9819800291988825,3.3425391113428455,10.68575270853626,1
U0887,42,Low,Ads,8.99,1,1,Stable,8.044959646188255,Movies,0.6103617754909465,0,1.1392876088342656,6.271198559612247,4.404708758989549,21.402240238620664,0
U0888,30,Low,Standard,19.99,0,0,Declining,5.845857217022571,Series,1.0,0,2.177359619802849,6.6878437737052,3.5169583387898995,26.755652486098754,0
U0889,42,High,Standard,19.99,1,1,Declining,4.716246547233978,Movies,0.645404480798043,0,0.9692714481211875,4.754519817316369,1.437090299383334,24.39697440084909,1
U0890,48,High,Standard,19.99,0,0,Declining,3.1198650892162965,Movies,0.0,1,2.136696466570454,3.293673205137099,2.304812505150528,0.0,0
U0891,44,High,Ads,8.99,0,1,Stable,9.69242553222524,Series,0.5079163718380414,1,2.054109982774322,5.549517200274377,1.0,17.56373917635966,1
U0892,41,Low,Ads,8.99,1,1,Declining,4.796840822554329,Series,0.6671634239908735,0,1.4989016948829215,6.423498641369549,1.2350531376737663,24.21086656974743,0
U0893,47,High,Standard,19.99,0,0,Increasing,6.349781518993896,Series,0.5199428695175132,0,2.4275781472565465,4.525802327963668,2.1846987046108572,29.383876921778505,0
U0894,49,Mid,Ads,8.99,0,0,Increasing,10.372406058264025,Series,0.5912346366508527,1,2.448003625945312,6.023786419452202,2.4197558072292162,23.138012730137532,0
U0895,51,Low,Standard,19.99,0,1,Declining,3.5144400585334856,Series,0.17097275118136374,1,2.106755564405244,6.221947391411804,1.5070092183560317,23.863893556009554,1
U0896,42,Mid,Premium,26.99,1,1,Stable,5.1018279434297575,Movies,0.5328426001966609,1,2.4132029436040683,7.790927884472934,1.0,15.142428516271515,1
U0897,32,Low,Ads,8.99,1,1,Declining,4.2490547755951225,Movies,0.0,0,0.6435706957739777,4.658633506360422,2.3935628573236065,21.262418345292446,1
U0898,36,Mid,Ads,8.99,1,0,Declining,3.6692044713638508,Series,0.2855020951705333,1,2.1873293554285564,3.221487917954285,2.9281716263489566,49.01525921593801,1
U0899,49,Low,Standard,19.99,1,1,Stable,5.175515496030851,Movies,0.14706584314167082,0,2.1520421445625244,5.3653606589281075,2.9661231188818507,32.483143938602026,1
U0900,25,Mid,Premium,26.99,1,0,Stable,8.612823524523519,Movies,0.33049320924624015,0,1.6309949989819723,8.875004133303024,1.9941481660498668,22.37688398626863,1
U0901,39,Mid,Standard,19.99,0,1,Increasing,8.658516556612803,Movies,0.02545492896422813,0,1.9154836603688286,1.973751843113432,2.064838443789876,26.74466508452393,0
U0902,30,High,Premium,26.99,0,1,Stable,9.504559891031784,Movies,0.1379215531870339,0,1.8066732025459962,1.0,2.4465056422476734,18.910330773963338,1
U0903,35,Mid,Ads,8.99,1,0,Stable,5.290981044540128,Series,0.829789008461909,0,0.9456001870648402,5.2839228502012805,2.6088991541846482,18.851872570825265,0
U0904,50,Mid,Premium,26.99,1,1,Declining,1.544877924727328,Movies,0.3275279293949151,0,2.2559941190987405,4.741449393318031,2.1065506752259613,29.405206598818452,1
U0905,37,High,Ads,8.99,0,1,Declining,5.297540698498833,Movies,0.43670939573961237,0,0.5,5.083269989303894,1.0,10.812614526511275,0
U0906,35,High,Ads,8.99,0,0,Increasing,14.567936765419248,Series,0.352751443150051,0,1.466248694280846,5.008852193752597,3.5970475724532163,16.446463073629058,0
U0907,18,Low,Premium,26.99,0,0,Declining,6.061973658724004,Series,0.5892327950885541,1,1.064209963539035,7.511153955749462,1.735661981998433,1.5587721156967795,1
U0908,43,Mid,Premium,26.99,0,0,Increasing,18.646122588638498,Series,0.5728266787377263,0,0.5,5.415076492898864,1.0,27.315132204463772,0
U0909,42,Low,Ads,8.99,0,0,Declining,5.664118241898177,Movies,0.19094590581872206,0,1.7677825754206031,7.139178800857321,1.807415493240331,30.835240538244552,1
U0910,60,Low,Ads,8.99,1,1,Stable,7.471104422576181,Series,0.5897845791764282,0,0.9543336137319592,1.0,2.311686208155225,25.23696944478621,0
U0911,31,Mid,Ads,8.99,0,0,Increasing,2.533911986826247,Series,0.22157494143541634,0,1.9224427888677578,4.441923556282752,1.590918274354826,15.188570802635752,1
U0912,37,High,Ads,8.99,1,0,Declining,5.855894881177057,Movies,0.43772174886722626,0,0.5,3.8694076277121034,1.6599610876104007,17.47007918587737,1
U0913,37,Low,Ads,8.99,1,0,Stable,7.337335520038582,Movies,0.2701014564893714,0,1.2557458997398299,1.0,1.8753645221370994,19.76286696708064,1
U0914,53,High,Premium,26.99,1,1,Stable,6.185157603590926,Series,0.5485561216353044,0,0.6920287708210734,5.706793161051949,2.5618118684226876,31.13877179431335,1
U0915,33,High,Standard,19.99,0,1,Declining,4.726442265881859,Movies,0.5203531604233567,0,1.1357393412498935,5.29938003392404,1.401011138091203,30.43735771203943,1
U0916,38,High,Standard,19.99,0,0,Stable,6.863798851315642,Movies,0.4364066954916018,0,2.074174307658771,4.565904782129321,2.5374424908098834,0.783458686792919,0
U0917,42,Low,Standard,19.99,0,0,Declining,4.640141694135872,Movies,0.28633216218777763,0,2.1959011067644543,5.2480475279361745,1.0,7.461231844059036,0
U0918,37,High,Standard,19.99,0,0,Declining,9.179429926251922,Movies,0.12668279417759332,1,2.6077573491498516,5.7067811663851895,4.205885451598916,23.213406221906013,0
U0919,29,Low,Standard,19.99,0,1,Declining,4.2582759443899825,Movies,0.6157322809575181,0,0.5026901932760671,7.5261973508884275,3.2723159787458647,1.938104487379512,1
U0920,37,Mid,Standard,19.99,1,1,Increasing,9.507941171561573,Movies,0.08197559961446282,0,0.6966575571128706,6.785059503970744,1.925330606314835,29.023640694429336,1
U0921,47,Low,Ads,8.99,0,0,Declining,4.192197833227587,Movies,0.4758733805202302,0,1.3800274810666389,6.157109454701267,2.5347500006750727,14.695669254381883,1
U0922,22,Low,Standard,19.99,1,1,Declining,6.56686237328776,Movies,0.030521211158726858,0,0.8970455477351018,10.0,1.0318309161716177,26.486209963460084,1
U0923,36,Mid,Standard,19.99,1,1,Stable,7.353527399944413,Movies,0.533574660629025,0,1.6289862691310757,4.08385412044987,2.7618216788714425,18.410517349084422,1
U0924,26,Mid,Premium,26.99,1,0,Stable,6.440178853659037,Series,0.8021201705767137,1,3.3055550760100116,2.780197283741185,3.045408557919197,16.815005440217437,1
U0925,49,Low,Premium,26.99,1,0,Stable,3.1480641081856344,Series,0.21747783136230636,0,0.8086650529880147,7.848304195341902,2.4663273034040305,4.955359353494714,0
U0926,18,Low,Standard,19.99,0,1,Declining,5.4866164505775,Movies,0.4398670105375869,0,0.8524692201207147,9.233676225794374,3.1022843194974183,11.430613138760645,0
U0927,28,Mid,Standard,19.99,1,1,Stable,6.380847452840499,Series,0.6733007295499709,0,0.7097824101723614,4.229615746685317,2.1929683400627216,16.616452405773696,1
U0928,39,Low,Ads,8.99,0,1,Stable,6.878518686225798,Series,0.7406098609372053,1,2.147444644529449,8.255603689403488,2.098616429485188,16.21836620749141,1
U0929,53,High,Standard,19.99,1,0,Stable,4.635084105509334,Series,0.6730480550036637,1,2.3313364879189318,4.433088365221904,1.5401316790424726,26.69084566479271,0
U0930,34,Low,Standard,19.99,0,1,Declining,7.866564345440391,Movies,0.15753686144195547,0,1.310790741490946,6.669506031013663,2.755903656682947,10.287226437214983,1
U0931,28,Low,Ads,8.99,0,0,Stable,8.713486351687743,Series,0.5565534065060258,1,2.8386111723783443,6.780545850425492,1.3634414776738657,17.644690083858272,0
U0932,57,Mid,Standard,19.99,0,1,Stable,9.861411995281264,Series,0.9329293072867938,1,2.535782967858091,4.237894214958614,2.614358928441849,36.053632286656075,1
U0933,18,Mid,Standard,19.99,0,0,Stable,9.293958601561908,Movies,0.1284373048100853,0,1.2706429241539428,9.193450027004653,2.5032225570375766,27.858663470753967,0
U0934,18,Mid,Ads,8.99,0,0,Declining,6.184634604254923,Series,0.6645715916702345,0,1.3204577042422998,9.423165247537666,3.543983310861173,19.258246474681957,1
U0935,40,Low,Premium,26.99,0,0,Declining,2.7154349825471145,Series,0.8302507747910101,1,2.351307269886268,3.4575869827682757,2.783502861391101,0.5033260447800814,1
U0936,28,High,Ads,8.99,1,1,Stable,10.686774328143716,Movies,0.15184943822787098,1,2.2653175863253727,5.902108492763025,1.0,1.5156992187962182,1
U0937,22,Mid,Premium,26.99,0,0,Increasing,6.217094547337469,Series,0.3166426705768373,1,1.8937312008006006,7.329004550761939,1.536481100224449,25.648609847523737,1
U0938,43,Low,Standard,19.99,0,0,Declining,4.4631847518500765,Movies,0.09677953326977506,0,0.6984646805678869,1.7348333244530925,1.5105137800007653,26.877648588214477,1
U0939,37,Mid,Ads,8.99,0,1,Stable,8.413804561253842,Movies,0.4289942723152799,0,1.3711385742798112,5.552461226297086,1.4681159813061844,0.0,1
U0940,28,High,Standard,19.99,0,0,Declining,6.5130815743748105,Movies,0.09507924540166113,0,1.0503498889487113,2.1936443204595766,3.166601181496465,26.397451620928855,0
U0941,19,Low,Standard,19.99,0,1,Stable,8.144473453889116,Series,0.5729279918735847,0,1.562551959720107,6.834968506321899,1.0,11.254617290651902,1
U0942,45,Low,Standard,19.99,1,0,Stable,6.199423037341821,Series,0.874254279260644,0,1.3359913401989278,5.671946387716862,3.62445332609971,13.135616042048806,0
U0943,42,Mid,Standard,19.99,0,0,Increasing,7.179205117933575,Series,0.5897383751182738,1,2.3089486697332453,4.752461813986979,3.1985348722226123,28.666830483458902,0
U0944,33,Mid,Standard,19.99,0,0,Declining,10.069065137212274,Series,0.4444374423678392,0,1.792236853532878,2.366197183181668,2.3857545379376934,26.788360917889797,0
U0945,57,Mid,Standard,19.99,0,0,Stable,6.921372123000333,Movies,0.37508193454267713,0,0.5976941644223251,4.302796372149415,2.549199060671282,16.815418909716154,0
U0946,22,Low,Premium,26.99,0,1,Stable,6.676457230722328,Movies,0.3362654291863349,1,3.3615494886327006,6.538393961070194,2.2750105842989075,26.258579890129948,1
U0947,18,Low,Ads,8.99,0,0,Increasing,6.859330527183739,Series,0.6905315277606484,0,0.5,5.418059757941297,2.3585826532472214,13.637831221307765,0
U0948,26,Mid,Standard,19.99,1,1,Stable,7.489340698141915,Series,0.9238289107637705,0,2.025397847646295,7.885061656677637,3.326343440160244,8.522175590017982,0
U0949,34,Low,Ads,8.99,0,0,Declining,5.396045601156142,Series,0.6793537717673951,1,2.4205021984257695,7.755517064608657,1.9762961578962293,33.11936017077512,0
U0950,37,Mid,Standard,19.99,0,1,Increasing,8.951321373887113,Movies,0.7567565023531808,0,1.0379782138419043,7.670589444591458,2.800339277271923,33.90923932807863,1
U0951,32,Mid,Standard,19.99,1,0,Declining,5.763453293575772,Series,0.6910603806955085,1,1.417018178744927,4.424462634789064,1.3287480678126715,10.277281231799797,0
U0952,39,Low,Ads,8.99,0,0,Stable,10.527075004884708,Movies,0.19653374145839117,0,1.0002551854842872,6.089950585365054,2.7325374601935692,11.59478529978877,0
U0953,19,High,Ads,8.99,1,0,Increasing,7.214841881127304,Movies,0.8076605988457202,0,1.2181614710747208,3.569531519733705,1.9272624668519014,28.695872632180563,1
U0954,52,High,Ads,8.99,0,0,Declining,5.08616748440424,Series,0.5750363965309566,1,2.416950832133098,2.9801311716973635,2.6279853771639408,9.678341233353985,1
U0955,34,Mid,Standard,19.99,0,0,Stable,5.704303094898888,Series,0.38902155362179897,0,2.0227986943072023,7.863706795984755,1.3354292844313271,27.609750954890533,0
U0956,48,Low,Standard,19.99,1,0,Increasing,9.884095082476884,Movies,0.8147457327259869,0,1.3367070996074981,3.126951955149875,2.6492459712580203,5.7066209848269445,1
U0957,39,Low,Premium,26.99,0,1,Increasing,7.294591495876743,Series,0.4533766227639041,0,1.459827012422378,2.912092561798205,2.153229323070974,14.560312966329523,1
U0958,40,Mid,Standard,19.99,1,1,Stable,5.94911401713162,Movies,0.1955221135928209,0,1.475056896157675,5.71038931211788,3.7648538168840213,29.743037325958518,0
U0959,41,Low,Ads,8.99,0,1,Declining,2.080953251888748,Movies,0.23970589839111822,1,2.103477399594489,4.958648240049965,2.4589504111986633,6.371249099254179,0
U0960,40,High,Premium,26.99,1,1,Stable,7.19558956563935,Series,0.6329252826644409,0,1.203896537062178,5.131563427532471,2.6932323947716963,10.944898265817926,0
U0961,42,Low,Standard,19.99,1,0,Stable,7.859539243809954,Movies,0.5361722794897774,0,1.2465237747957225,10.0,1.758479249562464,22.515017113818036,1
U0962,50,Mid,Standard,19.99,1,0,Stable,10.72095270638459,Series,0.07024167726236252,0,1.6132273046005436,3.5110672979841704,2.51209107228004,0.0,1
U0963,37,Mid,Ads,8.99,1,1,Increasing,10.408507443569535,Series,0.7853000970623003,0,0.8435356248161583,6.490066422838552,2.674009233384573,18.87429829949166,1
U0964,43,Mid,Standard,19.99,1,0,Declining,4.100631753405361,Movies,0.23909307953407377,0,1.0467114438707423,5.673385115925281,1.8457592976893311,31.934854622024766,0
U0965,33,Low,Premium,26.99,0,1,Declining,2.2806418246278204,Series,0.5174211113679733,0,1.4781696135223932,7.518677855849127,1.7677650994508505,28.377593883777067,0
U0966,52,Mid,Standard,19.99,0,0,Stable,4.557425988669044,Movies,0.6930383621842635,0,0.7617582470468813,3.9284222539660067,1.3933775745155508,17.404445124533396,0
U0967,26,Low,Ads,8.99,0,1,Increasing,5.113114981584083,Movies,0.39266163197379994,0,1.3568250936569286,5.051070327980185,2.123948359070002,18.247531324566356,1
U0968,56,High,Standard,19.99,0,0,Stable,10.756084070898762,Series,0.6895402695730203,1,1.972593461858537,5.728293338759774,1.5468409979201332,35.901725198454685,0
U0969,34,Low,Premium,26.99,1,1,Increasing,9.86343149077911,Movies,0.3402879770360874,0,1.552643114966011,2.632357627538952,2.4922568645881826,34.44696255585247,1
U0970,18,High,Ads,8.99,0,0,Increasing,7.251101342214322,Movies,0.5027285167764671,0,1.9869114913950647,1.8888993413194077,1.409594848049506,16.86491916855735,0
U0971,36,High,Standard,19.99,0,1,Increasing,6.1204211845402074,Series,0.9236021145909756,0,1.0276864039652556,5.458402721299316,2.077508131891168,10.44439154964576,0
U0972,26,Low,Premium,26.99,1,1,Increasing,6.431676478818235,Series,0.10498694338539205,0,1.6788504206501016,8.17527487322338,1.2542482969858264,28.287527630601513,1
U0973,45,Mid,Ads,8.99,0,1,Increasing,7.172101816480865,Series,0.8169235981472486,0,1.4003015926655582,4.795592537803087,3.3443924077754446,31.566744391418812,0
U0974,27,Low,Standard,19.99,0,0,Increasing,12.948765648765457,Series,0.9094066127750706,1,2.069707669230547,5.069830809792588,2.224850052061036,34.54480693069202,0
U0975,29,High,Standard,19.99,0,0,Stable,6.940113105884501,Series,0.7002126495801184,0,1.3033158649225396,7.801411452932037,2.2159235470357284,25.003279468083843,0
U0976,18,Mid,Standard,19.99,0,0,Declining,2.105067165452102,Series,0.46452751545903015,1,3.0787741041410266,5.20236815994552,2.7954799474109358,13.726589412892832,1
U0977,29,Low,Standard,19.99,1,1,Declining,9.620918549460743,Movies,0.1195455104199645,1,2.1969080983444793,7.053817946276314,3.9752449393302545,0.0,1
U0978,18,Mid,Ads,8.99,0,0,Declining,2.7196777212682055,Series,1.0,1,3.0854645125118147,10.0,2.28109562039102,41.25922778928603,1
U0979,18,Low,Standard,19.99,0,0,Declining,3.8183293801522655,Movies,0.1690032626754271,1,2.2280201005348714,4.345871399770376,1.0,37.23399944984539,1
U0980,44,High,Ads,8.99,1,1,Declining,7.620288775267764,Series,0.9035283142112503,0,0.5937864327750282,5.145890557812163,3.3819351908455086,8.796115125726429,0
U0981,44,Low,Standard,19.99,0,0,Increasing,10.2454488978272,Movies,0.4281022648951543,1,2.2119557733780595,6.292436287789627,1.0,20.28827370063285,0
U0982,40,Mid,Ads,8.99,1,1,Stable,6.060154000751581,Series,1.0,0,0.5548471574277253,8.483247512509411,1.7035603778813062,15.350648280765295,0
U0983,23,Mid,Ads,8.99,1,0,Stable,4.53726614781233,Series,0.5363479671380268,0,1.1411439527474891,5.269746446087684,3.392519600555608,18.794666963827257,0
U0984,34,High,Premium,26.99,0,0,Stable,5.066619782149947,Series,0.2784838152766224,0,1.1219407994984332,6.958538499485098,1.8647771374492776,13.19550889111883,1
U0985,34,Low,Standard,19.99,0,1,Stable,5.1870077618470685,Series,0.6004341694391885,0,2.2084278289539307,6.195770231028758,1.6277297503689039,26.29828509500349,1
U0986,21,Mid,Premium,26.99,0,1,Declining,5.014063595699099,Movies,0.05271047241991661,1,3.265620584550426,5.355520068544839,2.4813015615621885,4.3912597399337425,0
U0987,53,Mid,Ads,8.99,1,1,Increasing,9.57318545184391,Series,1.0,1,2.351238669845036,4.659156812222099,2.209685952754445,13.27369178146645,1
U0988,45,Mid,Standard,19.99,0,0,Stable,6.702690742737315,Movies,0.4758996448161751,0,1.9056782157353438,4.281569441901634,1.5066173802707845,28.482198363858387,0
U0989,32,Low,Ads,8.99,0,1,Stable,6.921572372151341,Series,0.7556260898708915,1,2.0613545059846032,10.0,3.07759699195726,0.0,0
U0990,35,Low,Standard,19.99,1,1,Declining,2.8985536096113584,Series,0.7557540566052109,0,0.5863780240378701,2.4179035500661534,3.427975635255818,21.702377833978595,1
U0991,37,Low,Standard,19.99,0,0,Stable,7.586272212447778,Series,0.4612820638753346,1,2.6166959316485445,2.607420638958095,3.5879220491938995,11.426538385132446,1
U0992,18,Mid,Ads,8.99,0,0,Increasing,12.841555910510989,Movies,0.32359390149658895,1,2.5168296366808924,5.9894808957861585,2.751760864043966,37.38427678763105,1
U0993,32,Low,Premium,26.99,1,1,Declining,4.674416636500863,Movies,0.3720729262719543,0,0.8312352210009273,5.906531997869584,1.4989331942013777,21.94917478922974,0
U0994,26,Mid,Ads,8.99,0,1,Increasing,8.45313988071158,Series,0.9887776926838913,1,1.7640184342117449,6.352705659718925,1.0,8.555554191326738,0
U0995,22,Low,Standard,19.99,1,0,Declining,5.166002104105696,Movies,0.11858164028353349,1,2.8637400583353854,3.7509099651986464,1.0,35.42442666154909,0
U0996,31,High,Premium,26.99,1,1,Stable,9.236409719518782,Series,0.45428322204904004,1,1.2898819982160346,3.44705500992321,3.2331148015483775,18.26133174956773,1
U0997,56,High,Premium,26.99,0,0,Increasing,6.315831001684078,Series,0.5274137787547969,1,2.634908645432355,4.929006341729753,2.3945689895059523,19.57508700958081,0
U0998,42,Mid,Premium,26.99,1,0,Increasing,13.352542007196407,Movies,0.21527066817787174,1,2.111314521711695,7.315228477795847,1.781084252140803,28.64746289252242,1
U0999,28,Mid,Ads,8.99,0,1,Declining,5.842444478870475,Series,0.3082147090964898,1,2.635738164038058,3.4645311431128607,1.0,10.730695440247363,0
U1000,41,Low,Ads,8.99,1,0,Declining,5.057361391397736,Series,0.0590590959150149,1,2.892983436374422,5.8022496337945,1.0168986730738436,35.36743673776957,0
U1001,51,Low,Ads,8.99,0,0,Stable,9.42647767332864,Series,0.23463110686575328,0,0.8628380926621726,4.475480921735364,1.0,24.92478188909859,0
U1002,46,Low,Standard,19.99,0,1,Declining,2.6358758522470884,Series,0.819805986516298,0,0.7299137591001982,2.4510381840895517,3.6419052711993594,10.304831196459748,0
U1003,35,Mid,Standard,19.99,0,1,Stable,8.044091072489417,Movies,0.3483562198041559,0,2.033143210648371,2.9371846366618075,2.8356970617386565,12.810704135765214,1
U1004,27,Mid,Ads,8.99,0,1,Stable,7.8606191290132355,Movies,0.5171077832508139,0,1.2714068029882568,7.320695560152139,1.0,2.9233589468174266,0
U1005,43,High,Standard,19.99,1,1,Stable,5.129089871212415,Series,0.48349728081832755,1,2.4966487016319294,4.292334086420263,3.8350695829475794,21.69269075539684,0
U1006,39,Mid,Ads,8.99,1,1,Declining,5.921276245907642,Movies,0.3303328679481813,0,1.7553853517259213,7.987617360435355,1.4778574110319438,15.86667394634154,1
U1007,45,Mid,Ads,8.99,1,1,Stable,7.566610358760973,Series,0.9226315001917768,1,1.723227184231174,5.4255047602219895,2.5492797594794494,21.752446279196572,0
U1008,42,Mid,Standard,19.99,0,0,Increasing,8.463785640930197,Series,0.9105445211314833,1,2.841177124215408,2.7643475455710043,2.55161933214525,0.0,1
U1009,47,Mid,Standard,19.99,0,0,Stable,8.725635110460665,Series,0.7883944265184548,1,2.684091923627025,6.454397805928896,2.106092648194685,11.713072082889841,1
U1010,28,Low,Premium,26.99,1,1,Stable,5.85649149528467,Series,0.6404835574580837,0,2.0350114325745565,3.897317713085714,1.8969081003077513,6.214661333842253,1
U1011,50,Mid,Ads,8.99,0,0,Stable,7.540642491686738,Series,0.7035938855098481,1,3.1715497875884635,4.746309554126832,2.2339946059773377,23.91584978195141,1
U1012,37,Mid,Standard,19.99,1,1,Declining,4.736652435089362,Movies,0.42412765972907845,0,1.331718266741034,7.76544826568826,1.9200207625063332,10.778283157356793,1
U1013,59,Mid,Ads,8.99,1,1,Declining,3.770606353984665,Series,0.5666146412691764,0,1.676528088311597,2.920642891351531,2.4490994851949064,23.644058863287395,1
U1014,26,High,Ads,8.99,0,0,Stable,8.005769370237543,Movies,0.2691260381119204,0,1.3222756023188664,4.6007695325093065,2.488785739480782,11.603118538584782,1
U1015,55,Low,Standard,19.99,1,1,Declining,4.584528505301697,Movies,0.5744735890602252,0,1.3726220777994447,3.3329359947104824,1.6757747237383969,37.51312269634783,1
U1016,37,Low,Premium,26.99,1,0,Stable,4.053987082580907,Series,0.3408744902207729,1,1.6226844936426754,3.119334149791299,3.3012451800493094,18.61918459945084,0
U1017,27,Mid,Ads,8.99,1,0,Stable,3.3978677905640313,Series,0.8974716554497284,1,2.1653029002363815,4.553617623431709,1.3629631623067997,28.990150399771107,0
U1018,29,Mid,Ads,8.99,0,1,Stable,8.578114936166404,Movies,0.2949114386504371,0,0.5,3.784860513687984,2.5902011300250054,16.63962589880651,0
U1019,31,Low,Standard,19.99,0,0,Declining,2.5587997855463387,Movies,0.08718929906046341,0,1.2312597685495839,4.952185953816679,1.860622259336514,29.0743022633194,1
U1020,40,Mid,Ads,8.99,0,0,Stable,7.558768986801212,Series,0.49089902846067757,0,1.9600213806757827,6.777680122063604,1.3310068694361439,8.724002600568353,0
U1021,41,High,Premium,26.99,0,0,Stable,7.109903787256301,Series,0.4251184225817452,0,1.6889646258681885,3.998278996843303,1.9225817948350177,17.496292256088847,0
U1022,28,High,Standard,19.99,0,0,Declining,4.262936446058201,Movies,0.23486512957922995,0,1.356124068920001,2.5636345366751367,1.5391719096548542,12.419494003386934,1
U1023,34,Low,Ads,8.99,1,0,Declining,8.91333691443068,Movies,0.23120929626256698,0,1.1989775715305535,6.782951992021504,2.858730932526913,40.42349304283375,1
U1024,60,High,Standard,19.99,1,1,Stable,7.359348036920892,Series,0.4732610457249554,1,1.975808026994845,3.9848425942841352,2.1054479055222437,3.7366939240361603,0
U1025,55,Mid,Standard,19.99,0,0,Stable,8.51126696536413,Movies,0.2884085863720329,1,1.74889393071415,9.15553800272738,3.569218906765478,42.84303113422836,0
U1026,40,Mid,Ads,8.99,0,0,Declining,5.569632430679618,Series,0.5870453335877854,1,2.7912013508777855,4.682007722557348,1.2485888454240777,1.5084705718549003,0
U1027,35,Mid,Standard,19.99,1,0,Declining,4.536921153765038,Series,0.7527719270361936,1,1.3789796496270397,5.22804962991058,1.0,26.831987517290912,1
U1028,36,High,Ads,8.99,0,0,Declining,4.961822499528117,Movies,0.30100947360258,0,0.5209954629438743,1.0,2.5947588157624626,10.537849918600655,1
U1029,42,Mid,Standard,19.99,1,0,Increasing,13.37562829698145,Series,0.6652041613255189,1,2.842614687764007,3.176532608395434,3.922639519831539,21.0583780251986,1
U1030,22,Mid,Ads,8.99,1,1,Stable,9.17621058520086,Series,0.6015062624097075,1,2.4247118610285154,1.0,2.688795737662674,15.949772044921112,1
U1031,31,Mid,Premium,26.99,1,0,Stable,10.903972863377202,Movies,0.45811615409859185,0,1.3224126494016104,6.088174642085426,1.2575909029566925,8.034392473706976,0
U1032,18,Mid,Standard,19.99,1,1,Increasing,9.664926278918651,Movies,0.35933506793117204,1,2.4242363504178406,5.336406496827759,1.177079753762679,18.972674416480153,1
U1033,39,Low,Ads,8.99,1,0,Stable,5.246125868598504,Series,0.470635644936606,0,2.3050428564000356,6.760246420861711,4.225833224222962,12.994735901611756,0
U1034,42,High,Premium,26.99,0,0,Stable,6.1189661112803755,Movies,0.1663600694718827,0,1.3280194108377705,7.1148199519024775,1.8206195544973651,24.85654477210753,0
U1035,29,Mid,Ads,8.99,0,0,Declining,2.6244436164028175,Series,0.6420459197008429,1,2.4759743232789506,7.422943870968779,1.1850942182371258,5.93420048026897,0
U1036,53,Mid,Standard,19.99,0,1,Stable,8.534088257750554,Series,0.8546756979801278,1,3.534834821156691,5.04991962559073,3.3904197203597817,23.669683186374836,1
U1037,20,Low,Standard,19.99,0,1,Declining,3.828167367845504,Series,0.554175074598053,0,1.2682044036767297,5.670825561156775,2.052766851777083,28.36938867020002,1
U1038,18,Mid,Ads,8.99,1,0,Stable,0.8893641073609793,Movies,0.2098272692343595,0,2.163158971645646,6.657884042757661,1.0,16.701084120938702,1
U1039,37,Low,Premium,26.99,0,0,Declining,9.927551396659862,Movies,0.29876586494568613,0,0.5,3.9105439601856444,4.28289713813674,2.1262031646833,0
U1040,47,Low,Standard,19.99,1,0,Declining,3.858797723023369,Movies,0.23772109781950218,0,0.7190599183251354,3.6239751065735186,2.7844064903220276,38.78770386232175,1
U1041,55,Mid,Ads,8.99,0,0,Declining,3.8468181490283806,Series,0.4666038961776171,1,1.899216849146044,8.58013447948565,1.0,23.603864131602688,1
U1042,29,Mid,Standard,19.99,0,0,Stable,10.343223385320734,Movies,0.06128108369994967,0,1.5919958934715006,1.8876715832420432,3.5957919052639413,9.347146488646207,1
U1043,47,Mid,Standard,19.99,1,0,Increasing,5.3752456476074535,Movies,0.3011183427476223,0,2.186995211476784,6.500008170645726,1.1521668398337495,23.92625842699331,0
U1044,34,Low,Premium,26.99,0,0,Stable,9.273211773066333,Series,0.6471554307686774,1,1.9455084727816343,6.182423433084705,1.0919716980750966,0.0,1
U1045,32,Mid,Ads,8.99,1,1,Increasing,7.237672669727935,Series,0.3836191685603896,1,2.8869514510418024,3.2533588508575213,1.3082539770850028,32.11641120437591,1
U1046,45,Low,Standard,19.99,1,1,Stable,4.352409110806282,Movies,0.17433204994642917,0,2.4186125372177125,4.164313883078175,4.1395074291573195,43.493840430211606,0
U1047,42,High,Standard,19.99,0,0,Stable,10.411435522756273,Movies,0.16038760110235736,0,2.0823803367626614,4.786317940019593,4.245416454022051,27.88907162595418,0
U1048,18,Mid,Standard,19.99,0,1,Declining,6.846193894125054,Series,0.3226644065907596,1,2.05767596037719,5.933344571527597,1.6520583891068146,5.9632417425201805,0
U1049,52,Mid,Standard,19.99,0,0,Increasing,11.76000295354513,Series,0.4088815792721465,1,2.821137704414641,6.2033425384401495,3.9056190377844655,0.0,0
U1050,51,Low,Ads,8.99,1,1,Declining,5.735311093577549,Series,0.5604287142348082,0,1.4697033399655892,5.438140911640723,1.0,34.36824047153594,0
U1051,27,Low,Standard,19.99,1,0,Stable,8.19820326615536,Movies,0.08158843879103223,0,0.9702744501465095,5.876785264269961,3.114056753502016,16.23033019842726,1
U1052,39,High,Standard,19.99,0,0,Stable,4.5356839505039135,Movies,0.3224915065070328,0,1.513646557476567,6.818900536754077,3.5641722703986254,13.30284262795548,1
U1053,40,Low,Premium,26.99,1,0,Stable,7.223221714489321,Series,0.459306641507917,0,1.0630950488671072,6.7265264596913354,3.7064412946916785,31.97980931122651,0
U1054,38,Mid,Ads,8.99,0,0,Declining,3.1424739990983097,Series,0.41420358823594094,1,2.374612189502858,8.568612812963178,2.276897424481867,10.915469631488328,1
U1055,28,Mid,Standard,19.99,1,1,Stable,4.222118961873891,Movies,0.4254417632746265,0,0.6108011445410966,7.58627147168441,2.7660777808112864,27.147833824814967,1
U1056,26,Low,Premium,26.99,1,1,Increasing,10.232859992124094,Movies,0.22197487893721948,0,0.5,5.53558264785383,1.4828856557535306,18.284670603752108,1
U1057,34,High,Standard,19.99,1,1,Increasing,12.474448666978633,Series,0.50599722678647,0,1.1567315536021052,6.781364135178924,2.22514783657666,20.963493558730963,0
U1058,49,Mid,Premium,26.99,1,1,Increasing,7.849893527315809,Series,0.8596013620000433,0,1.4590707809858585,6.347646290194126,2.035784173722991,37.551196598012424,0
U1059,41,Low,Premium,26.99,0,1,Stable,6.575974215330916,Movies,0.16598887325160572,0,0.7360681592148229,5.828813160711705,1.9782812287602556,12.132993290311497,0
U1060,30,Low,Standard,19.99,1,1,Stable,4.72369870983392,Series,0.9131749095184728,0,1.5631476271933245,3.762803136106543,3.3346566091250063,11.036270940028889,0
U1061,44,Low,Standard,19.99,0,0,Declining,5.014434292175796,Series,0.5304417741894678,1,2.3256497075183504,5.824511749143473,2.4149494354984866,15.573171376824824,1
U1062,18,High,Ads,8.99,1,1,Increasing,11.280228337165243,Series,0.37277307342560695,0,1.6251258440916423,1.369502625147999,3.893172293792695,3.5653593528184686,1
U1063,48,Mid,Standard,19.99,0,1,Stable,8.583055473455547,Movies,0.2392103317875966,0,1.772819277679475,7.64465036865287,2.447975905777148,29.23709220415159,0
U1064,18,Low,Ads,8.99,1,0,Stable,8.090352351261865,Series,0.6137549813244741,1,3.106145985775552,6.200695433406821,4.391312582769176,27.642473070423264,0
U1065,30,Low,Standard,19.99,1,1,Increasing,7.144706498416394,Movies,0.6009007719681425,0,1.6016360304353014,5.181629932886528,3.4272100264567666,17.887715362856905,0
U1066,21,Mid,Standard,19.99,1,1,Stable,5.699741913145697,Movies,0.5097649617126561,0,1.1523678295270838,4.658563446050492,2.113199403367531,6.910689078603404,1
U1067,19,Mid,Standard,19.99,0,0,Stable,8.590808946481866,Series,0.6127813699671416,1,2.4133176524553552,6.809005101087507,2.3745973177674435,0.0,0
U1068,48,Mid,Ads,8.99,1,1,Declining,6.623997864433463,Series,0.8519911962978248,1,3.697508558703019,9.175028160404288,1.3600133755347155,7.995835080985708,1
U1069,29,Mid,Premium,26.99,1,1,Stable,6.6560100291362145,Series,0.22379259042650285,0,1.7927323559160973,6.250159793264877,2.3602067774364235,15.226504011697049,1
U1070,39,Low,Ads,8.99,1,1,Increasing,7.7214842773029435,Movies,0.3998883060119708,0,1.3357680323307095,9.304495711438799,1.217480937737327,0.0,0
U1071,34,Mid,Ads,8.99,0,0,Stable,9.3344941868914,Movies,0.4119879453251202,1,2.2096797163756867,7.06870843107993,3.5303696369401605,47.934002654712614,0
U1072,40,High,Ads,8.99,0,0,Declining,4.280102670373506,Series,0.6644284935157968,1,1.941056380018085,3.8891950087174036,1.856391798884948,22.98620831960919,1
U1073,35,Low,Premium,26.99,0,1,Declining,6.491864449047563,Movies,0.027969766802258156,0,0.7064007237048273,6.47545850639507,2.5556482133676264,24.53304193319933,1
U1074,19,Mid,Premium,26.99,0,0,Stable,6.726313650283803,Movies,0.14661751966430528,0,2.1540566849500404,6.28013617900335,1.0,16.200005929246622,1
U1075,46,Mid,Standard,19.99,0,0,Stable,4.904934437926,Series,0.5667051155684547,0,1.539249524007524,3.8880157624303315,1.9328703492366783,26.85044236855355,0
U1076,29,Mid,Premium,26.99,0,0,Declining,8.224624280047404,Series,0.8229583009922956,1,1.538687510089205,4.684547288183955,1.8283386188943458,14.389454945655046,1
U1077,18,Low,Ads,8.99,0,0,Stable,7.240127791462952,Series,0.9830528991435323,1,2.224796845577023,4.644899415290446,3.1209234013269405,16.05635520240891,0
U1078,29,High,Premium,26.99,0,0,Stable,5.578512040223833,Movies,0.21711294968331543,1,3.0622930806164534,5.700450958320179,2.722488853272809,34.85982591811836,1
U1079,53,Mid,Ads,8.99,0,1,Stable,4.218388664449591,Series,0.3380306416057808,0,1.0765299212145503,4.939922449699358,3.2183077919918137,31.175969063873882,0
U1080,45,Mid,Ads,8.99,1,1,Declining,2.419998403526333,Series,0.7631522872850244,1,1.8113079999025943,6.03733369123906,2.6426488565572526,17.86863201578169,1
U1081,30,Low,Ads,8.99,0,0,Stable,6.254177191810798,Series,1.0,1,2.514061274203689,6.361372505444544,3.4305563648678445,42.26968813349088,0
U1082,30,Low,Standard,19.99,0,0,Stable,10.850257767067184,Movies,0.5713881266602369,0,1.629075191591709,8.035336867426691,2.619129684456891,17.015708404203412,1
U1083,31,Low,Standard,19.99,0,1,Stable,5.830676242651515,Series,0.45027345520119477,1,2.032590260111844,6.598279584316311,1.0,11.930564567774542,1
U1084,59,Mid,Standard,19.99,1,1,Increasing,13.342364497038613,Series,1.0,0,1.000230707295758,4.096118362805486,2.1096868213352535,19.523488901078135,0
U1085,39,Low,Premium,26.99,1,1,Declining,4.738472662793832,Series,0.7373599240937827,1,2.5763522702684005,9.722205828812946,2.161193565299904,21.610560597901504,0
U1086,40,Mid,Standard,19.99,0,1,Stable,4.637699217796635,Series,0.44179735728166125,0,0.7375773367875612,4.109065531866488,1.0,3.691124920408937,1
U1087,47,Mid,Ads,8.99,0,0,Stable,6.0535776230992075,Movies,0.7368604332675421,1,1.9770788221852562,4.724815243347953,1.1834630836003275,23.84979135085598,0
U1088,37,Mid,Standard,19.99,1,1,Stable,4.438024152525114,Series,0.4260016377202319,1,2.227784451142265,6.694991640686546,4.241735883180489,43.37614334730046,0
U1089,31,Mid,Standard,19.99,0,0,Stable,5.288063096072292,Series,0.47578229626761126,1,2.743419231744432,10.0,1.9254501098219317,29.400800073541056,1
U1090,32,Mid,Premium,26.99,0,0,Declining,3.228503876248165,Movies,0.4953241644682248,0,1.0861634572680137,6.303170902983434,2.094654457599848,25.96882888984783,1
U1091,34,Low,Standard,19.99,0,0,Stable,3.1923922650374674,Movies,0.34501893642214904,0,1.5816434524946552,4.216836255868154,1.0,23.764830021682933,0
U1092,34,Low,Standard,19.99,0,0,Stable,10.025592137629452,Movies,0.35740142640095335,0,1.8830175031246266,2.2213471618871123,1.0,6.0258284567607525,1
U1093,43,Mid,Ads,8.99,1,1,Stable,7.422034060444563,Series,0.6077383003285594,1,1.9961371735950368,2.0883514332218467,2.684334397879287,6.042501181908861,0
U1094,35,Mid,Standard,19.99,0,0,Declining,3.627443188763796,Series,0.8228959851740322,1,4.0,5.521916375250194,1.7352515644878281,19.957352025343713,1
U1095,43,Low,Premium,26.99,1,1,Declining,5.443515492866778,Series,0.13512187205767534,1,3.151747345052602,6.5894915392354845,1.0911038163554823,12.861625457136062,1
U1096,34,Mid,Ads,8.99,1,1,Stable,5.329039212715877,Series,0.656902777177294,1,2.463471980775506,2.6603733265988896,3.497381950738203,0.6401750231979264,1
U1097,35,Low,Premium,26.99,0,1,Declining,0.0,Series,0.5419593245838964,1,2.190928086734623,5.943944402755185,1.4988578077793973,13.792877358332955,1
U1098,18,Low,Standard,19.99,0,1,Stable,12.9133832664531,Series,0.4495007934938768,1,1.9668080686747562,2.8728559368397786,1.0,23.408182965544036,1
U1099,45,Low,Ads,8.99,0,1,Declining,5.379199753354119,Movies,0.19897271641333314,1,3.296762007353118,3.6511903275569777,2.240459915043359,24.963626627438323,0
U1100,39,High,Premium,26.99,0,1,Stable,5.82197392137047,Series,0.07257806615615603,1,2.426299823796143,6.763496641231833,1.3850404206258458,8.00686239689028,1
U1101,46,Low,Standard,19.99,0,0,Increasing,3.1982555649677007,Series,0.4403163792797611,0,0.5805903512366715,4.004747140462352,1.3837664831718541,17.449012613810968,1
U1102,18,Low,Ads,8.99,1,0,Stable,4.01170040971488,Movies,0.6080925449878674,0,0.5,8.12016346681384,2.1388936760591766,22.977211441400897,0
U1103,60,Low,Ads,8.99,0,1,Stable,10.30898385910981,Movies,0.5164109756055079,1,2.367464995616348,4.331243874771788,1.5564320950573136,2.7808508161812746,1
U1104,33,Low,Ads,8.99,1,0,Increasing,13.505815646395401,Movies,0.3117236475211015,0,1.3672226849082065,7.718883710031655,1.0,8.730783281242086,1
U1105,48,Mid,Premium,26.99,0,0,Stable,8.506430071997896,Series,0.3177488556318687,1,1.7498175390897324,10.0,2.758566342663705,17.841717610337774,0
U1106,22,Low,Standard,19.99,1,1,Stable,4.769845923180372,Series,0.7643739544518257,0,0.5427815895743909,4.008637244059262,3.0659228799659175,7.089458063109511,1
U1107,42,Low,Premium,26.99,1,1,Increasing,13.52992196393103,Series,0.8619696823320836,0,0.5,10.0,1.949406612451417,14.064750835125439,1
U1108,22,Mid,Ads,8.99,0,0,Stable,7.899565235888705,Movies,0.5568389341595329,0,0.9203349644105785,5.5269722210558765,2.8201647490776525,47.94940093342808,0
U1109,27,Low,Ads,8.99,0,0,Stable,8.30984889670307,Movies,0.156254889002726,0,1.1186259725283159,4.2348653974950015,1.8310948909731763,0.0,0
U1110,57,Mid,Ads,8.99,0,0,Stable,7.8923418888864925,Series,0.42702426382746256,0,1.645885617714826,4.907917784348044,1.0,35.0958921988377,1
U1111,32,Mid,Standard,19.99,0,0,Increasing,4.479038446121688,Movies,0.6811822517688428,0,1.2348330205248974,4.693109269534491,3.0964235611441433,22.099984544116957,0
U1112,37,Low,Premium,26.99,0,0,Declining,2.603678098506225,Series,0.3581457917006079,0,1.8319936142557849,8.303580599770712,2.100814049762196,3.3117783185378933,1
U1113,45,Mid,Standard,19.99,0,1,Declining,3.9795636671832764,Movies,0.4456426731031141,1,2.663042897606411,8.135674784940786,2.350997504044006,26.143078408380347,1
U1114,40,Low,Ads,8.99,0,0,Declining,6.287279415066227,Movies,0.0,0,1.5566150304216382,8.111936303252692,2.093672881240395,18.5147995478098,0
U1115,36,Mid,Premium,26.99,1,1,Declining,2.2391358355137077,Series,0.5399369265252169,0,1.7896243221499863,2.901174183657304,2.01842437864331,32.46404722068032,0
U1116,39,Mid,Standard,19.99,0,0,Stable,6.649307170111618,Series,0.7170300801468712,1,1.4679832613023134,5.878605381611979,2.342049166111566,25.92592379008856,0
U1117,63,Low,Ads,8.99,0,1,Increasing,8.470171469510847,Movies,0.34400680857157745,1,1.978253689517305,2.4006113796904063,2.3612206657822,20.355886011927936,1
U1118,34,Mid,Premium,26.99,0,1,Stable,8.585479378655155,Movies,0.4547826642110215,0,2.5007072636741596,7.522197066340603,3.463531291399522,14.322681995934802,1
U1119,37,High,Ads,8.99,0,0,Declining,6.3493430712153245,Movies,0.10475898486925087,0,0.5,4.532693385499062,2.638149345142306,32.02701082824166,0
U1120,47,High,Ads,8.99,0,0,Stable,4.979548141895734,Movies,0.18599960710086888,1,2.121324477160772,6.506156301145885,3.3765404384298625,13.295522147529702,0
U1121,48,Mid,Ads,8.99,1,1,Stable,9.893372338974604,Series,0.6963636756997738,1,2.5856891974482403,4.496282986826446,3.707041974993184,1.1977980389042884,1
U1122,49,Mid,Standard,19.99,0,1,Stable,4.67352034249942,Series,0.739377628410475,0,0.5,1.9882941038447468,1.0,0.0,1
U1123,42,Low,Standard,19.99,0,0,Stable,9.1844788838015,Series,0.6439625706125724,1,1.8483918009863078,7.270306490241112,3.4766753688727494,3.168005199059639,0
U1124,21,Low,Ads,8.99,0,0,Increasing,7.3495653049548055,Series,0.7894115483316625,1,3.497597793991023,7.424782293284705,2.85309760460448,27.635580520741538,0
U1125,54,Mid,Ads,8.99,0,0,Stable,7.327851906866744,Movies,0.018558412285744674,0,1.3852202438337435,5.778738244751729,2.6884089000944518,13.641324363807357,1
U1126,21,Mid,Standard,19.99,0,1,Declining,5.4519749202086105,Series,0.506760409930628,0,1.0127737991576067,1.277199109067789,3.1895671347894945,8.735912828810942,0
U1127,38,High,Premium,26.99,1,0,Stable,7.395414881417591,Series,0.9645367546452368,1,2.4262820974163875,7.000708622481468,1.9352010576536205,12.797163230678146,1
U1128,25,Mid,Standard,19.99,0,0,Stable,8.34899839686914,Series,0.8566937657987439,0,1.011820669930166,4.024823785454141,2.8025857208413645,27.953322191829734,0
U1129,34,Mid,Ads,8.99,0,1,Stable,7.782918995867066,Series,0.7267276330015089,1,3.3275129508133583,6.53315262726466,1.1422246546425525,25.599839468761278,0
U1130,38,Mid,Ads,8.99,1,1,Declining,6.567298259741077,Series,0.5689266053288994,1,1.705383792094982,4.5187944016916965,1.0,19.944051243757077,0
U1131,38,High,Ads,8.99,0,0,Declining,5.9292399206902715,Series,0.8069631256699937,0,1.0386039148786668,4.724077670047461,2.731687347900129,10.802454332035103,1
U1132,40,Mid,Ads,8.99,0,1,Stable,4.4710894821483125,Series,0.6858283039323214,1,1.4046669623712322,6.495235009323256,2.130532993362336,13.31336740093294,0
U1133,54,Mid,Standard,19.99,1,1,Stable,7.539598149115975,Series,0.29651192707855417,1,2.1227328951680686,3.858190152142118,2.1970889454737916,16.412039407480144,0
U1134,40,Low,Standard,19.99,0,0,Stable,5.872260194989334,Series,0.7991524894112259,0,1.2127171062703286,5.16663174821181,1.4023530731867426,7.264300313416133,0
U1135,32,High,Standard,19.99,1,1,Increasing,5.67221256627815,Movies,0.17679131713555338,0,1.8978203319475495,6.519197716632263,2.5911770161149943,16.67379027160793,0
U1136,46,Low,Standard,19.99,0,0,Increasing,8.1304803219681,Series,0.7519376500036354,0,0.791634415062159,9.832898256632724,1.773660197240761,6.638650544516043,0
U1137,49,High,Ads,8.99,0,1,Declining,5.366471198070181,Movies,0.026805442251140232,1,2.590177104781149,5.351061364011945,2.1534385978292145,22.389677760384437,1
U1138,20,Mid,Ads,8.99,0,0,Stable,7.499350055975569,Series,0.9198038664200417,1,2.3520362775907433,7.178978629604485,1.7133158227299443,23.73802982450755,0
U1139,42,Mid,Standard,19.99,0,1,Declining,7.112049490280536,Series,0.5450207242395761,0,0.5,3.1563837045900325,1.3979398409537125,31.406530801991902,1
U1140,43,Mid,Ads,8.99,0,0,Stable,9.614618237943155,Series,0.3781327335557646,0,0.9373496502405477,8.889265688678723,1.992986521415507,21.125726770053348,1
U1141,31,Mid,Ads,8.99,0,0,Stable,7.672561661514711,Series,0.46229895338584515,0,0.9174690509649298,3.8839238157100606,3.3855860119030923,20.745147479725837,0
U1142,51,Low,Standard,19.99,1,1,Declining,6.034212754018818,Series,0.5326301805372589,1,3.3098236462456945,5.235616910034618,1.7270360400144724,7.971296134535351,0
U1143,33,High,Ads,8.99,1,0,Stable,7.19061806635131,Movies,0.34884605671454605,1,2.6274361253906555,6.522430748223136,2.0733766100396624,17.42981716833004,1
U1144,36,Mid,Ads,8.99,0,0,Increasing,11.301676390948753,Series,0.8636291272679331,0,1.3723351867707423,3.940171582727438,1.934894533802569,5.729705061898937,1
U1145,32,Low,Premium,26.99,0,0,Declining,5.9739762776741285,Series,0.6140285232954815,1,0.5,7.661816798295861,1.5628909875319814,0.0,1
U1146,35,Low,Premium,26.99,1,1,Declining,4.891023812284392,Series,0.16581664045549577,1,1.155038356712722,4.1763853054846685,3.4292411573561052,14.818122048484934,0
U1147,21,Mid,Ads,8.99,1,0,Stable,11.3039651340086,Movies,0.1040522975662177,0,1.6638940159694202,7.161247846322408,1.0,11.954827089498451,0
U1148,18,Mid,Ads,8.99,0,0,Stable,5.907633273116362,Series,1.0,0,1.6910213963031693,7.63540394740511,2.1146238353431324,25.337127695481175,0
U1149,54,Mid,Standard,19.99,1,0,Stable,9.908913913416676,Series,0.6270777591325851,0,0.9288758979352897,6.656857778675496,1.3564896341834447,6.459430525470211,0
U1150,24,Mid,Ads,8.99,0,0,Stable,4.291414147346126,Movies,0.5401580228020969,0,1.3138391053928866,6.9168619356885745,2.767228126061888,51.76181311987471,0
U1151,23,Mid,Standard,19.99,0,1,Stable,8.62723307290291,Series,0.5383307721012323,0,1.2783817422310975,10.0,2.33391335486402,12.24085220913869,0
U1152,18,High,Ads,8.99,0,0,Stable,9.873136703453675,Movies,0.1490777371586275,0,1.3847229608406573,6.333088543322674,3.3822857910386857,17.15614022793066,0
U1153,27,Mid,Ads,8.99,1,0,Stable,3.1855618579841605,Series,0.5037435555236393,1,2.0767972802444485,5.719678607491207,2.934554989727693,11.197745499809333,1
U1154,19,High,Standard,19.99,1,0,Stable,7.277901146110188,Series,0.6256652168116803,1,2.7892210486734212,6.172465867451031,2.2815983693320643,27.33387472488475,0
U1155,54,Low,Premium,26.99,1,0,Stable,8.430828082488087,Series,0.5079527325545865,1,2.9636658252114594,8.04265343680585,2.9443442448402393,15.43449618808484,1
U1156,47,Mid,Ads,8.99,0,0,Increasing,9.755890812384198,Series,0.9836935533059529,1,1.724230172004789,10.0,3.035757573163416,6.248728904500311,0
U1157,26,Low,Ads,8.99,1,0,Declining,5.756311871213927,Movies,0.22674944115467505,1,1.5833764209587406,5.167068509513838,1.2874991784786722,0.0,0
U1158,62,Mid,Ads,8.99,0,0,Declining,5.272446324753327,Series,0.3890328779499478,1,1.822331461213861,3.675241349318709,2.973132626563847,24.88702055717832,0
U1159,46,High,Ads,8.99,0,0,Declining,2.811504347276816,Movies,0.5117605519404637,0,1.3243590094453699,7.825098873141155,2.497262589848428,25.797718580276715,1
U1160,31,Low,Premium,26.99,0,0,Increasing,16.104136776466326,Series,0.7864005007689893,0,1.4778156202903376,2.7738237284495044,2.68946973259224,22.112658136782052,0
U1161,18,Low,Standard,19.99,0,0,Stable,5.992924273368402,Movies,0.3559954243076971,1,2.7730700030039848,6.0155175572049036,1.7924349376079292,15.41707792215967,0
U1162,62,High,Standard,19.99,1,0,Stable,7.86832247755781,Series,0.47957127549185447,0,1.7857109430636964,6.109250198267771,1.3456491186655262,14.169441973269672,1
U1163,18,Low,Standard,19.99,0,0,Increasing,7.059480968743719,Series,0.21986823716539672,1,2.517469165302715,5.285325717605535,1.1657851863061899,27.330157879594857,1
U1164,18,Mid,Premium,26.99,1,1,Increasing,2.172410429937905,Series,0.844144304488822,0,1.4147959130753207,5.402919646052604,1.0,16.787385064468886,0
U1165,47,Mid,Premium,26.99,0,0,Increasing,6.226461378753093,Series,0.7737121819843421,1,3.2893373043146124,2.1950127881096098,1.4906614751270726,31.49435366472432,0
U1166,64,High,Ads,8.99,0,0,Declining,2.104786615449724,Movies,0.2620223360501808,0,1.3025000192604839,3.7634372521373387,4.639255003568364,16.811432915999895,1
U1167,51,Low,Ads,8.99,1,1,Increasing,12.27470261767347,Series,0.6119144956859454,0,1.595023414925786,7.374181656214661,3.022412668865782,16.376077462721327,0
U1168,41,Low,Standard,19.99,0,0,Stable,5.78626396791109,Series,0.5546645634956776,1,2.4921527879698893,1.4174624121351478,2.5184607739216487,22.45025714905444,0
U1169,42,Mid,Standard,19.99,1,1,Declining,3.9718173216400743,Movies,0.6757460482572679,1,2.1960881541493165,5.328011575193464,3.1610396748765353,34.700891725441195,1
U1170,45,High,Premium,26.99,1,0,Stable,4.871338574792528,Movies,0.14241633940915466,1,2.2000473404408574,4.874868231883688,1.9399695274293145,32.120899256335136,1
U1171,44,Mid,Standard,19.99,0,0,Stable,7.188070797430205,Series,0.475987701196016,1,3.093174060220819,1.5151226908137718,1.808086673179389,17.421158457585868,0
U1172,38,Low,Premium,26.99,1,0,Declining,3.5670829672774387,Movies,0.20665475218720428,0,1.25488484684276,8.884752897874044,1.9097647307776082,13.515221625352442,1
U1173,36,Mid,Ads,8.99,0,0,Stable,8.984709462493576,Movies,0.4120322572884547,0,1.1236654213306154,3.439463815599865,1.463999410720993,3.5001780071929396,1
U1174,34,High,Premium,26.99,1,1,Increasing,9.906117969267482,Movies,0.3612258907394545,0,0.9314721340392302,6.5978534265065285,1.5462985758664365,26.304920120265116,0
U1175,25,High,Ads,8.99,0,0,Stable,5.8563484285511045,Movies,0.3900136326925632,1,2.5535212549130204,4.562204783533886,2.184192944872423,0.0,0
U1176,31,High,Premium,26.99,0,0,Stable,8.700466103674039,Movies,0.17387857489176672,1,1.992717181018695,3.8102804420706917,2.2644633209948384,38.46262820243552,1
U1177,18,Low,Ads,8.99,0,0,Stable,7.015881046046476,Series,0.8969793660820788,1,2.4990766933096937,5.028038869161826,3.5262069648801218,28.11758816075619,0
U1178,33,Low,Standard,19.99,0,0,Increasing,9.064490717069853,Movies,0.2591909785557526,1,2.406634244008167,4.787291841569701,3.2246477218863294,9.048468216141377,1
U1179,23,Mid,Standard,19.99,1,1,Declining,2.0747301925361485,Movies,0.587517989879305,0,1.0863059906561614,5.126532974699777,1.0,32.77070693299313,1
U1180,21,High,Standard,19.99,1,0,Stable,6.857827734429373,Movies,0.9778227994562688,0,0.6022078862164016,3.926096431619455,1.9055466962067127,24.578176118496117,0
U1181,37,Low,Standard,19.99,1,1,Declining,5.643089278635997,Series,0.42533278923712436,0,0.7853878446618859,3.472030846679588,1.094379881480821,23.61229260624866,0
U1182,51,Low,Premium,26.99,0,0,Increasing,13.000700466595035,Series,0.6684769799742594,1,1.776877086928403,7.508912847959175,1.0,14.796891996194248,1
U1183,46,Mid,Standard,19.99,1,1,Declining,3.4962127401933545,Series,0.5736792723488161,0,0.7979850192682675,5.513871244385267,2.287247587972754,24.631868410292476,1
U1184,18,Low,Standard,19.99,0,0,Stable,11.556217246771023,Series,1.0,0,1.5276339119595956,5.379373066110304,2.7772214695462294,0.9986748742022016,0
U1185,23,Mid,Ads,8.99,0,0,Stable,8.113736633657972,Series,0.54386921450298,0,2.3645876733369326,3.7170438787663054,2.271330396029825,18.754239100460566,0
U1186,46,Mid,Premium,26.99,0,0,Increasing,4.441764371898578,Movies,0.3997382955036172,0,1.0445049624085379,8.648797714257386,2.6369057704132786,9.841490561799311,1
U1187,23,Mid,Standard,19.99,0,0,Declining,3.309603771828887,Movies,0.3953736639022653,1,2.069435192314439,5.325142847869564,1.8652672566167041,14.54334144864244,0
U1188,32,Mid,Standard,19.99,1,1,Stable,9.841998328433638,Movies,0.3299202460104317,0,1.0077087262568099,1.7085816189106278,1.1722597032472375,9.733019705512785,0
U1189,41,Mid,Ads,8.99,0,0,Declining,7.486458285924789,Movies,0.501094753573369,0,1.7288383803148093,6.0516472948799915,1.8329883642366718,10.34758953844798,0
U1190,23,Mid,Standard,19.99,0,0,Increasing,9.054280444681508,Movies,0.3686792800910089,1,2.555814116236028,3.9716123285991625,3.5687866310892558,33.461350712182835,0
U1191,36,Mid,Ads,8.99,1,0,Stable,7.299835406115704,Series,0.6963703476090162,1,2.290023546706701,7.321667925309752,2.5746195694112157,0.805576008323321,0
U1192,18,Mid,Ads,8.99,1,0,Stable,4.670779452548057,Movies,0.39272054097139275,0,0.6934442662248598,7.576863248854134,1.0,22.90395040221138,1
U1193,27,Mid,Standard,19.99,1,0,Stable,9.642885480470683,Series,0.4790924548578723,1,1.7193425958513906,7.345867544327788,2.330068274341084,4.4317305425852425,0
U1194,38,Low,Ads,8.99,0,0,Stable,5.024465826451065,Series,0.546207588054958,0,1.3876467877790635,4.577186188952175,3.4737818664442255,33.8580458923642,0
U1195,18,Low,Ads,8.99,1,1,Declining,6.689482222246835,Series,0.711084570548592,1,2.433972374254361,5.274203299441922,2.9613395415478525,23.133608735607115,1
U1196,40,Low,Standard,19.99,0,1,Stable,9.704084737330277,Movies,0.4602720603806692,0,1.2919453540171346,5.997211244093943,3.486810461471769,1.1437215303864825,1
U1197,34,Low,Ads,8.99,0,0,Increasing,9.144466662658527,Series,0.849001809762339,1,2.698956276356182,7.285322634674533,1.0,22.01600902630807,0
U1198,41,Mid,Ads,8.99,1,0,Stable,8.935222732244398,Series,0.9718488295677338,1,1.5664535782147953,3.424493623934994,2.325783373037269,9.649628196629884,1
U1199,37,High,Ads,8.99,1,0,Increasing,14.542919124077084,Series,0.49578622455179816,1,2.4821539262959766,5.6868519182800625,1.8517376030304833,20.72253106724854,0
U1200,51,Mid,Standard,19.99,1,0,Declining,5.5359375984214765,Series,0.6269748316559278,0,1.423993161048358,9.235845878003094,2.794972603459137,2.0588962671137843,1
U1201,36,Mid,Standard,19.99,0,0,Increasing,8.47409455070416,Series,0.5613188380896387,1,1.7252364687979527,4.429212793707203,1.350882090330229,32.77152699157206,0
U1202,29,Mid,Standard,19.99,1,0,Stable,6.866294284896966,Movies,0.12853847252022468,1,1.9370601670385281,5.447858460844823,1.3334311896873223,0.0,0
U1203,36,Mid,Ads,8.99,1,0,Stable,5.514024194655823,Movies,0.46291102776088433,0,1.6465647378447368,10.0,2.1969314943056872,8.309108482003271,1
U1204,41,Mid,Ads,8.99,0,0,Stable,5.468832414526253,Movies,0.5055674328011711,0,0.7307041759249617,5.017526774057656,1.2782472451990383,5.016259074673783,0
U1205,35,Low,Ads,8.99,0,0,Stable,7.884813527651406,Series,0.384601754762697,0,2.531885534960316,2.422411886967959,2.4594252019400926,22.551044539131517,0
U1206,35,Low,Standard,19.99,1,1,Stable,6.6721003557014305,Movies,0.2751001321649362,0,1.5778808004458766,5.385238742813472,1.0,12.089827578595822,1
U1207,26,Mid,Premium,26.99,0,0,Stable,7.655138353702531,Movies,0.25558209551413125,0,1.2713315946759722,8.845859110916019,3.3757398224158157,15.787204412125138,1
U1208,27,High,Ads,8.99,1,0,Stable,4.020127700294857,Series,0.2983150593549663,0,1.1739238328142116,7.6134291990829315,1.0,10.301618885990377,1
U1209,18,Low,Ads,8.99,0,0,Declining,4.8147623496257195,Movies,0.3427245339669754,0,1.6941007493209752,3.540617961598136,3.104721966275693,1.5786713123781553,1
U1210,55,Low,Ads,8.99,1,0,Stable,9.060235700180927,Series,0.37095166471228613,1,2.0531902810421943,6.330789427426825,1.6190881718763426,15.257495456793006,0
U1211,20,Mid,Standard,19.99,1,0,Stable,4.762151446047964,Series,0.6317987382510653,1,2.0778102451933624,5.148310298371155,1.0,2.365249306554688,0
U1212,26,Low,Standard,19.99,0,1,Stable,7.033052828269103,Movies,0.4038243049919581,0,2.0262941373918584,7.124067456349952,2.3699929246831264,0.0,1
U1213,26,High,Standard,19.99,1,0,Stable,3.290781378203178,Movies,0.42860455666094516,0,1.0642205025672826,4.269205132559117,3.0856142394884603,25.511037705246665,0
U1214,45,Mid,Premium,26.99,0,0,Stable,4.389075955453652,Series,0.6882644355459759,0,1.3680406742526974,6.489035406266798,3.358502372378407,3.131206823861433,0
U1215,31,High,Standard,19.99,0,0,Stable,8.615321775356099,Series,0.906188143319507,1,1.8438727544317859,9.320505646791878,3.32578919056266,35.485347493276365,0
U1216,49,Mid,Ads,8.99,0,0,Declining,4.3814314133741,Series,0.4382707718368818,1,2.455424286492625,1.0,1.3415617734094054,35.01197777561543,1
U1217,26,Mid,Ads,8.99,0,0,Stable,10.644145731077085,Movies,0.1983036367965526,1,2.6483686606640324,6.685785188477287,2.4048491445073044,28.628300965757056,0
U1218,38,Mid,Standard,19.99,1,1,Declining,5.864886220848625,Movies,0.4810327794352284,0,2.1414477545959096,8.138134148160766,1.0,4.370553845533532,1
U1219,24,Mid,Standard,19.99,1,0,Stable,8.06119132977865,Movies,0.32360369493685714,0,0.831325555013696,2.387326035240892,2.2792950033100103,43.459273889606585,1
U1220,60,Mid,Standard,19.99,0,0,Declining,2.8470359002102015,Series,0.8250653214116555,1,1.4312754774228722,4.058806286454003,2.538101726849848,0.0,0
U1221,20,Low,Standard,19.99,0,1,Stable,6.229789246311094,Movies,0.46233775847320885,0,1.1666046981089855,4.7125927216365815,1.8248653890585147,7.403995049804884,1
U1222,38,Mid,Standard,19.99,0,0,Stable,5.534727635904775,Movies,0.7336222656585722,0,0.9914430046569576,4.038179705862387,1.0,27.998629516773356,0
U1223,42,Mid,Premium,26.99,1,1,Stable,4.869116520898828,Series,0.5817343100454617,1,2.290731776867544,3.888372673154684,1.6061498554175313,27.05634161143107,0
U1224,39,High,Standard,19.99,1,1,Stable,8.32778625219227,Series,0.3035920856026831,0,1.5609941629323942,4.750514162194438,4.107315388122378,9.298309319935411,0
U1225,32,Mid,Standard,19.99,1,0,Declining,6.729031731537359,Movies,0.4181322839958293,0,2.43251153791177,7.203389685990903,2.591019218703346,8.572184503656512,1
U1226,33,Mid,Ads,8.99,1,1,Declining,5.797874388334897,Series,0.5856651684171843,0,1.074257321372778,8.475304647041249,1.7153240144317674,15.415316329594114,0
U1227,35,Low,Standard,19.99,0,0,Stable,5.343865613548026,Series,0.7068974973029141,1,0.973757787468237,8.105308174241852,2.0408283402849543,16.956260932798987,0
U1228,33,Mid,Premium,26.99,0,0,Increasing,9.992190105292387,Series,0.7325214373350408,1,2.1572140102953785,7.487601680240813,2.584615396179183,12.366689049773226,1
U1229,46,Mid,Standard,19.99,1,1,Stable,3.1746431970686873,Series,0.4930902969808154,1,2.5103165988339775,9.164230186240614,1.0,37.89594721623624,1
U1230,61,High,Standard,19.99,1,0,Declining,7.64601853741608,Series,0.3981988682949689,1,1.7182215559637513,9.562655289355494,1.0,9.796426134888321,0
U1231,28,High,Standard,19.99,1,1,Stable,4.4036996487251265,Series,0.5708113299975227,1,2.44020947174877,5.832118234067832,1.463813075012962,35.59760694648006,1
U1232,18,Low,Ads,8.99,1,1,Stable,4.759082035123074,Series,0.12376169284510874,0,1.3687407676724532,8.361930511352758,1.688696276344595,22.871174086297458,1
U1233,33,High,Standard,19.99,1,1,Stable,7.230584539140385,Series,0.6161334517572435,0,1.4299258719994596,6.347838397043648,3.993958944591129,30.230272995296907,1
U1234,65,Low,Ads,8.99,1,1,Increasing,9.612478680726136,Series,0.5185123849727672,1,2.7747931724779145,5.0675219132024765,2.270654631701591,0.06105875722190035,0
U1235,25,Mid,Premium,26.99,1,1,Stable,6.854502803096431,Series,0.7723350088985361,1,2.250385229397998,5.400462575259808,1.6830927740973236,30.335894075949874,1
U1236,54,Mid,Premium,26.99,1,0,Declining,2.7797441180354068,Series,0.20283029329137692,1,2.6285225939036954,7.525034931665193,2.2565202634230226,29.911236313054832,1
U1237,55,Low,Ads,8.99,0,1,Declining,7.266695987206584,Movies,0.35126906196012747,1,1.2206233116618097,8.431182330201255,1.0,10.007618331533623,1
U1238,28,Mid,Ads,8.99,0,0,Stable,3.628101597861499,Movies,0.6652448569434278,0,0.8188103541036669,6.660908730303525,1.2959101567480718,28.175254511494423,1
U1239,41,Low,Standard,19.99,0,1,Stable,4.03346201910311,Series,0.7350802655902038,1,2.095079401444364,4.7079242301134165,1.4515139766911767,0.24105132842961297,1
U1240,54,Low,Ads,8.99,1,1,Declining,4.786034456091038,Movies,0.5461343991375726,0,0.7974354299918613,4.521042146526309,1.1794538770022633,12.304460975359298,1
U1241,30,Mid,Ads,8.99,0,0,Increasing,5.207298054466837,Movies,0.41794670452598953,0,1.3032980010557969,1.7934310364282338,3.4344831040972954,32.00520472104415,1
U1242,32,Mid,Standard,19.99,0,0,Stable,9.445250552551851,Series,0.267693186019868,1,2.0937540214535577,6.221868063887812,2.8600798203524334,15.81632074413158,0
U1243,28,High,Standard,19.99,0,0,Stable,4.64357072917417,Movies,0.3833058346204955,1,2.026919606252612,6.085785187581858,1.0,14.829226348353,0
U1244,22,Mid,Ads,8.99,1,1,Declining,8.114054304420625,Series,0.6816978720128009,1,2.8302828781357845,3.410725298983925,1.0,34.85470274437365,0
U1245,27,Mid,Premium,26.99,0,0,Increasing,12.10536649731472,Series,0.3843550911618452,1,2.350293074788773,6.44620984109924,1.0,0.0,0
U1246,20,Mid,Premium,26.99,0,0,Stable,9.470111471015167,Movies,0.32468923132813327,1,1.6497740584054643,6.412666724932659,2.0132659102609165,15.868250011571993,0
U1247,35,Low,Standard,19.99,0,1,Declining,8.774211965906492,Movies,0.0,0,0.9983388076605486,2.5325751617289662,2.400130417284671,17.207581544257234,1
U1248,25,Low,Premium,26.99,1,0,Increasing,9.243683772287296,Movies,0.28318036481163833,1,2.7519322501635526,4.856512044502207,2.6161344739577546,8.439104317806255,0
U1249,37,Mid,Ads,8.99,0,0,Stable,4.974050808360085,Movies,0.2627248114367394,0,1.3998546781094883,8.318091437287691,1.1855894137653433,34.48977805125861,0
U1250,18,Mid,Ads,8.99,0,0,Stable,6.793984248462716,Movies,0.6304478711226695,0,1.8979700823422343,4.233638951895734,2.021634179188988,7.079195480448416,0
U1251,38,Mid,Ads,8.99,1,1,Increasing,7.300003183773112,Movies,0.22935537947426132,0,1.723283122052731,5.535283365027304,2.14411829946194,7.229661806910952,0
U1252,45,Mid,Standard,19.99,0,0,Stable,5.581617454972555,Series,0.5467285882809042,1,2.0665598426609875,5.820913608727825,3.3969407922586665,0.0,0
U1253,18,Mid,Premium,26.99,0,0,Increasing,9.452560310420496,Series,0.5841542445446383,1,3.1613050693448947,5.447327609295961,2.974209169029911,31.328993596071545,0
U1254,39,Low,Standard,19.99,1,0,Increasing,8.06488735737676,Series,0.481935995213924,1,3.2106891945195537,6.8774080986607915,1.0,14.04815178670905,0
U1255,49,Low,Premium,26.99,0,1,Increasing,6.74337094704901,Series,0.7439582843664319,1,1.2287482656092967,7.370443407049999,1.0,14.069271320302224,0
U1256,20,High,Standard,19.99,1,0,Declining,4.509195214825484,Movies,0.0,1,2.3190684920551625,8.029165381374302,2.08898772589879,15.441385579874332,0
U1257,55,Mid,Standard,19.99,0,0,Stable,8.09795692840741,Movies,0.577315340828826,0,1.0250802547619853,4.873004143589926,1.5627719937223516,32.31910071111476,0
U1258,40,High,Standard,19.99,0,0,Stable,8.912834413185392,Movies,0.34762437633682614,0,1.1697621001912282,6.547733211190678,1.2390464601195852,37.354343509939035,0
U1259,26,Low,Ads,8.99,1,1,Stable,3.794152173618021,Series,0.8603294269590852,1,1.8103095169570722,7.17965857456068,1.443598508281132,0.0,1
U1260,34,High,Ads,8.99,1,1,Stable,6.393597827342916,Series,0.050553571577145684,0,0.8292895588617624,5.263333136359743,2.779545192137724,12.4449471435155,1
U1261,41,Low,Standard,19.99,0,0,Declining,4.717313589050591,Movies,0.0,0,1.7505866197661246,4.06167660976687,1.0,4.37803176556227,0
U1262,35,Low,Standard,19.99,0,0,Increasing,5.452439933317104,Series,0.5416042880829,1,1.599163064259939,5.7871563741102925,4.048341748966877,15.316035297874656,1
U1263,41,High,Standard,19.99,1,0,Increasing,8.640882800877904,Series,0.7011830776001121,1,2.3560127400440134,4.2885369369329105,1.4824739987970434,16.907292881134897,0
U1264,23,Low,Standard,19.99,1,0,Stable,7.295991219080055,Series,0.48901345679936514,0,0.6254314551474199,4.09154381229886,2.8325343549424127,0.0,1
U1265,37,Mid,Ads,8.99,0,0,Declining,6.037669090561981,Series,0.7167691660165031,0,1.9347029059675531,5.940267816306756,1.5309594135736233,22.42397949350023,1
U1266,18,Low,Standard,19.99,1,0,Declining,5.154316051263341,Movies,0.5462619514885927,0,1.315016927358392,5.123367363554474,1.0,12.609791949973772,1
U1267,33,Mid,Standard,19.99,0,0,Declining,3.2381011800048887,Movies,0.4831999094042736,1,2.7471753108078554,5.851043789459645,2.0540526215839963,27.36585851583864,0
U1268,24,High,Standard,19.99,0,0,Stable,11.024060055143693,Series,0.6206537008760162,1,2.417063468720017,2.3975468632595525,1.0,18.3635762230934,0
U1269,26,Low,Premium,26.99,0,1,Increasing,11.487380314864794,Series,0.6191205699308112,1,2.1480535056550933,5.148905741527289,2.347099273229929,0.0,0
U1270,49,Mid,Standard,19.99,0,1,Declining,6.105439489299734,Series,0.4770409827223232,0,1.334185450457519,1.0,2.174802633431117,25.37564367927271,0
U1271,48,Low,Standard,19.99,0,0,Stable,9.009662514021873,Movies,0.33892513515924444,0,2.053666709759885,3.4090596507271393,1.5053875621203665,1.9192511744539686,0
U1272,42,Mid,Premium,26.99,0,1,Stable,7.489218343620954,Series,0.39515382255305453,1,1.7615440034607155,5.3221328970705635,2.3514358865702922,3.222152965840497,1
U1273,21,Low,Premium,26.99,0,1,Declining,7.57260177104391,Series,0.4430541065277884,0,0.5,7.926245129513664,3.238839232773281,14.198596370410595,1
U1274,31,Low,Premium,26.99,0,1,Stable,7.113743900571529,Movies,0.45287283990935095,1,1.8278811712930738,6.573701722333856,2.0900554296891203,14.578796356616008,0
U1275,49,Low,Ads,8.99,0,1,Stable,7.003494920548368,Movies,0.25742377369373015,0,0.6954562681643038,5.680553736435651,1.4714377082823078,0.0,1
U1276,36,Low,Ads,8.99,0,0,Increasing,10.905685436373611,Series,0.4524876211661334,1,2.8808086786993568,4.746510056282912,2.599940865325909,16.22641243373628,0
U1277,62,High,Ads,8.99,1,0,Stable,10.152715092581847,Movies,0.4398462026369986,0,1.2121353520876585,4.998815077493504,2.6415714170936013,16.93204763658309,1
U1278,39,Mid,Ads,8.99,0,0,Stable,10.024097230578615,Movies,0.4259799313860834,0,1.7137255420247164,8.11155839575908,1.9150982782270722,16.46257650778669,0
U1279,37,Low,Premium,26.99,1,1,Stable,8.18569519651999,Movies,0.30694008291027775,0,1.3159457910681676,3.2873028076591035,3.5734721083738306,0.0,0
U1280,31,Mid,Standard,19.99,0,0,Declining,6.033223717153599,Series,0.5702129138556724,0,1.3043380209127848,4.048923478876921,1.9004594199975684,19.726892956063914,0
U1281,36,Low,Ads,8.99,0,0,Declining,6.392084822192972,Series,0.6831895779759813,1,2.398366971996015,7.63351081973429,3.68794108172723,25.43431209815003,1
U1282,33,Mid,Ads,8.99,0,0,Stable,8.971241826673195,Movies,0.5437914232767781,0,2.0400121428998435,4.8121457065965085,1.5452713885644833,1.8408495639299858,1
U1283,43,High,Ads,8.99,1,0,Declining,7.597463878826485,Series,0.6402171318307522,0,1.3932637872136409,9.378171972213652,3.05038016977441,5.093342148148187,0
U1284,46,Mid,Standard,19.99,0,0,Declining,4.5268318319923,Series,0.36159321792457744,0,1.8545849248900492,6.881399767944708,1.9802056965624633,27.4480903370642,0
U1285,25,High,Standard,19.99,0,0,Stable,9.636122579674783,Movies,0.3057145014473097,0,1.822581934208589,7.809914126681144,2.4685461316537136,36.95971518269252,1
U1286,19,Mid,Premium,26.99,1,0,Stable,7.685990228142612,Series,0.5185700324413166,1,2.2020250511505064,2.248744958394812,1.0,16.00355390539821,0
U1287,18,Low,Premium,26.99,1,1,Declining,6.3018632449998995,Series,0.38940277872511075,0,1.263032741598969,7.618853245565915,4.368729979139651,12.60512405126276,1
U1288,41,Mid,Ads,8.99,1,1,Declining,7.763898643067989,Series,0.6995865531204202,1,2.0733184005000336,3.801220633502162,2.5169359332171988,20.378657662173453,1
U1289,21,Mid,Ads,8.99,0,0,Stable,8.494124500181357,Series,0.7149705158790667,1,3.069906335467066,6.931529140482903,3.2167661819128774,34.276101333762654,0
U1290,18,Mid,Ads,8.99,0,0,Stable,8.831991126305681,Series,0.745241684341192,1,1.7353627900892001,4.772597398673906,1.0,7.799598175914955,0
U1291,39,High,Standard,19.99,1,0,Stable,6.221162933435157,Movies,0.151817409183582,0,0.938504135944513,5.9456068371210655,2.37158942446948,12.191686573279124,1
U1292,64,Mid,Premium,26.99,0,0,Stable,9.99662308749936,Movies,0.3814901874158346,0,1.1618779824125607,3.2875394366927897,2.020578973589084,11.876705112388587,1
U1293,34,High,Standard,19.99,1,0,Declining,6.39137342215225,Series,0.5987449534311746,0,0.7259238349243238,2.058839201532448,1.142396421672122,0.999575885196748,1
U1294,45,Mid,Standard,19.99,1,1,Declining,5.252131435680996,Series,0.6614806186683772,0,1.0043526081454806,5.8011128609186,3.4852848844044164,28.233452016024664,1
U1295,35,Mid,Standard,19.99,1,0,Declining,7.202148773786205,Series,0.6259452982996385,1,2.981639715348413,4.912400215135381,2.3462720797739056,21.133650323417772,0
U1296,33,Mid,Ads,8.99,0,1,Declining,10.175660995520998,Movies,0.34749081101673884,1,2.6908433889040624,3.71240875330216,2.14583850234281,0.0,1
U1297,46,Low,Ads,8.99,0,0,Increasing,5.493226494534196,Movies,0.32345524810509046,0,1.0896299025740157,2.1359000239846417,2.824750561988691,17.863787887356885,0
U1298,31,High,Standard,19.99,1,0,Stable,5.392534754153436,Series,0.821368122005104,0,1.701414455959596,1.0,1.345317282676617,37.94704495208386,0
U1299,38,Mid,Standard,19.99,0,0,Stable,12.370610617671769,Movies,0.17763719849614276,0,2.340954034338959,6.547118461570207,2.3612897462143447,21.304919395268552,1
U1300,38,Low,Ads,8.99,0,1,Stable,7.853389684608748,Movies,0.31536582584699024,0,1.4565559464309863,4.989870359453746,2.2901822460808527,37.24788004713119,1
U1301,26,Low,Standard,19.99,0,0,Declining,5.381739357263136,Series,0.816274133361192,1,3.1522156756599595,4.2922700567116525,2.3341316819498337,11.278330006437802,1
U1302,46,Mid,Premium,26.99,0,0,Declining,4.76922851667567,Series,0.43778881519371815,0,1.7257944083985182,5.925623009692994,3.2273030703230994,29.594226820542126,0
U1303,32,Low,Standard,19.99,0,1,Increasing,12.62530800291432,Series,0.44798241445120257,1,2.12333781890861,7.5288085205924276,1.7755282908022219,33.779105155564835,1
U1304,25,Low,Standard,19.99,1,1,Increasing,16.83374192643086,Movies,0.49678818889036186,0,1.3986489848570596,6.039133053841277,1.6700271169523204,17.127239985433636,0
U1305,41,Mid,Standard,19.99,0,0,Stable,5.6696229185333085,Movies,0.06521723187059142,0,1.5631412334872152,4.61374195355424,1.5856301711828373,13.06633958503654,1
U1306,24,Low,Standard,19.99,0,1,Stable,6.806246545621332,Series,0.7321262246052987,1,1.8530181537967318,9.764976990233375,1.5442377707704722,31.199765203965313,1
U1307,35,Mid,Standard,19.99,0,0,Stable,6.298545742864269,Series,0.5020730841506073,1,0.7344508067934803,4.228494635020053,3.302334358422978,24.480855875794276,0
U1308,34,Low,Premium,26.99,0,1,Declining,6.465729953638556,Series,0.6820001231040844,1,1.7995546622725762,2.6807381854830523,2.1293095172859196,29.44804705967932,0
U1309,48,Low,Ads,8.99,1,0,Declining,7.4447868753011495,Series,0.3558530865888747,1,1.0051154309287578,5.699631275439212,3.2228049633575626,22.957188348565666,0
U1310,40,Mid,Standard,19.99,1,1,Declining,8.241865570666233,Series,0.8370152533116737,0,0.9242732866793719,4.98887842857963,2.471021641411224,17.04413527218098,1
U1311,34,Mid,Ads,8.99,0,1,Stable,8.53343656524056,Movies,0.10655227002209139,0,0.5,7.3941884865521565,1.325876390765894,16.93508819549116,1
U1312,44,Low,Ads,8.99,1,1,Declining,10.038665582487234,Movies,0.49499007070933077,0,1.7400543520375176,4.447422617850225,1.0,13.7425560437851,1
U1313,51,Low,Standard,19.99,0,0,Stable,5.850494033585174,Movies,0.11490752324480291,0,0.7087012496331431,5.169692186903634,1.0,22.803257244236562,0
U1314,41,Mid,Premium,26.99,1,1,Stable,5.330918895134592,Series,0.9616601742178127,1,2.6264648533719313,3.768464497518136,1.3091405789683455,15.872096678287718,1
U1315,35,Low,Standard,19.99,0,1,Stable,9.938688586632418,Movies,0.33572364362897417,0,1.6833010315867365,7.115317043854513,3.2197215481738732,21.04039235100075,1
U1316,19,Low,Ads,8.99,0,1,Declining,5.245664639192674,Movies,0.7401714189993968,1,2.7209052642141103,5.7871399963680386,3.50079193451347,8.487603599646981,0
U1317,22,Low,Ads,8.99,0,1,Stable,4.248119353169438,Series,0.436222502517868,0,0.5,4.949630474515831,2.292953341659703,7.780355902328337,0
U1318,31,High,Standard,19.99,1,0,Stable,6.3678740567251015,Movies,0.26146986079024087,0,1.8613221977010963,5.200019267801826,3.12691202805392,25.00979053891303,1
U1319,27,Mid,Ads,8.99,0,0,Declining,5.511317308194548,Movies,0.5921438407464339,0,1.5101691830257362,5.457379001686256,1.6450109285967727,22.661682360585925,0
U1320,32,Mid,Ads,8.99,1,1,Declining,3.70750352418529,Series,0.3147607956449768,1,2.78255944472146,2.625278084826641,1.5721718966784675,12.840564951091167,0
U1321,35,Mid,Standard,19.99,0,0,Stable,4.970678625810823,Series,0.4601466688260115,1,3.3979257615222105,7.82541676315029,2.9707725290226694,34.522726842099246,0
U1322,41,Mid,Ads,8.99,1,1,Declining,4.584741726948248,Series,0.6990136859378664,0,1.6971660685533667,7.708056623480454,2.366265416510464,8.147085572834406,0
U1323,34,Mid,Standard,19.99,0,0,Increasing,5.806399738914866,Series,0.39624388466073335,1,1.5904084214303318,5.581360778805347,2.933484009589528,23.24803099188054,0
U1324,40,Mid,Standard,19.99,1,1,Stable,8.270262077960464,Movies,0.4543634844038089,1,2.691970064509293,5.3676191057484886,2.2512267824627177,23.492528079610143,1
U1325,35,Low,Ads,8.99,0,0,Declining,1.1123903062143072,Series,0.6340808770043437,0,0.5481915531105158,3.506683973790169,1.824635858864967,18.64181294635187,1
U1326,18,Mid,Standard,19.99,0,0,Stable,7.180849855930845,Series,0.2972708752515631,1,2.2622206286973787,8.954669924699408,1.9842569257785554,33.19421922591442,0
U1327,23,Mid,Standard,19.99,1,0,Stable,8.039019776216605,Movies,0.5435537575966932,0,1.0483856001099188,8.47090913000169,2.507130577422381,37.52718833700884,1
U1328,33,Mid,Standard,19.99,1,0,Declining,4.8189175205032475,Series,0.34751338136108617,1,2.3060903242169104,6.288789466816771,2.439862365788398,4.190555234877021,1
U1329,20,Mid,Standard,19.99,1,0,Declining,7.186445794141746,Movies,0.5042558193945874,0,0.545228914105997,7.140096173343214,1.2680893929899333,0.0,1
U1330,42,Low,Ads,8.99,0,1,Stable,4.258877531591729,Movies,0.3756950796488562,0,0.6028104618158874,7.960961935782372,2.0782972608093275,12.129788159864873,1
U1331,53,Mid,Premium,26.99,0,0,Declining,3.597820997247771,Series,0.5089975070588516,0,1.075323792490441,7.554940109841555,1.0,6.204775312809431,1
U1332,49,Mid,Standard,19.99,0,1,Declining,4.339930707498221,Movies,0.12891949500782318,1,2.1664861355692144,3.7876100571027984,1.8508852927322343,12.754812634413716,0
U1333,32,High,Ads,8.99,0,0,Declining,6.425449138818613,Movies,0.4158538650816299,0,1.0871024605593074,4.877747019155034,1.2792419621750306,39.834290503815744,0
U1334,52,Low,Ads,8.99,0,1,Declining,5.4370151720922415,Movies,0.17549504130449453,1,3.1702714988115264,6.436364371878932,1.0,50.3590472581199,0
U1335,36,Mid,Ads,8.99,0,1,Stable,11.286731965484837,Movies,0.5915906952105153,0,1.5118210622288137,5.906649864616902,4.410017742651304,6.621891369937188,0
U1336,30,Mid,Ads,8.99,1,0,Increasing,6.58264230907832,Series,0.8488901218606798,1,2.5377148758556287,7.006118138039353,1.4277044567279624,20.691113747404216,0
U1337,27,High,Standard,19.99,1,1,Stable,4.210022202838697,Series,0.9284068041971993,1,2.0706125951827916,6.787450805984445,1.2587022410271214,20.42046961712364,1
U1338,31,Mid,Ads,8.99,0,0,Stable,10.578177965866121,Series,0.6561794874150616,1,1.4649008961916987,5.9939426565296365,3.822920795410234,22.149072932907476,0
U1339,30,Mid,Ads,8.99,0,0,Increasing,4.707424248202852,Movies,0.2691380389003247,0,1.2979396075795135,1.0,1.0279867418628088,1.5542398467800318,0
U1340,37,Mid,Standard,19.99,0,0,Declining,6.36612542279809,Series,0.5406194838658686,0,2.2036349830749726,7.845672556581663,1.0,32.82952321846264,0
U1341,36,Mid,Ads,8.99,1,1,Declining,3.0426599159560617,Movies,0.2759824834395491,0,1.412189813942077,7.178071631497923,1.994592237465193,28.823358268216474,1
U1342,35,High,Standard,19.99,0,0,Stable,2.861363298304628,Movies,0.3996011076658214,0,1.8565962136176133,9.638428257838761,1.7050265018296193,12.239547573649192,1
U1343,40,Low,Standard,19.99,1,0,Stable,6.250432412373536,Movies,0.43732145111772047,0,1.9196954435247622,4.54500482885684,1.5606421121346923,32.769133120660186,1
U1344,49,Low,Ads,8.99,0,0,Stable,8.79899992495432,Movies,0.5963128732033796,0,1.5797706294740064,1.8141877401796789,1.2826956657565436,0.6973391208562099,0
U1345,46,High,Standard,19.99,0,1,Declining,2.5564578230538526,Series,0.6040246831192063,1,2.4321643830404214,5.13910331928026,2.0114106914349925,0.0,1
U1346,18,Mid,Standard,19.99,1,1,Declining,6.152189456289662,Series,0.3193545338932883,1,1.7073611115741967,6.413360677754635,3.8364902099369003,21.178150041208294,1
U1347,18,Mid,Standard,19.99,1,0,Stable,8.525727122372903,Series,0.5185158147076196,0,1.1957764292276134,4.615922276281021,1.0,23.174956500615032,1
U1348,46,Mid,Ads,8.99,0,0,Increasing,5.184929575442088,Series,0.9111703560113046,1,2.083462858287442,8.243587336184254,3.040603226927087,16.034139699302834,0
U1349,18,Low,Standard,19.99,0,1,Stable,6.544477422575259,Movies,0.03868428590559719,1,2.497997334467688,4.17972102983737,3.733691172507006,31.288211969346023,0
U1350,32,Mid,Premium,26.99,1,0,Declining,8.154149644654328,Series,0.7478299920802763,1,1.4515600355208886,5.298229353073035,1.5738029713464583,10.11011994827889,1
U1351,20,Mid,Standard,19.99,0,0,Stable,8.301185239927486,Series,0.5218853772833119,0,1.0313546521741066,5.00802014567971,2.576396399468967,32.45257898600657,0
U1352,18,Low,Ads,8.99,1,1,Declining,4.477015070847959,Series,0.4233071379200959,0,1.5020079450582038,10.0,2.078037988510302,27.45715246055056,1
U1353,41,Low,Standard,19.99,1,1,Declining,5.830590962507839,Movies,0.429122209822425,1,1.8787311082403977,3.687844679764881,1.0,40.354158010280884,0
U1354,44,High,Standard,19.99,1,1,Stable,5.629473383059104,Series,0.9121906051245531,1,1.7506341477297793,6.667462942373676,3.418986701285734,0.0,0
U1355,28,Low,Standard,19.99,0,0,Stable,9.227391356770049,Series,0.6680888353566342,1,1.825150966711687,3.097584989680068,2.235221102973992,12.163900489226997,0
U1356,18,High,Standard,19.99,0,1,Increasing,12.339780193806419,Movies,0.29749115799175213,1,2.1365543725405924,6.185929496895571,1.6790148235887274,7.125592871521496,1
U1357,28,Low,Standard,19.99,1,0,Stable,7.241811830172109,Series,0.34079015207872615,1,0.871585047340564,3.591065639884401,1.0,27.32346264928303,0
U1358,39,Mid,Premium,26.99,0,1,Stable,7.461412312915387,Movies,0.3302301677794527,1,1.8523045924032784,7.699889130481946,2.7209022378940744,36.876395652933915,1
U1359,18,High,Standard,19.99,0,0,Stable,5.002406249988654,Movies,0.08357003594211176,1,2.8716519270061487,7.316257231635297,2.352118167854855,13.535581534746063,1
U1360,37,Mid,Standard,19.99,1,0,Declining,2.2959271458643413,Series,0.538015155715954,1,2.4943271482439227,6.043040512861094,2.8058047523279743,25.192759327405682,1
U1361,34,Mid,Ads,8.99,0,0,Increasing,7.870185768175408,Movies,0.33738847032167923,1,2.552023146938012,2.717141056150432,2.75526470102038,35.323427911311256,0
U1362,41,Mid,Premium,26.99,1,0,Stable,6.825196580617644,Series,0.127891701857905,1,1.2033853004516804,5.3935913954622805,1.3868005994677701,21.914824683598738,0
U1363,36,Low,Premium,26.99,1,1,Declining,7.125254994775977,Movies,0.6276644409175773,0,1.0929005109720622,4.891724593042823,1.0,26.417490155800337,1
U1364,23,Low,Ads,8.99,1,0,Stable,8.844855501236621,Movies,0.10229570537591229,0,1.242060473719365,7.160785728494579,2.0900601261095053,0.0,1
U1365,49,High,Standard,19.99,1,1,Stable,7.369665776718186,Series,0.562808159765861,1,2.5786169658877642,3.69502317432058,2.0228206980030725,36.79015067711387,1
U1366,33,Mid,Ads,8.99,0,0,Increasing,12.571616953118362,Movies,0.45676664916250326,0,1.855427758947742,7.810122962304892,2.363817193573678,14.414803445161288,0
U1367,34,Mid,Standard,19.99,0,0,Increasing,6.16954146355679,Series,0.8617099436358358,0,1.777362957900106,7.434774136306874,3.717877958282656,50.037022482964346,0
U1368,23,Mid,Standard,19.99,1,0,Declining,7.1546737745567395,Series,0.44156939872543355,1,1.9487750198162428,2.7511981449919607,2.151271966750078,7.789946553436183,1
U1369,29,Low,Ads,8.99,0,0,Stable,5.419142571301065,Series,0.0981629478054209,1,1.962510677265174,5.060793839094979,2.892579392107705,23.694845896941512,1
U1370,24,Low,Premium,26.99,1,1,Stable,9.479389060128485,Series,0.8157327432022574,0,2.0060079945306666,5.397329060242247,2.577092493874195,27.906579637616186,0
U1371,32,Mid,Ads,8.99,1,1,Declining,4.973307070460038,Series,0.35010102271475807,1,2.0839576506278337,7.511895718719469,1.0,0.0,1
U1372,55,Mid,Standard,19.99,0,0,Stable,3.003426646924525,Series,0.6718886487167456,1,1.6504431793477683,4.126358653739166,1.0,39.32881502842213,0
U1373,18,Mid,Standard,19.99,1,1,Stable,8.460314328062884,Series,0.6843179400271292,1,2.1757208851981735,5.9152083385353915,3.353583891194548,26.917195611638377,0
U1374,18,High,Ads,8.99,0,0,Declining,6.61909151900156,Series,0.0,1,3.109615873571491,7.698117037368722,1.320533274677625,0.06665279905302413,0
U1375,52,Low,Ads,8.99,0,1,Stable,6.086839891022835,Movies,0.027032645691112023,1,1.757077293895938,6.002538625857319,2.5691611616519103,22.436958413098672,1
U1376,32,Mid,Ads,8.99,1,1,Stable,6.257480843211966,Movies,0.2578377586565729,0,1.085560070113153,1.785358109768434,1.1760545397586069,22.367485685404688,0
U1377,26,Low,Standard,19.99,1,0,Declining,4.680909440230792,Series,0.08317441621215305,0,0.8682445504287086,4.510958556532494,2.94643588943907,16.387677636984986,1
U1378,47,Mid,Standard,19.99,0,1,Stable,3.149696374747457,Series,0.3323897447485174,1,2.873836597235402,7.308464807813774,2.4474232924412345,10.84735870016248,0
U1379,27,Low,Ads,8.99,0,1,Stable,2.270543653809713,Series,0.6245757120253335,0,1.4439270317248332,7.058750937331333,1.90215907031953,17.183738858349578,1
U1380,56,High,Ads,8.99,0,0,Declining,7.603251276260778,Movies,0.3323032695817463,0,1.762940122180241,1.0012186603104896,2.86658438667161,28.33597821209768,1
U1381,43,Low,Ads,8.99,0,1,Increasing,6.52779699776827,Series,0.6605308861288544,1,3.239011328933195,5.901475581220313,2.4596990079418535,27.85053976506562,1
U1382,29,High,Standard,19.99,0,0,Declining,8.710528219152728,Series,0.6898441957457704,0,0.5439491105113637,7.392009121364031,1.4777340691068357,18.101846717486463,0
U1383,60,Mid,Standard,19.99,0,0,Declining,7.740803602277828,Movies,0.013634086604077278,0,0.9204243138202342,6.577848976319437,2.2119516322834882,20.743815739387287,1
U1384,27,High,Ads,8.99,1,1,Declining,8.134390628539478,Series,0.3430303473174721,1,2.039886849924269,6.8071499934908415,2.869109878736238,16.475542634070038,1
U1385,43,Mid,Standard,19.99,1,1,Stable,5.6994020950656905,Series,0.75227323790241,1,2.341303015774368,9.62463284098968,3.307695222737623,6.32429196293846,1
U1386,38,High,Ads,8.99,0,0,Stable,3.783197626138838,Series,0.904866048200536,0,1.5529488038995296,5.413093720835606,2.0712803353976286,17.31256371123741,0
U1387,50,Low,Premium,26.99,0,1,Stable,4.82623538681129,Movies,0.15651839022755745,0,1.054273186224665,6.109553090213291,3.986453260453897,9.185036407957838,0
U1388,53,Mid,Premium,26.99,1,1,Declining,4.107090545694176,Series,0.6517811188193914,1,1.8848350828270983,3.6210089768908036,1.4554829317243665,6.053587216252907,0
U1389,35,High,Standard,19.99,1,0,Increasing,1.88031080144808,Movies,0.511416578662779,0,1.7783297161109093,4.230657754079327,1.0,0.0,1
U1390,25,Low,Premium,26.99,1,0,Declining,4.049148621751666,Series,0.647511123437857,1,2.6276585121949743,4.836051524280865,1.0,13.093973966488585,1
U1391,40,Low,Premium,26.99,0,1,Declining,4.596643944977778,Movies,0.3002467389158038,0,1.4579408906746183,7.199451313689564,2.1900477119744792,27.425669628042783,1
U1392,26,Mid,Premium,26.99,0,0,Declining,2.411158056826611,Series,0.4718700011102014,0,0.5,4.004782440893848,2.2120246811885806,32.6774154387756,1
U1393,59,High,Standard,19.99,0,0,Declining,2.919029803508335,Movies,0.7470538409531082,1,3.024005899081433,7.969246179203401,2.325602544566019,23.354156391885866,1
U1394,36,Mid,Ads,8.99,1,1,Stable,6.558802957638396,Series,0.6192418083053949,0,1.391984570492994,3.313667536508314,1.531943312161371,2.4538704713458586,1
U1395,30,Mid,Ads,8.99,0,0,Declining,5.712573096620603,Series,0.6777884062434549,0,1.2190104080219335,6.7792098058434505,4.425714806370687,16.143442805744993,0
U1396,37,Low,Ads,8.99,0,1,Declining,3.218354663999511,Series,0.6648640161493824,0,0.8903336791624169,6.604133117819833,3.7109301184897987,4.141372029465209,1
U1397,18,Low,Standard,19.99,0,1,Increasing,9.876757828728808,Movies,0.18751631859983753,1,1.92025136836659,6.0149561746432765,1.0557128362609896,40.91294687191095,1
U1398,23,High,Ads,8.99,0,0,Declining,5.27369201597571,Movies,0.36016420466286103,1,1.7654515462652318,7.46927731809399,2.098070727484561,13.352883700037495,0
U1399,49,Low,Ads,8.99,1,0,Stable,7.093771718036781,Movies,0.2855514624243796,1,1.101455075084694,4.014917262991583,2.249284389408652,12.068577807989072,0
U1400,27,Mid,Standard,19.99,0,0,Stable,5.695971752286846,Movies,0.281970481766223,0,0.8912390995445726,4.567746594278798,2.885630034226021,29.074112680751483,1
U1401,22,High,Ads,8.99,1,1,Stable,4.333240807929235,Movies,0.41339182820375275,0,0.5004810514584113,3.573293583652393,1.0,17.5308595551063,1
U1402,41,Low,Standard,19.99,0,1,Stable,10.39290395980148,Series,0.4168714053529319,1,2.2637196192705953,5.518024008599147,1.0,30.85969260152069,0
U1403,49,Mid,Premium,26.99,0,0,Stable,8.260611832914853,Series,0.3590423158392504,0,0.724619566479041,5.260115826206646,1.0,4.5224691586972146,1
U1404,43,Low,Standard,19.99,0,0,Declining,7.011463306121476,Movies,0.450545012081084,0,1.6649670445557987,7.212910117004028,3.7041080106798123,19.068246560310367,1
U1405,46,Mid,Standard,19.99,0,0,Increasing,8.749110945483233,Movies,0.24367788147426594,1,1.3014075848888447,6.273623381158666,1.5452951027419424,24.087325569789172,0
U1406,25,Low,Standard,19.99,0,1,Stable,6.671949115479724,Series,0.5309968559446527,0,1.8973724745989697,6.878834648771954,3.0085293733288565,0.0,1
U1407,18,Mid,Standard,19.99,1,0,Increasing,10.471979042176162,Movies,0.0,0,1.7183074483047542,5.10574180362826,2.788830671636354,9.808150014547936,0
U1408,53,Low,Ads,8.99,1,0,Increasing,3.4959349486432636,Series,0.7926165564353268,1,1.660258568229793,6.311348949823334,2.0203161652646715,10.634059032952138,0
U1409,31,Mid,Premium,26.99,0,0,Declining,2.7707130612937108,Movies,0.4548032423831387,1,2.2434397113481377,9.12547083497582,3.0274366039556577,18.662818036754345,1
U1410,31,Mid,Ads,8.99,0,0,Declining,3.404450243943254,Movies,0.491613757062366,0,0.8728110809024359,2.8089158322603023,1.0,14.278333139019022,1
U1411,50,Low,Ads,8.99,1,0,Declining,4.0908671549164755,Movies,0.42746512407954884,0,1.5892996727538398,1.8218114547814603,1.7285653602083029,21.55267450189857,0
U1412,41,Mid,Standard,19.99,0,0,Increasing,6.360912961589538,Movies,0.046808609261947076,1,3.379914093892105,6.773826044864413,1.0,15.186264325069232,1
U1413,40,Low,Ads,8.99,0,1,Increasing,9.998421375752239,Series,0.6457997929358303,1,3.008638406664092,3.80291453287105,2.2976820734854275,31.768933433929167,1
U1414,60,Mid,Standard,19.99,0,0,Stable,7.162894468925671,Movies,0.22817329953101015,0,0.9561359390263147,2.7365374372400417,1.4076783427541202,43.32853642458064,0
U1415,27,Low,Ads,8.99,1,0,Declining,7.7857293795027545,Series,0.4074285789532921,1,2.3687807689166176,6.5678155796928674,4.389927821967486,0.0,0
U1416,46,Mid,Ads,8.99,0,1,Declining,9.947518314225125,Movies,0.4500096482891442,1,3.2133573943417337,3.4912476997097435,2.2586841260903165,18.296306295915993,1
U1417,35,Low,Ads,8.99,0,0,Increasing,5.211449279554701,Series,0.9317017833505359,0,1.562135382869175,8.578112170200413,3.0193608347866263,31.036091882260045,0
U1418,38,Mid,Ads,8.99,0,0,Increasing,9.441915641905336,Series,0.8986678837912683,1,2.906067637933159,5.81293922795219,2.8528153417028994,9.564908602627574,0
U1419,53,Low,Standard,19.99,0,0,Declining,5.291051756413949,Series,0.7244290037021232,0,1.6256142758787155,5.094788334611268,2.122350230294693,21.3581216523061,0
U1420,41,Mid,Premium,26.99,0,0,Declining,4.971603860470675,Movies,0.34395436810816066,1,2.3457549437742524,3.8568391651016447,3.1920874420017524,13.442115665299603,1
U1421,41,Low,Standard,19.99,1,0,Stable,4.8303508580689964,Series,0.5568915358162174,0,1.265267232625745,5.930376747662181,2.233071544234642,5.9588704220909,1
U1422,47,High,Premium,26.99,1,0,Declining,3.1656051087148995,Series,0.41909928271135455,0,0.6945480489582232,2.3181573226598395,2.6755881117336457,5.7988358051616515,1
U1423,30,High,Ads,8.99,0,0,Increasing,9.721216835748358,Movies,0.29605336325866466,1,1.840511180035831,1.0,4.557996652429338,0.0,1
U1424,24,Low,Ads,8.99,0,0,Stable,5.109299853385528,Series,0.7817047919176289,0,0.8490975098972122,2.39169189624078,2.392264117104058,19.991965197059802,1
U1425,22,Mid,Ads,8.99,1,0,Stable,7.3185439443340154,Series,0.9646278264049873,1,2.0891921756332392,7.774380313057318,1.6722116269002452,20.781836930300244,0
U1426,18,Low,Standard,19.99,1,0,Stable,6.50810043090879,Movies,0.18670373860719217,0,1.3497740110593468,3.6517217108498787,1.4921835712573,6.577953656289079,1
U1427,59,Mid,Standard,19.99,0,1,Stable,7.283315806242564,Series,0.20099730306566016,1,2.235239539621217,2.630995467724711,2.116930216819178,14.642097889337268,1
U1428,21,Mid,Standard,19.99,0,1,Declining,3.093399059131132,Movies,0.243825200777539,1,2.4295182837911504,5.322397194657829,2.3171828517394992,0.6930590221368753,1
U1429,32,Mid,Standard,19.99,0,1,Stable,7.314938484669073,Movies,0.5307908225742269,0,1.6321176028566486,9.949375257980734,2.2591504477752524,24.390386520065075,1
U1430,31,Mid,Standard,19.99,0,0,Stable,5.238094833046819,Series,1.0,1,2.0506485947259323,7.68378921732152,1.0,13.192906581022328,1
U1431,38,Low,Standard,19.99,0,1,Stable,7.3213912173138365,Series,0.8620082413313608,1,2.7427979823055,3.8991105061706817,1.0,27.24708112473444,0
U1432,44,Mid,Premium,26.99,1,1,Stable,9.678792244878315,Movies,0.6070570424756756,0,1.869083442078253,3.8630717897066544,1.2312784906831025,14.134549275916212,1
U1433,45,Low,Ads,8.99,0,1,Declining,5.521967700032141,Series,0.4300879292650519,1,2.5490891393966186,3.908089775771579,2.258709479481819,6.147601806557933,1
U1434,28,Mid,Standard,19.99,1,1,Declining,5.643740764766115,Series,0.43572212529019827,0,1.0277361313548319,3.67947073942375,2.263189498202709,11.568967592660693,1
U1435,32,Mid,Standard,19.99,1,1,Stable,8.634413034995095,Series,0.3352380725467584,0,1.773338944069804,6.587586596210408,2.6545334718860647,36.09721409363014,0
U1436,38,Mid,Standard,19.99,1,1,Stable,4.192883311053475,Movies,0.2169040527749138,1,2.5895888661345463,4.828103029214306,2.5630030940665423,43.15287394219942,1
U1437,32,Low,Ads,8.99,0,0,Stable,10.437843147446024,Movies,0.5328195566822331,0,1.6094121456253778,3.273720245305069,1.7004760318965213,0.0,1
U1438,54,Low,Standard,19.99,0,1,Increasing,5.8332300221628905,Series,0.9248974373869852,0,2.067585746976548,2.8274657549657,1.1793213432753151,28.868625586690374,0
U1439,40,Low,Standard,19.99,1,0,Stable,8.759321994737874,Series,0.6691034542565725,1,2.725665610080814,10.0,2.7210625874389405,4.700789766336673,1
U1440,43,Low,Standard,19.99,1,0,Stable,8.493819974512645,Series,0.5489758079980163,1,3.2445626320938348,6.977492442753922,2.4261159047163066,8.881395444329579,1
U1441,42,Low,Ads,8.99,1,1,Declining,3.195667276990479,Series,0.3866550364653156,1,2.210901679863221,3.7878197211786344,1.1067904557630033,20.50776363010722,0
U1442,49,High,Premium,26.99,0,0,Increasing,12.026658410300287,Movies,0.32749696879734147,1,2.041142771683994,7.924718934925242,2.824775112266648,23.872067319507806,0
U1443,37,High,Standard,19.99,0,0,Stable,7.995625532826618,Series,0.6406252655301109,1,2.989357441533908,3.1952216517318,3.157036489607699,9.261577773330355,1
U1444,19,Mid,Standard,19.99,1,0,Declining,8.779957288804514,Movies,0.05738558544536082,0,0.8071269642220538,5.22577901310008,2.989466865099576,25.321782376927224,0
U1445,39,Mid,Standard,19.99,0,0,Stable,7.3867575026825865,Movies,0.5342945857013577,1,3.4330456341827302,5.006871624696944,3.1644712272535016,32.210676842285025,0
U1446,27,Low,Premium,26.99,0,1,Stable,6.782913336954805,Movies,0.2652172007382681,0,1.9509536904233742,5.864652333633511,1.4493917159748122,26.74171604336866,0
U1447,28,High,Ads,8.99,0,0,Increasing,7.455712416245387,Series,0.7722831682202401,1,2.352569012971976,3.615795589023617,3.0517989104337753,6.405296995233012,0
U1448,42,Low,Ads,8.99,0,1,Increasing,3.7699341859464806,Movies,0.34781600758980313,0,1.9006368173519885,5.7569824976394095,2.0421592710782157,12.663642427575557,1
U1449,49,High,Standard,19.99,0,0,Stable,6.36354487049768,Movies,0.4094433385774614,1,2.6973999969463414,2.003240711580314,4.244821259458818,28.502945833712637,0
U1450,35,Mid,Standard,19.99,0,0,Stable,6.448203211482246,Movies,0.20961015798373847,0,0.6549841070413948,4.746536171962478,3.094127592191222,36.61668247148432,1
U1451,38,Low,Ads,8.99,0,0,Declining,5.524116365114869,Movies,0.2810769428369101,1,1.8102253048787436,8.170461539299382,2.6293997997510976,2.74864603837055,1
U1452,55,High,Premium,26.99,1,0,Stable,4.153793778235069,Series,0.7284084246723913,0,1.4428736314080532,7.55070496923225,3.916258552372123,21.633142684911007,0
U1453,37,Low,Standard,19.99,0,0,Stable,6.521975577626242,Series,0.5737003530523253,0,1.3797717903895705,4.107971813420656,1.6937043627533133,26.811585440962894,0
U1454,66,Mid,Standard,19.99,0,1,Stable,8.15250278404423,Movies,0.1290051968605661,0,1.9540642964267605,2.4481282343710715,2.750685895440295,1.2419495706090657,1
U1455,41,Mid,Ads,8.99,1,0,Stable,8.351019350985034,Movies,0.372314811010456,0,1.4510287536637372,1.1337102189743593,4.435582512793222,30.226577468533435,0
U1456,18,Low,Ads,8.99,0,0,Increasing,3.4205544715880185,Series,0.6771350033676802,1,1.5387691708589664,6.734941712446049,3.013188827008545,43.378268627045536,0
U1457,44,Mid,Standard,19.99,0,0,Declining,6.412813217306448,Series,0.8745777051344061,0,1.027336177136886,6.056779065363269,2.351443210940099,25.965934883663795,0
U1458,39,Mid,Premium,26.99,1,1,Declining,4.506852173757016,Series,0.8305106537318944,0,1.6715318696344008,6.271346375943185,1.9301852993920339,24.78827862015489,1
U1459,50,Mid,Standard,19.99,1,0,Stable,6.629978245002892,Movies,0.3370728907292263,1,1.2064306434039525,8.881205607119476,1.2317268703984277,8.985150385648362,1
U1460,43,Low,Premium,26.99,0,0,Increasing,1.906453890432486,Series,0.4905329670671509,0,0.594320553154278,5.805788489470352,1.9104449051197656,12.115841209101433,0
U1461,33,High,Premium,26.99,0,0,Increasing,13.48071348767364,Series,0.5543397201276619,0,1.1136725767686098,5.956164252129893,1.3811704004944132,10.23316908515608,0
U1462,20,Low,Standard,19.99,1,1,Stable,7.35359777002259,Series,0.49525329852441524,0,1.7633576385180993,2.7052408165725295,1.969791094177069,7.386956358493794,1
U1463,32,Low,Standard,19.99,0,0,Increasing,4.405618720431879,Movies,0.45123224514078936,0,1.191625954132846,8.747874138332705,2.0898091191698236,15.094281046424857,1
U1464,24,Low,Standard,19.99,1,1,Stable,7.750403149832933,Movies,0.5583330245231299,0,1.5304663177344537,5.172084362474272,3.188749048130383,21.71035336928363,0
U1465,28,Low,Standard,19.99,1,1,Declining,5.688956881694049,Series,0.8479668718588178,0,1.3024074752559283,3.8662478245756526,1.7913845083962667,7.708850573762824,0
U1466,42,Low,Ads,8.99,1,0,Stable,9.445088305865978,Movies,0.26755870950046695,0,1.22957395597804,5.9157132867349365,1.6033692514315474,13.83118457112888,0
U1467,55,High,Standard,19.99,0,0,Declining,4.380622461418244,Movies,0.2475947201171763,0,0.9731067181436586,9.500623224680732,3.0872348736570734,21.82728708503939,1
U1468,39,Low,Ads,8.99,0,0,Declining,5.023992137877173,Series,0.5159211150882739,1,2.80389537878836,9.770398379539799,2.896696129764406,0.0,0
U1469,20,Low,Premium,26.99,1,0,Stable,5.714384399524184,Series,0.2135926099827682,1,1.5474392697545407,3.5592008487846627,1.9565512211739753,29.391277929644424,0
U1470,40,Low,Premium,26.99,0,1,Stable,8.195897227985476,Series,0.35943752829061626,1,2.159805749354077,7.850743216041213,2.8009026104781594,20.556505965746986,1
U1471,49,Mid,Ads,8.99,0,0,Stable,5.433019316649901,Series,0.5930893988122633,0,1.8730646690133632,6.171462909874376,1.9379696824216093,20.720461418143312,0
U1472,27,High,Ads,8.99,1,1,Declining,3.21401896583954,Series,0.6758543480887939,1,1.841452461516135,7.47518436849358,1.9868150381606589,31.876265832567164,1
U1473,33,Low,Standard,19.99,0,1,Declining,4.864404924440159,Series,0.6982346115765092,1,1.3661975900245973,6.053432617839803,3.7538689053571614,29.257737517847783,0
U1474,35,Low,Standard,19.99,0,0,Declining,2.5482724573923425,Series,0.443901115625893,0,0.5,6.729769776162575,2.062170980115398,25.28739838571682,1
U1475,25,Low,Ads,8.99,1,1,Stable,10.20426243707847,Series,0.5017779704361292,1,2.699764763571215,8.142610497157534,1.7941577814832308,21.355681804893624,0
U1476,42,Low,Standard,19.99,0,1,Stable,10.85453345548375,Series,0.5460992386721077,1,2.7401693670736664,2.0016605181409974,2.2178802650096494,17.88275780931015,1
U1477,33,Low,Ads,8.99,0,1,Increasing,7.639229743734553,Movies,0.2737748202328881,0,1.1278848896890268,6.220747950634571,1.0,11.029233150477918,1
U1478,40,Mid,Ads,8.99,0,0,Increasing,4.840214980328504,Series,0.7376035441329328,1,1.5373829864537774,3.160975605437243,2.032048726570879,6.470821272222393,0
U1479,24,Low,Ads,8.99,1,1,Stable,7.673184077804123,Movies,0.08836517800761423,0,1.22695148035955,4.572801401272311,2.454733441090275,22.647841592279445,0
U1480,29,Mid,Ads,8.99,0,0,Stable,6.035794964062152,Series,0.37014087899141157,0,1.889047234180498,5.501942568907959,4.181386204374531,22.72922921806824,0
U1481,43,Low,Standard,19.99,0,1,Declining,7.3493622650560635,Movies,0.29031294087051074,0,0.6653515418538202,3.4843358953027765,2.2923797144636278,19.693726397983234,0
U1482,30,High,Premium,26.99,1,1,Declining,3.425706808940193,Series,0.3268792593324651,0,1.8290872098361777,4.337224406926703,2.637916604712004,1.871978699995907,0
U1483,55,High,Standard,19.99,1,1,Stable,8.089026444856886,Movies,0.0,0,0.5,2.6985670775318633,2.546431556365801,0.0,1
U1484,30,Mid,Standard,19.99,0,1,Stable,7.227987178783386,Series,0.30130456807604905,0,0.7315081699809264,4.313440078521582,4.468602710517013,18.667163939172372,1
U1485,37,Mid,Ads,8.99,1,1,Increasing,6.9712154681597704,Movies,0.3014570823102466,0,1.3546385048752607,6.523703022516312,3.2027007743979405,0.0,0
U1486,46,Mid,Standard,19.99,0,0,Stable,7.480099656983883,Movies,0.47610616326509503,0,1.7738262668575522,7.230905317438037,1.0,21.814925622881326,1
U1487,18,Mid,Ads,8.99,1,1,Declining,6.757065116949699,Series,0.7302733068785652,0,2.0358213515265566,3.9612424955023124,3.429158443809766,41.38370307021043,1
U1488,18,Mid,Standard,19.99,0,0,Increasing,9.260545557166191,Movies,0.6675830865078183,0,1.7958782594067475,8.155582674852496,1.2550732587208975,21.974698061975037,1
U1489,18,Mid,Premium,26.99,0,0,Stable,7.194569330252517,Movies,0.3703330235141721,0,2.076132457177433,6.654768448733444,1.5463680503280508,12.761656899459002,0
U1490,50,High,Ads,8.99,1,0,Increasing,6.381649716438975,Series,0.6472401024657656,0,1.3910302439648021,8.366778143296878,1.0,5.449979910460122,0
U1491,28,High,Standard,19.99,0,0,Stable,9.288409595808272,Series,0.5499185925943311,0,0.9892060331729889,1.95844424782385,4.022334303012057,11.079824145320504,0
U1492,65,Low,Ads,8.99,0,0,Declining,7.089093156286367,Movies,0.30963470685279815,1,3.0104518214743887,6.122501751162891,3.386342868955609,17.557174451852948,0
U1493,28,Mid,Standard,19.99,0,0,Declining,4.1788816226270065,Movies,0.7661090663190425,1,3.1181024118185245,6.722426296193426,3.4306615698782794,30.874994765188905,1
U1494,37,Low,Ads,8.99,1,0,Declining,4.751423081034009,Series,0.6522702874510063,0,1.765411529878795,2.062951858018818,3.235887712429448,19.682979809804714,0
U1495,53,Low,Standard,19.99,0,0,Declining,7.828441345380654,Movies,0.4196548538188243,1,2.6675364102644603,10.0,2.890742093779192,14.499386951359103,1
U1496,59,Mid,Ads,8.99,0,0,Declining,2.7328583579050894,Movies,0.1209771394166067,0,1.9959858284226013,4.226874915169942,1.880308263609317,26.076765201151932,1
U1497,59,Low,Standard,19.99,0,1,Stable,8.208576782717563,Series,0.6820844549810137,1,2.5051826930758674,6.587717380872421,2.4060484896749066,35.71257181691634,1
U1498,49,High,Standard,19.99,0,0,Increasing,7.324158680606615,Movies,0.4816663958646929,0,1.2897343920953974,7.353488367005094,1.6836574665557729,21.762459599817046,1
U1499,47,Low,Ads,8.99,0,1,Increasing,14.334233630254923,Series,0.8220620255875731,1,2.735312879599294,5.702365769774674,1.348664724787354,20.294746238882862,1
U1500,42,Mid,Standard,19.99,0,0,Stable,7.126893457330674,Series,0.7260169049803002,1,2.586547802840941,8.27165614492041,1.5595179839502022,0.0,0
U1501,44,Mid,Premium,26.99,0,0,Declining,7.520757036280084,Series,0.5746523543832033,0,1.7426455608340377,9.490426401970709,4.554172286574149,1.6585362945684992,0
U1502,28,Mid,Standard,19.99,0,0,Stable,5.477345303077743,Series,0.5661153374273582,1,2.220838201536097,3.2807766921549857,1.8176983416701282,0.12219642126365216,0
U1503,25,Mid,Ads,8.99,1,0,Stable,4.502942635351465,Series,0.5855838642462194,0,1.754625157082451,5.7322921424488245,3.2007762754280935,15.704614128548869,0
U1504,34,High,Ads,8.99,1,1,Declining,4.531481085597776,Series,0.6214374087121807,1,2.8145698792857567,7.331353712220974,4.277169764552274,7.994551366273438,0
U1505,32,Mid,Premium,26.99,1,0,Increasing,9.788050373840509,Series,0.8535300881612357,0,1.4066746380056985,2.233922573182968,2.980705745904408,12.047443314414448,1
U1506,29,Mid,Standard,19.99,0,1,Increasing,7.467804953950759,Movies,0.5645279098402415,1,1.8498192133725688,7.62854656803488,1.41198096082406,7.84231780233698,0
U1507,43,Low,Standard,19.99,1,0,Stable,8.516614852549935,Movies,0.5005821907451561,0,1.9203121592954724,8.91307140824843,1.4633897108956786,8.901893659002623,1
U1508,46,Mid,Ads,8.99,0,1,Stable,6.580092864379141,Series,1.0,0,0.6951712694957856,8.067773724686745,2.3188528771277874,0.0,1
U1509,36,High,Standard,19.99,1,0,Declining,0.8371256764667887,Movies,0.0,0,0.8211471136079778,6.376889774038693,4.456778525987524,20.639917070992592,1
U1510,52,Mid,Ads,8.99,0,0,Stable,8.105623958386001,Movies,0.2579882851347938,1,2.400813708576432,8.578919270933149,3.6235426645683537,26.401848721595695,1
U1511,21,High,Premium,26.99,0,1,Declining,3.234925881705685,Series,0.5977454761771234,1,0.7952602995765963,6.214902550668216,2.7366500089864676,18.836575928930618,1
U1512,32,Mid,Premium,26.99,0,0,Declining,4.276805236646963,Series,0.4655541052078054,1,3.225775600504099,2.8607665036492467,1.9958252422412524,22.37856460621479,1
U1513,26,Low,Ads,8.99,0,1,Stable,10.106262407078711,Movies,0.16404985506952174,1,2.3088153436716543,4.456210921245751,2.5794446423064703,23.58095379491555,0
U1514,18,Low,Standard,19.99,1,1,Stable,10.54562344824218,Movies,0.006568071927358532,0,2.069741621313288,4.988751783967823,2.3892446892304102,23.102254478390034,1
U1515,34,Low,Ads,8.99,1,0,Stable,5.849013129814377,Movies,0.28773427758314746,0,2.202016799779866,5.372099252337137,2.38290813981377,28.158129744086185,1
U1516,33,Mid,Standard,19.99,1,1,Stable,8.15557326126368,Series,0.7788054107683662,0,1.222584329301648,5.311540487365919,1.3245927375821052,32.28850925103929,0
U1517,53,Mid,Premium,26.99,1,1,Stable,5.895451019154711,Series,0.7547872684608545,1,3.1092506324902898,4.8234993571535565,1.3058060022142945,36.94002635539846,1
U1518,42,Low,Standard,19.99,0,0,Stable,6.426254042202793,Movies,0.19957402275185962,0,0.7699442864048764,5.9376870479237995,2.5288070743418243,0.0,0
U1519,22,Mid,Ads,8.99,0,0,Increasing,7.182673755304342,Series,0.6440490157063373,1,2.559978273328238,8.508472608267006,1.040349325164538,23.606055612629163,0
U1520,57,Mid,Ads,8.99,1,0,Increasing,3.8269689588105464,Movies,0.6215199630432182,0,1.0633051751307896,5.928225028939887,1.574889103182505,3.479153841986154,1
U1521,49,Mid,Premium,26.99,0,0,Stable,7.1901104474674185,Series,0.2959865909309534,0,1.648242950898474,6.757432963649649,2.2296443881184205,34.87385868354784,0
U1522,41,Low,Standard,19.99,1,1,Stable,7.576330773892334,Movies,0.3182328039254941,1,2.8295441042450697,1.1121570142896902,2.530794118799102,18.792696265197726,0
U1523,32,Low,Standard,19.99,0,1,Stable,5.657996509377723,Series,0.6572992581617878,1,2.2040552592514118,5.7519543695155555,3.3157492396103363,21.31598323455904,1
U1524,23,Low,Ads,8.99,0,0,Declining,7.175583422874218,Movies,0.3520030680073581,1,2.6268928034718777,7.673669609321017,1.0,19.406626514117132,1
U1525,30,Low,Ads,8.99,1,1,Declining,4.127839565809561,Movies,0.5201266788034788,0,1.7723531514461013,7.993700135928433,1.0,20.524518588175503,0
U1526,48,Low,Premium,26.99,0,1,Increasing,7.088364525422955,Movies,0.0504347940676268,0,1.3939100676414746,7.790204929993125,3.50631481302912,37.76826033885527,1
U1527,57,Low,Standard,19.99,0,1,Increasing,10.579509354324319,Movies,0.14883626784051734,1,3.8234241911281686,6.10682314364338,3.876490366752758,32.8756862082679,1
U1528,53,Mid,Standard,19.99,0,0,Stable,3.914636020054942,Series,0.736408268539199,1,2.2177168255360744,6.327870463625963,1.1559145775853696,37.253607854286415,0
U1529,29,Low,Standard,19.99,1,1,Stable,8.813358063405612,Series,0.259555187780997,1,3.293513766962199,4.154557536310659,1.354776486923525,15.663646595739486,0
U1530,21,High,Standard,19.99,0,0,Declining,4.195661685211275,Series,0.7623535682066553,0,1.8726956333327656,7.190036685789769,2.74556116508694,0.0,1
U1531,36,Low,Ads,8.99,0,0,Stable,8.97857215278818,Movies,0.4399636312463826,1,1.184062732993131,4.165212362135227,2.24872344536192,26.967538429136077,1
U1532,18,Low,Ads,8.99,0,1,Stable,9.576261051658312,Movies,0.4983839479410721,0,2.046486703964545,6.861788434256784,2.2565125184925425,4.602275505496969,0
U1533,38,Mid,Standard,19.99,0,1,Stable,8.280306884714282,Movies,0.2561420694480592,0,1.8369724964893739,5.583025886287835,1.4193649796849788,13.65542254109889,1
U1534,33,Low,Standard,19.99,0,1,Increasing,6.564080121815066,Movies,0.4519676873426903,0,1.35707295938664,5.529883171079044,2.919695549846243,17.254466073643716,0
U1535,29,High,Standard,19.99,0,0,Declining,2.498336587031191,Movies,0.11554248596984254,0,1.4844367447037468,7.502483743992603,1.9628371706983356,18.024320655077975,0
U1536,18,Low,Premium,26.99,1,0,Stable,4.131854673329528,Series,0.5170990115067361,0,1.546395464193617,6.622413887040303,1.9299498964312891,25.72528326319472,0
U1537,41,High,Standard,19.99,1,0,Stable,9.205821403402622,Movies,0.35726778805550663,1,3.1251851860422883,6.065194834918893,1.0687613652873507,6.919218861992244,1
U1538,28,High,Ads,8.99,0,0,Increasing,8.595599663399451,Series,0.420250115088618,0,1.0934617329041274,4.504546403871265,2.9913416988960035,25.51834210474268,0
U1539,20,Mid,Premium,26.99,1,0,Increasing,7.2023346164074535,Series,0.6436213736068522,0,2.0930012105064906,8.704626469779665,1.8386346962149416,15.716736184200627,0
U1540,18,Mid,Standard,19.99,0,0,Stable,6.735835696922217,Movies,0.12115855424134683,0,0.7579706317468884,6.165926946214384,2.154848385116448,49.225588756886495,1
U1541,34,Mid,Standard,19.99,0,0,Increasing,12.241863626862504,Series,0.6537301619670022,1,1.243919919099967,6.994774654081718,3.3897967667713145,0.0,0
U1542,56,Mid,Standard,19.99,0,0,Stable,8.557479570719101,Movies,0.6983700608774557,0,1.596742910883152,5.661894221874079,1.153159047065332,19.529907322831185,1
U1543,54,Mid,Standard,19.99,0,0,Declining,5.877012311417709,Movies,0.09866687227652826,0,1.929513095638025,4.112535394306567,2.1133228746264834,25.378204907882687,1
U1544,29,Low,Ads,8.99,0,0,Stable,8.27577211485281,Movies,0.34548797674481485,0,1.210208309625094,6.209890838868578,1.0,13.0655305727034,1
U1545,27,Low,Standard,19.99,0,0,Declining,5.360344710993898,Series,0.2764077883909704,1,0.9414688165504834,4.30846827190721,1.6763587819929588,11.114234303516893,1
U1546,40,Mid,Premium,26.99,1,0,Stable,7.6042261145928505,Movies,0.18340919638191652,0,0.5545298452403724,6.37555561495889,3.488218243816838,33.89460309474728,1
U1547,23,Mid,Standard,19.99,0,0,Increasing,9.663075693453141,Series,0.7403898343478892,0,1.5181419191325298,1.0,1.0,28.091579043197843,0
U1548,38,High,Standard,19.99,1,0,Stable,6.999877508744893,Movies,0.26387427964197313,0,1.294972523908611,4.698372096011574,2.4356811467697796,8.41460341539284,0
U1549,44,Low,Ads,8.99,0,0,Declining,6.506747767662564,Movies,0.49848202775369266,1,3.0705682705898076,5.471302618797637,3.8035417334447104,0.20493791081366197,1
U1550,49,High,Ads,8.99,0,0,Declining,5.72256421240079,Movies,0.42117667173535145,0,1.3364621981631195,3.591143248274174,2.748753115663445,25.061218226960342,1
U1551,33,Low,Ads,8.99,0,0,Declining,3.2385699377860844,Series,0.5870963457320015,0,0.9297058538628544,6.227564367836822,1.6161966594562798,21.87332021382454,0
U1552,32,Mid,Ads,8.99,0,0,Declining,6.057748771045307,Series,0.39411748105530664,1,2.485448674468823,4.655552489968277,1.0882674704759732,24.85122985149252,0
U1553,24,Low,Premium,26.99,1,0,Declining,5.494494132758609,Series,0.7370976436995076,0,1.807806029630373,5.488180829056199,1.0,16.425557353523306,0
U1554,25,Mid,Standard,19.99,1,0,Stable,8.222826937830199,Movies,0.41082674569029887,0,1.975617215270944,4.396948636324119,3.762326942945586,28.305276363385797,1
U1555,32,Low,Standard,19.99,0,0,Stable,6.791586172769943,Movies,0.04439191839812895,0,1.2444953208704386,7.443821985104274,1.7791175095049794,37.204459368925725,1
U1556,39,Mid,Standard,19.99,1,1,Stable,8.623480627534315,Series,0.40709488134333616,1,2.3404545173797042,6.591943674593568,1.0,36.36546536865793,0
U1557,45,High,Ads,8.99,1,0,Declining,4.877182898267686,Movies,0.0,0,1.6896359658258446,6.0958119139153535,1.1788350266072711,8.172990102578035,0
U1558,25,Mid,Premium,26.99,1,1,Stable,8.44775937320109,Movies,0.07687463874324812,1,1.8508349994885138,5.62398166961945,1.1219036956309871,47.99521865281274,1
U1559,52,Mid,Standard,19.99,0,0,Declining,4.087056968098978,Movies,0.28732474779592526,1,2.742064045100991,10.0,1.7048859573650856,25.898151653901458,1
U1560,31,High,Ads,8.99,1,1,Declining,4.225491891802095,Series,0.38882887193046145,1,2.160775591201692,5.1851804446319125,4.588355616518678,0.8820141886815023,0
U1561,34,Mid,Standard,19.99,0,0,Stable,8.20410504642025,Series,0.43366668078926257,1,2.2546545774042555,4.106227254690842,3.122939793161568,23.247872851881667,0
U1562,26,Mid,Premium,26.99,1,1,Declining,4.336453212510512,Movies,0.6281140315151554,1,2.301605843154987,3.153878284456867,2.684307080815006,20.754094769623112,1
U1563,18,Low,Premium,26.99,0,1,Stable,11.411565389496323,Series,0.8057626648076133,0,1.3647949465134936,7.310710225728709,3.3974715490104743,16.60094860280001,1
U1564,45,High,Ads,8.99,0,0,Increasing,10.69933496033708,Series,0.4610663624478796,1,3.44827032806052,8.762437638139826,4.033861588416104,15.559679538075876,0
U1565,43,Mid,Premium,26.99,0,0,Stable,7.049846972308401,Movies,0.5087075268805031,0,1.0655091622046287,3.8038879474487812,2.728130427747008,26.426473189148858,0
U1566,31,Low,Ads,8.99,0,0,Stable,8.639801553517698,Movies,0.5929745705808349,0,1.0912530176808464,4.930206642300383,3.6411974556288653,26.473485326868435,1
U1567,35,Low,Ads,8.99,1,0,Declining,4.0386391800469665,Series,0.7237096983171512,1,3.168042554088718,4.781139599477659,1.559237719623746,10.959893674729116,1
U1568,41,High,Premium,26.99,0,1,Increasing,11.769044457699053,Series,0.659785496608379,0,1.5223454226473834,5.251806346220465,1.3372686623349437,11.569865612321982,0
U1569,18,Low,Premium,26.99,0,1,Declining,6.790470433327065,Movies,0.569664615543681,0,1.6837778550329496,1.96445573699057,1.1684018783784647,11.099968010177806,1
U1570,28,High,Standard,19.99,1,0,Declining,7.5070681155591,Series,0.7539035959914825,1,1.681849693051034,7.113452387914022,2.4939484342094325,15.902610311504583,0
U1571,44,Low,Standard,19.99,0,1,Declining,4.118380937302845,Series,0.3573811472885178,1,2.4478605072885196,7.880488296341252,1.0,28.637350770353514,0
U1572,19,Mid,Premium,26.99,0,1,Stable,4.55453349172451,Series,0.5622135492122067,0,1.7051878733155752,1.6908909921238746,3.5247030953106866,32.430521623498656,0
U1573,38,Mid,Standard,19.99,0,0,Stable,5.779690721594903,Movies,0.23958618378809066,0,0.9628151852151859,9.015870147291013,1.7063321947559027,15.428529603301994,0
U1574,18,Mid,Premium,26.99,0,0,Increasing,8.155108452081759,Movies,0.5804946967854158,0,1.6142464307196942,8.735076183829591,3.0262886879976936,31.187144274154925,0
U1575,40,High,Standard,19.99,0,0,Stable,10.33442320170351,Series,0.4839155898429149,0,1.1978012401050975,1.0,1.0,23.300326854766702,0
U1576,34,Mid,Premium,26.99,0,0,Stable,11.390024058255499,Series,0.4495630057380312,1,1.912747525081551,1.1533635531508217,3.3112474125468223,19.596533444009832,0
U1577,18,Mid,Premium,26.99,1,0,Stable,7.689324609287965,Movies,0.5553364148943278,1,2.9079148657423923,5.234140309824713,3.5828520701458197,40.41037905675254,0
U1578,48,Low,Ads,8.99,1,1,Stable,7.0187812160371985,Series,0.651934203186354,0,1.868956563743247,8.132080830732203,2.3029108545710946,21.949382735976922,0
U1579,26,Low,Premium,26.99,0,0,Increasing,7.950276508577367,Series,1.0,0,1.3643644444553467,6.079541507891529,2.7277770126481937,16.375284060312648,0
U1580,25,Low,Standard,19.99,0,0,Stable,8.649380700421734,Series,0.42755169543870897,1,2.57042263716133,5.542768733663125,1.1737656505587262,28.028411384229692,0
U1581,37,Mid,Standard,19.99,0,1,Stable,11.377162783983035,Movies,0.2462328141068001,0,1.9622945382510464,6.647324124133275,2.2455488551179954,3.2297668795475207,0
U1582,48,Low,Standard,19.99,1,0,Stable,10.571701782376543,Series,0.824393547485565,0,1.1022564708009417,3.8838115814700997,3.1722869750919873,15.367818763098136,0
U1583,22,Low,Ads,8.99,0,1,Stable,9.275953225211667,Series,0.34417992574779566,1,2.5091489404120004,8.054719426722944,1.896993596661988,21.141189114153065,1
U1584,35,Mid,Standard,19.99,1,0,Declining,7.246605062227713,Movies,0.6139384715851774,0,1.106828273401304,5.292766708005166,3.7263784790289525,26.632456409647396,1
U1585,40,Mid,Premium,26.99,0,1,Declining,6.664619772508229,Movies,0.10850892356308561,0,0.7907710005453928,2.2339439626137283,1.0,20.892747938377404,1
U1586,43,Mid,Ads,8.99,1,0,Stable,6.90541870858293,Movies,0.47204471264220677,1,2.063211318629602,3.9090446338875164,1.8713484118801933,2.5313712471901617,1
U1587,37,Low,Standard,19.99,0,1,Increasing,6.7903553323776125,Series,0.23138979470694437,1,1.6250338666793143,6.238017271648774,1.0,7.380553806051978,0
U1588,30,Low,Premium,26.99,1,1,Stable,6.958371821344118,Movies,0.3590259679976625,0,1.5127779943459356,4.920641297113646,2.516162612757043,12.827917922866646,0
U1589,25,High,Standard,19.99,0,0,Increasing,10.26701880639406,Series,0.3260939021230342,0,0.91390987746877,4.713471770935572,1.9869767313639466,20.898887508230402,0
U1590,36,Low,Standard,19.99,1,1,Declining,2.09273220256341,Series,0.9852550474022974,1,1.4617677602044008,5.905865475894666,2.024128175120627,2.436906544058516,1
U1591,22,High,Standard,19.99,0,0,Stable,6.694098541267582,Series,0.385673897440897,1,2.745624107435387,6.217248885355827,2.9400022248390054,34.90912189427203,0
U1592,18,High,Standard,19.99,0,0,Stable,5.348135290817453,Series,0.43422859820383153,1,2.706603722056065,3.0392376853038834,1.9162450896911454,21.754896532788116,0
U1593,40,Mid,Standard,19.99,0,0,Increasing,12.041523483204426,Series,0.7070851912605746,0,1.1348675002510484,7.946983367111143,5.0,21.428681674826596,1
U1594,45,Low,Premium,26.99,1,1,Declining,3.9005831956865786,Movies,0.2298084742206523,0,1.6516008556701878,5.237756488228202,3.0085275152515334,15.922048340941558,1
U1595,18,High,Standard,19.99,1,0,Stable,7.656440663961975,Series,0.7399906714038402,0,0.8969520298438144,6.339372662418233,2.2300456815480874,0.6801275935061639,1
U1596,22,Mid,Premium,26.99,0,0,Declining,3.599959414128847,Movies,0.20782196426684246,0,1.1138417815394281,5.694763845984968,1.525290126217591,19.08973575915764,0
U1597,42,Mid,Standard,19.99,0,1,Stable,10.195398651921831,Movies,0.19240980867948893,1,2.5443980864827944,4.679766512088865,1.2892802109222985,26.978808283301888,1
U1598,59,Low,Ads,8.99,0,0,Increasing,3.8977291903962428,Movies,0.34448825878389044,0,1.8169009106933536,7.323287431464557,2.6370282876613556,16.160812488310068,0
U1599,35,Low,Standard,19.99,1,0,Stable,7.951680753687933,Series,0.3566138986079715,1,2.070536385674159,5.662338413797073,1.6734609292937277,30.829897630581772,1
U1600,26,Low,Standard,19.99,1,0,Increasing,5.168226994680203,Movies,0.42927327293349676,1,1.9424541386392586,5.646635197405874,3.1908843499439303,17.25210029945728,1
U1601,32,Mid,Standard,19.99,1,1,Increasing,7.4720020485454475,Series,0.7754597039739511,0,1.7912535193111059,1.0,2.1177209998956066,26.352313407977867,1
U1602,51,Mid,Ads,8.99,0,0,Declining,5.412373407369009,Series,0.7105993279984875,0,1.6063432089071685,7.139903974792838,2.1210838838184585,16.671273376514737,1
U1603,27,Mid,Ads,8.99,1,1,Stable,7.510714062633675,Movies,0.4786561742756509,0,1.3743617500783964,5.158932683045091,2.3146505073692194,22.55216662573262,1
U1604,25,Mid,Ads,8.99,1,1,Declining,5.458533682190826,Series,0.21502895600693328,1,3.0086713089339763,7.009864799618962,2.047980193336906,28.41750885649734,1
U1605,29,Mid,Ads,8.99,1,1,Declining,5.303498281951001,Series,0.5076704508281885,1,3.4682033086868405,8.789922661695805,2.477144037830033,5.035026055746165,1
U1606,23,Mid,Standard,19.99,0,0,Stable,5.716311476253114,Movies,0.3045869668712575,0,1.4829583892641514,7.146733143194593,4.2695129671175795,25.767803606282563,0
U1607,36,High,Ads,8.99,1,1,Stable,6.671893353822378,Series,0.8908905343591198,1,1.9460769398806015,5.608302652863292,2.7408193380073604,30.651723590425213,0
U1608,54,Low,Standard,19.99,0,0,Stable,7.06326803235783,Series,0.4837385223320079,0,1.548654553268763,4.92714576981842,2.6233422350764495,44.28465315329339,0
U1609,38,Mid,Ads,8.99,0,0,Declining,5.390720793517765,Movies,0.0,0,0.8900330567236001,10.0,2.9870073183310306,18.853821742267577,1
U1610,31,Low,Ads,8.99,0,0,Increasing,8.802958581579036,Movies,0.14920609860063477,0,1.9210813830896485,6.466770627617302,2.0914906047782393,0.0,1
U1611,31,Mid,Standard,19.99,0,0,Stable,8.459180841968909,Series,0.467761356522442,1,1.8790103397023494,5.919260176306145,1.236347426201988,0.0,0
U1612,18,Mid,Ads,8.99,0,0,Declining,5.186773940301885,Series,0.16870357321446916,1,2.184115744457935,5.134120241615729,1.0,7.354124397713418,1
U1613,45,High,Premium,26.99,0,0,Stable,7.402651935243227,Movies,0.5437405041411749,1,1.7973941409539675,3.7068864713919103,1.0,33.389065193424585,0
U1614,34,Low,Ads,8.99,0,0,Declining,4.234695303376966,Movies,0.03608399356298825,1,2.409303959462519,1.5986263339488445,2.947943253244566,44.36103744163189,1
U1615,32,High,Standard,19.99,1,1,Stable,4.895116146771155,Series,0.6892043096464177,0,1.4087271439675109,8.54235258151036,2.568799264559337,13.122561374738817,1
U1616,73,Low,Premium,26.99,0,1,Stable,7.308057861464941,Movies,0.131520654860693,1,2.7455875725401833,3.941233866280089,2.052013551295617,18.639020883239677,1
U1617,38,Mid,Standard,19.99,0,0,Stable,9.414892087925876,Series,0.9013968734610155,1,2.371785312776597,5.119368894300162,4.562287842289344,0.0,0
U1618,25,Low,Ads,8.99,0,1,Declining,5.887722461460826,Series,0.5447692604443689,0,1.323133523846515,5.287883047426839,2.1657408956021493,25.81641248183294,1
U1619,29,High,Standard,19.99,1,1,Stable,5.365012117570417,Series,0.5041776690829145,1,1.9556719469633688,8.366215861091044,1.0,19.612975006052324,0
U1620,48,Mid,Standard,19.99,1,1,Declining,6.629480051637207,Movies,0.4556508893313317,0,1.1568263452866416,3.9674161890245667,2.9504944015861767,14.999629377886725,1
U1621,36,Mid,Premium,26.99,0,0,Stable,6.329765864412087,Series,0.39853990309585163,1,1.4642522114080365,6.014697502766585,3.3609483947331755,6.437173799769365,0
U1622,18,High,Premium,26.99,1,1,Declining,6.429307960960575,Movies,0.4651092947788402,0,1.996850454009655,6.524326679148372,2.920084733835357,13.7711431117507,0
U1623,46,Low,Ads,8.99,0,1,Stable,6.262408270207678,Movies,0.2536662750327015,0,1.252849088769786,2.731095035735898,3.375725870747125,1.8571806799444062,1
U1624,26,Low,Premium,26.99,1,1,Declining,5.706612879654739,Series,0.48107963067798776,0,2.1203482158017346,2.543071637490026,1.0,7.67088918183272,1
U1625,57,High,Ads,8.99,0,0,Stable,5.963005326751307,Series,0.5824862579432105,1,2.2273825715135582,4.0699609140572335,2.294687299651899,2.7525045503089203,0
U1626,47,Low,Ads,8.99,0,0,Stable,6.0138950070593316,Series,0.38206591280266555,0,0.5,5.987339916149241,1.3699740470064472,5.796750836037814,1
U1627,29,Low,Premium,26.99,0,1,Declining,1.8674692658085208,Series,0.5618216630826663,0,1.0748030387962637,5.732980361845665,2.7230980887566774,4.138255669938427,1
U1628,50,Mid,Ads,8.99,0,0,Declining,6.02414963832232,Movies,0.4178970094245213,1,2.2984362613965073,5.261834873421844,3.720313478044257,24.924793726321113,1
U1629,35,Mid,Ads,8.99,0,0,Stable,7.740339269640674,Movies,0.0,1,2.339210217032358,6.804771999115492,1.8318717282770998,4.202064203792766,0
U1630,45,Low,Ads,8.99,1,1,Declining,5.8528854325218855,Series,0.81826150590752,0,1.6384186133814909,3.786408776701074,2.851603520743442,17.372357987547407,1
U1631,40,Low,Standard,19.99,1,0,Stable,7.550661122263622,Movies,0.5131956260255798,0,1.3869402422280355,5.158910387127907,1.3235367669765687,4.896535184451295,1
U1632,24,Low,Standard,19.99,0,0,Stable,5.475499933353394,Series,0.22908456508672564,1,2.0978022419285125,5.272915028730481,2.1824844836755193,5.367135028363428,0
U1633,27,Mid,Standard,19.99,0,0,Stable,8.93179852898716,Series,0.19791354086227037,0,0.8425051488239814,3.840424764506463,1.6857915743782486,4.894640575029321,0
U1634,47,High,Ads,8.99,0,0,Increasing,11.97833790027681,Series,0.7683813251202389,0,1.096815820368984,10.0,4.001000891996485,29.73136314696486,0
U1635,30,High,Standard,19.99,0,0,Stable,5.423525069658835,Series,0.7529037817032109,0,1.6022629218043671,1.179124022503208,1.1201818890561328,15.809471272205347,0
U1636,30,Mid,Premium,26.99,1,0,Stable,8.064247982699916,Movies,0.4746069507982787,1,2.815047625461036,7.981361664424531,2.2882365941563307,9.033950702512572,0
U1637,23,Low,Premium,26.99,0,1,Stable,8.749982370735953,Movies,0.06461523929953633,0,0.9630714930630764,7.100144425418517,3.569312398249836,5.950606286870666,1
U1638,40,High,Ads,8.99,1,1,Increasing,7.589705179968836,Movies,0.7157284447486966,1,2.904197873727659,7.116575209710622,1.0,1.8680013723896423,0
U1639,59,Mid,Premium,26.99,0,0,Declining,4.407928621511296,Movies,0.19899982663689442,1,2.641438444293669,5.691697069563063,2.6312506992300904,9.379680289485377,1
U1640,22,Low,Standard,19.99,0,0,Increasing,10.602340224635357,Movies,0.39789530820364993,0,0.8564578993940716,8.167157146777843,2.311112463998415,0.7612092905345307,1
U1641,35,High,Ads,8.99,0,1,Increasing,4.469010691757097,Movies,0.4003558043677674,0,1.423352525278292,4.603280805807324,1.5188196907734177,12.784539018033628,1
U1642,51,Mid,Ads,8.99,0,0,Stable,4.822965556932,Series,0.9185862305594713,0,1.4848835314964035,6.284878382990131,3.4161056882959544,9.506160628236184,0
U1643,34,Mid,Ads,8.99,0,0,Stable,5.0204499842608765,Movies,0.37503345998874876,0,0.7677785993934189,5.646400850990771,3.9159623425060115,8.649308377958972,0
U1644,40,Mid,Standard,19.99,1,0,Increasing,3.6110509055235136,Series,0.6831682711349061,0,0.620681186304658,5.035378190142193,2.8579861347823887,32.858717094204295,0
U1645,22,Low,Ads,8.99,0,0,Stable,9.169879548374961,Movies,0.3345748245091834,0,1.536909522701918,5.743704012037559,1.9032305496970887,15.071681122187421,0
U1646,40,Low,Standard,19.99,0,0,Stable,3.023736371616666,Movies,0.11068012225766038,0,1.0728620060275045,3.602481823424772,1.0,15.814992823846005,0
U1647,32,Mid,Ads,8.99,1,0,Stable,7.686221326862732,Movies,0.0,0,2.056050855266819,4.171934799731157,2.3799831864895173,33.383765537533876,0
U1648,46,Low,Premium,26.99,0,1,Stable,8.62336678951044,Movies,0.3565159749587969,0,2.160533139167662,8.660627506792004,2.046348432167888,1.695115955564642,0
U1649,49,Mid,Ads,8.99,1,1,Declining,4.412808091173465,Series,0.31752738189704427,1,2.583193573460919,10.0,2.107051544371527,12.155555804981057,1
U1650,66,Mid,Premium,26.99,0,0,Stable,5.66326475053751,Series,0.6700354430627743,1,2.871044064062671,6.539910659195366,1.7031135685677923,0.0,0
U1651,41,Mid,Premium,26.99,0,0,Stable,7.465684901473279,Series,0.6297500174368311,0,0.7880732767183323,7.167116090629148,1.6151723114866945,18.84328603913594,0
U1652,38,Mid,Ads,8.99,1,1,Increasing,9.005499001783445,Series,0.624886739209472,1,1.5008619883648429,6.0040629703821,2.2290621704223543,25.285726293905576,0
U1653,37,Mid,Standard,19.99,1,1,Stable,9.00700972483283,Series,0.38941507610750686,1,2.215151412764421,6.410109117931846,1.0,0.0,1
U1654,30,High,Ads,8.99,0,1,Increasing,1.114436578806128,Series,0.8073088152722734,0,0.6567197058704904,6.587583715409123,3.23641184569908,28.319896263269072,1
U1655,39,Mid,Premium,26.99,0,0,Stable,5.162585047703744,Series,0.694954219445923,1,2.4845826252576613,7.5708568661890805,1.436692702866826,21.732461746325342,0
U1656,31,Low,Standard,19.99,1,0,Stable,8.123153767832111,Movies,0.11366004338708341,1,1.8297941776127444,8.573899635077375,2.312037793834868,18.437819578520898,1
U1657,37,Low,Ads,8.99,0,1,Declining,5.100894885548921,Series,1.0,1,2.414273484197952,3.731171722851378,1.8757143066995021,3.0978442823112644,1
U1658,50,Low,Ads,8.99,0,1,Stable,8.504068318393735,Series,0.5578417364830384,0,1.2134490409238339,10.0,2.8501998846849914,27.26332238379635,0
U1659,22,Low,Standard,19.99,1,1,Increasing,9.786059928718986,Series,0.33314269986823847,1,2.682411423316179,5.776537921847601,2.7954363938092457,38.19470444200418,1
U1660,48,Low,Premium,26.99,1,1,Declining,4.730525873517375,Series,0.44832960314763426,0,1.463169390197713,5.777192132406422,2.7070378896355,13.110134460620184,0
U1661,50,Low,Standard,19.99,1,0,Increasing,8.093134670719488,Movies,0.04822182768667854,0,1.0980384294492915,4.6741813153093,1.0311077864184026,14.190573337415909,1
U1662,33,Mid,Premium,26.99,1,0,Declining,9.650110031751172,Series,0.8718853835373807,1,1.478968600940898,4.681835958098408,2.007543169401748,18.2729583002743,1
U1663,18,High,Standard,19.99,1,0,Declining,8.069892548063022,Series,0.8160896653658375,0,1.381255293929558,6.732741807458752,3.802259678217287,13.206515047336717,0
U1664,27,Low,Ads,8.99,1,1,Declining,5.991010196190444,Series,0.7478959149472741,0,0.5,6.774313345394601,1.8581139448015502,15.862028390544811,1
U1665,50,Mid,Premium,26.99,1,1,Stable,7.156927786896829,Series,0.71022838037057,0,1.9230534554179375,6.630447342472127,3.249281225776312,30.341951765622532,1
U1666,34,Mid,Ads,8.99,0,0,Declining,6.076265098706869,Movies,0.5996684321632744,0,1.564467040152085,4.590328673708982,2.189858525140172,17.20425251728083,0
U1667,23,Low,Premium,26.99,0,1,Stable,8.653669435745815,Movies,0.30160115751561234,0,1.7213872861434873,1.0,1.8902363592339868,21.480589918794674,0
U1668,28,High,Standard,19.99,1,1,Stable,7.837653371409019,Series,0.6845324286958112,1,1.7183095800141817,1.9089328018173637,2.3865605911145855,42.39823100053047,0
U1669,45,Mid,Ads,8.99,1,0,Stable,5.497239753226884,Movies,0.18762169392320036,0,1.4780405524882643,5.526575703255378,1.367795328189291,35.57168277443256,1
U1670,41,Mid,Standard,19.99,0,0,Stable,10.569021535449021,Series,0.569310289511772,1,1.9000383165302699,6.171762675040517,3.0998737776117946,5.439826061483263,0
U1671,32,Mid,Premium,26.99,0,0,Stable,7.492416455508038,Series,0.6900154346334779,0,1.374534856591281,4.660608443606497,1.3460777165760691,38.9317829983568,1
U1672,30,Low,Premium,26.99,1,0,Increasing,15.041790091169442,Movies,0.0,0,0.8007819351243257,4.114195540145543,2.7536619714053883,34.52277915615817,0
U1673,30,Mid,Ads,8.99,0,0,Stable,7.374294973754668,Movies,0.22605784487305663,0,1.258279069676464,6.093386418224009,3.2786088663152224,35.932644026649555,1
U1674,23,Low,Ads,8.99,0,0,Declining,4.508693295748932,Series,0.6329974279548366,1,1.472881699812084,5.284737424098243,2.625730431295053,10.494042483215301,1
U1675,54,High,Standard,19.99,1,0,Stable,9.768280248092928,Movies,0.3344967868117251,1,2.203981645795426,4.547014643500639,1.6309832743242652,20.538653291059546,0
U1676,31,Mid,Standard,19.99,1,1,Stable,7.602373916155535,Movies,0.2595207348508939,0,0.5,2.2689882950930373,2.3857066248872063,13.30053751701133,1
U1677,49,Mid,Standard,19.99,1,1,Stable,7.266845269018579,Series,0.7178303877614955,1,3.34826822535837,3.8121308048189775,1.46578355085222,19.452372362727125,1
U1678,53,Low,Ads,8.99,1,0,Increasing,5.398907383072217,Series,0.45845752535838913,0,1.3802024935344746,7.365184900266392,1.9886690899303436,39.0213286600681,0
U1679,46,Mid,Premium,26.99,0,0,Increasing,10.980653415407485,Series,0.3556185080026926,1,2.3034081296837887,3.5747343836007035,1.6767167159387313,19.680698569862308,0
U1680,29,Mid,Standard,19.99,1,1,Declining,4.013379234088183,Series,0.8367532212579111,1,2.705634233269558,6.82730894932258,1.4387529474177279,0.0,0
U1681,39,Mid,Premium,26.99,0,0,Stable,6.104417581852052,Series,0.8085297051874395,1,1.5204159075666543,8.27280819675269,2.8305751241185817,13.522685214178296,0
U1682,34,Mid,Standard,19.99,1,1,Stable,6.018902309189657,Series,0.48017018047947496,1,1.8315494198600126,3.9178755637325295,3.18394130033189,10.145622971768706,1
U1683,24,Mid,Standard,19.99,0,0,Increasing,10.317101504085908,Series,0.5862610860626606,1,2.6186358889685417,4.610692321895959,3.2532733822999447,39.47781094749009,0
U1684,38,High,Premium,26.99,0,0,Stable,3.92924745284862,Series,0.769197937471409,1,2.39687279894396,7.474699943867684,2.442117968482396,8.24262888908407,0
U1685,20,Mid,Standard,19.99,0,0,Stable,6.5783093145483855,Movies,0.35880686534614964,0,0.9401749598126313,7.965663500613305,3.669144746377691,13.113782667631476,1
U1686,49,High,Premium,26.99,0,0,Increasing,11.940836973328134,Movies,0.4560415213742695,0,1.624022854905634,4.210410734342198,1.5231015629789804,13.528975772509188,1
U1687,29,High,Premium,26.99,1,1,Stable,4.508662261319985,Series,0.6951133587453489,1,2.481638772306359,2.257344312281324,3.4851491899263136,37.195278209985275,1
U1688,37,Mid,Standard,19.99,1,1,Stable,7.34575792186917,Movies,0.2861659565690386,0,1.5527786363495606,8.009752823174672,3.1095612185192927,29.524547756939487,0
U1689,38,Low,Standard,19.99,1,1,Increasing,7.105801739187497,Movies,0.4531848005362811,0,1.4948692401249906,6.667715153564613,2.2398315968040947,24.81572694242719,1
U1690,31,Mid,Ads,8.99,1,0,Increasing,7.7889206416031,Series,0.40701127479507637,1,1.8911582000897,6.301259451745742,2.4230656534764483,20.794738007312844,1
U1691,42,High,Ads,8.99,0,0,Declining,8.310304520779814,Movies,0.428854863615711,0,1.2620761815893164,7.331184294576769,3.236305811010694,20.580972675555252,0
U1692,29,Low,Ads,8.99,1,0,Stable,3.699021632909983,Movies,0.33518046871766527,1,1.1857662856342321,3.1297827961320475,2.861869326750042,18.913779828917374,1
U1693,45,Mid,Ads,8.99,1,1,Stable,8.531260676343233,Movies,0.27785591361694817,0,1.044583898164669,6.282398071158466,2.4614821268721907,42.66357188995915,1
U1694,18,High,Ads,8.99,1,1,Increasing,7.566215193668362,Series,0.35065282610733095,0,1.1773283513475352,4.929466948902694,1.7497619515050882,2.795198092636113,1
U1695,36,Mid,Ads,8.99,0,0,Increasing,7.417008044562998,Series,0.6263318521918382,0,1.6133767166602997,6.705511639353649,1.275705898708693,0.0,0
U1696,58,Mid,Standard,19.99,1,1,Stable,4.7768753150234655,Series,0.6077060555312889,0,1.5560754515152877,7.098076736545127,2.3083147241572783,23.316251995696028,1
U1697,22,Low,Standard,19.99,1,1,Stable,8.50779927454727,Series,0.43207270756884697,0,0.923959099518227,7.453106619390906,1.0556558026226492,34.83271246189766,1
U1698,26,Low,Ads,8.99,0,1,Declining,4.617190767431968,Series,0.28062563595624035,0,0.9128970305830404,6.697121951471109,2.9322233033217273,20.226638859383108,1
U1699,41,Mid,Ads,8.99,1,1,Stable,6.364661172410695,Series,0.2711049798737081,0,1.9534871494190011,6.001366529651188,1.0,0.0,1
U1700,37,Low,Standard,19.99,1,0,Stable,7.219673858408149,Movies,0.29918540208808814,1,2.1236549603144397,6.068325141394735,2.506988230404964,26.949820723789482,1
U1701,39,Low,Standard,19.99,0,0,Stable,6.659425748516399,Series,0.6612995278843579,1,2.368549951491203,6.2335285700435366,1.9231764733066745,5.2213811936167165,0
U1702,40,High,Standard,19.99,1,1,Stable,2.9986242404929513,Movies,0.7199943188601915,0,1.692624320012307,4.251388297387282,1.7605861129107103,2.5964770396012433,0
U1703,42,Low,Standard,19.99,1,1,Stable,6.018351634045283,Movies,0.340969030989897,0,1.2602491659805097,4.759007170792724,1.9234633493752629,6.2667127711693755,1
U1704,48,High,Premium,26.99,1,0,Increasing,11.686322672844973,Series,0.27492278968430667,0,1.2241700389157388,6.3046732854968575,1.0,0.0,0
U1705,39,High,Standard,19.99,0,1,Declining,1.9867670717753834,Movies,0.30861636635074574,0,1.142334058778554,6.800959971550859,1.758102986765299,20.440054287144253,0
U1706,32,Low,Standard,19.99,1,1,Stable,4.820124200287291,Series,0.8502729797037898,0,1.0454635002591357,4.198014274367955,1.33230902579404,10.22593733502099,0
U1707,43,Low,Premium,26.99,0,0,Stable,6.146417209202949,Movies,0.2134408782997506,0,1.3714512635856715,3.3467360359505007,1.3449854512404138,2.0340686790516322,1
U1708,57,Mid,Premium,26.99,0,1,Stable,5.548753162725716,Movies,0.5737207154801782,0,0.5,2.149401825377461,5.0,46.55854324830843,1
U1709,33,Mid,Standard,19.99,1,1,Stable,6.944229035716784,Movies,0.3851449426069993,0,1.1194417669658476,2.9773294134808164,1.0,11.623403064139628,1
U1710,23,Low,Standard,19.99,1,1,Declining,2.8138464966425185,Series,0.7293763109041713,0,1.5701254414284926,4.420885273543531,2.596140570140841,18.6206416426967,1
U1711,48,Mid,Ads,8.99,1,1,Declining,4.224290952381254,Series,0.9717711996408086,0,1.5118394946826028,4.6067695359690415,1.404411755772125,36.64835964384457,0
U1712,33,Low,Standard,19.99,0,1,Declining,4.904010936801332,Series,0.2325472185263452,1,3.1466387985953945,4.934326444385128,1.2877883266477126,26.129914664692407,1
U1713,18,High,Premium,26.99,0,0,Declining,6.297880832415942,Series,0.7793008366016478,0,1.718708754504426,3.0899631761287596,1.0,40.90146937389953,1
U1714,45,Low,Standard,19.99,1,0,Stable,9.489578772199192,Series,0.5810597764237366,1,2.5449546236097524,1.8749152848581394,3.328300329542203,9.646639820471247,1
U1715,28,Low,Premium,26.99,0,0,Declining,4.476905692293121,Movies,0.16016389332927372,0,1.3143314710102658,5.753126763636404,3.4044149757654565,30.56913956075297,1
U1716,33,Low,Standard,19.99,1,1,Stable,10.77612048249165,Series,0.5798730726153786,1,2.02608007860424,5.753936825631767,1.579735920960299,23.886459910667895,1
U1717,38,High,Premium,26.99,1,1,Declining,4.632190838910952,Series,0.9381941886303087,0,1.5516341267392444,6.742671483438828,3.1121377777460033,29.940446821410333,0
U1718,37,Mid,Standard,19.99,1,0,Stable,8.657750296513061,Series,0.8669891959511306,0,1.4617447654172204,7.130076035496938,1.1641716841067336,28.13247821946112,1
U1719,43,High,Ads,8.99,0,0,Stable,10.863015469453558,Movies,0.0,0,1.1128589831860092,6.284716143456254,1.7989002058556487,8.736432384090868,1
U1720,29,Mid,Standard,19.99,1,1,Stable,7.27861681847187,Series,0.44603205879683333,1,1.7797449906357352,5.729335271056997,2.8789637548164806,51.88112283491763,0
U1721,41,Low,Ads,8.99,1,0,Stable,4.2529467568449295,Movies,0.5385788471138735,1,2.268141112745443,7.252012123070658,1.198788492596894,0.0,1
U1722,31,Low,Ads,8.99,0,1,Increasing,9.272711571622894,Series,0.5956511844433935,1,2.9936041780562603,8.348117983452227,1.4606884135541376,7.629166245831346,0
U1723,43,Mid,Premium,26.99,0,0,Declining,3.7767142235901785,Series,0.5963973320245537,1,2.3661244278387783,4.14664754362336,2.224502503695666,26.173565971250248,1
U1724,42,Mid,Ads,8.99,0,0,Stable,6.451135946055096,Movies,0.03633470884146983,0,1.3141987543146842,7.040521342912498,2.2372929639696078,21.48777253391093,0
U1725,23,Mid,Standard,19.99,0,0,Stable,10.96995376499043,Movies,0.20090463154019444,0,1.5115834934495045,4.251646625738733,1.1216834546940455,19.606945520225114,0
U1726,48,Low,Ads,8.99,1,1,Declining,2.5544731535522485,Series,0.3283588505932172,0,1.5406602844887594,5.938068822560009,4.432972736191925,26.586732493586062,0
U1727,28,High,Ads,8.99,1,1,Stable,7.600933644611717,Series,0.26933650438370094,1,2.4493443573088607,7.639079400972332,1.3561704743642058,7.886693775632267,1
U1728,44,Low,Premium,26.99,1,0,Declining,3.244557439356551,Series,0.34845240332049454,0,1.2789598343243944,4.952664534796554,3.152771733168793,28.078967319887006,0
U1729,39,High,Standard,19.99,0,0,Increasing,8.077026176397256,Series,0.414380448510732,0,1.0459089783672957,3.59584627341163,2.7958552007712925,16.44969019465049,0
U1730,57,Low,Standard,19.99,1,1,Declining,6.489684670408968,Series,0.4477773062183822,0,1.8024283621055137,4.581576021973924,1.394630408057321,34.81151133274921,1
U1731,32,Mid,Standard,19.99,0,0,Declining,5.636327886946046,Movies,0.181574055587915,0,1.086519168770755,3.593903571914996,2.6632591391543445,14.344544100888026,1
U1732,30,Low,Standard,19.99,1,1,Stable,6.549935462076822,Series,0.8040912146835202,1,3.2433971527169407,3.3515744147076925,1.3594158342192841,23.613672343393038,0
U1733,34,Mid,Premium,26.99,1,0,Stable,5.700399349470744,Series,0.4185711589959282,0,1.3771793029929182,7.913146796060808,2.2708501691345044,25.649576525901747,0
U1734,31,Mid,Standard,19.99,1,1,Stable,7.632156384307229,Movies,0.6352369384371264,1,2.331614735053187,6.56474166978415,3.024060439930108,28.862155806803468,0
U1735,44,Mid,Standard,19.99,1,0,Declining,8.41537343430674,Movies,0.25320482448220816,0,1.6799892099197824,4.060892570274154,1.64178199361168,18.44846945170488,0
U1736,18,Mid,Premium,26.99,1,1,Increasing,6.295944172129129,Movies,0.4378397319501837,0,0.9734069232914881,3.5312168790960214,2.6114807364867145,14.561780278530026,1
U1737,22,Mid,Ads,8.99,1,1,Increasing,14.734991656373317,Movies,0.44422861627977356,0,1.5869336204929163,3.6691865176963043,1.6239879701811009,8.699885021210129,1
U1738,22,Mid,Standard,19.99,1,0,Stable,9.398994901450303,Series,0.42043131584144056,0,1.357629127600405,4.060546477921134,2.3756416013616497,23.833982851254177,1
U1739,46,High,Premium,26.99,0,0,Stable,9.738706735155535,Movies,0.2843818869984599,1,2.546528805370745,7.805316424190219,2.3061375057032536,0.0,0
U1740,55,Low,Standard,19.99,1,0,Stable,7.616864761859203,Series,0.4994112326119292,0,0.9582027480609577,5.279820052645075,1.8333614992183103,21.70692613692587,0
U1741,33,Mid,Premium,26.99,1,1,Declining,7.342259551019788,Series,0.6744881425621655,0,0.9535147934861723,9.763228758799222,1.0,22.599534397763854,0
U1742,32,Mid,Standard,19.99,0,0,Stable,4.9823374350987475,Movies,0.3242311021164313,0,0.5,5.420521583938986,2.980890471049008,40.48819733301407,1
U1743,35,Mid,Premium,26.99,0,0,Declining,3.663912184302977,Movies,0.2003203452106038,0,1.0713732790321164,4.348710363451781,4.190476082320602,10.07211783712526,0
U1744,48,Mid,Premium,26.99,1,0,Increasing,11.297441441761176,Series,0.623811657731862,0,1.045146807908383,7.3555384462920985,2.3396119065658847,20.25261849124817,0
U1745,23,Low,Ads,8.99,0,0,Declining,5.591690110447632,Movies,0.417923216625992,0,0.9663148326971001,2.1597152289138206,1.586961380032356,19.908753623663657,1
U1746,37,Low,Ads,8.99,0,0,Stable,6.7032414830044615,Movies,0.7200089357085175,0,1.2422691428432109,5.8768967092527,2.4080921834365596,4.727381204861871,1
U1747,46,Low,Standard,19.99,1,0,Declining,0.0,Movies,0.3636252912191802,0,1.3321326858068578,3.075651665254606,3.346026610369397,17.933912759429564,1
U1748,41,Low,Standard,19.99,1,1,Stable,6.129051903923658,Movies,0.35200166936170774,0,1.5498706346153286,1.1357399800045886,3.479543296955547,1.9013287393316567,0
U1749,37,Mid,Ads,8.99,1,1,Declining,2.651892439403469,Movies,0.43567972209200073,1,2.639473571745131,5.264704571743471,3.1116861236604665,29.555575629996856,1
U1750,47,Mid,Ads,8.99,0,0,Stable,7.9870686226230045,Movies,0.16011952746742822,1,2.6902871062265143,7.16955250268671,2.6451799933652658,25.08876205454336,0
U1751,18,High,Ads,8.99,0,0,Declining,4.617662942865529,Series,0.2548980797929016,0,1.6461497726990202,5.92785193404,2.875300925634579,23.178833548635975,0
U1752,43,Mid,Premium,26.99,0,0,Increasing,7.115098367500486,Movies,0.2875795816558356,0,1.43765649787926,5.687470745906971,2.318285599665627,10.35647019772665,1
U1753,27,Low,Standard,19.99,0,0,Increasing,16.928731447872913,Series,0.8144198195955481,0,1.3276134415568954,1.0,1.243963738790589,35.02517660999261,1
U1754,18,High,Standard,19.99,0,0,Stable,9.07634895338847,Movies,0.5967103426337382,0,1.764551804475975,5.1900727699080145,1.821449235196893,4.982381864524275,0
U1755,41,High,Ads,8.99,1,0,Declining,7.1117442827121184,Movies,0.0,0,1.64664292490337,5.209622681078172,1.8770785010113622,18.600234671301397,1
U1756,51,Mid,Standard,19.99,0,0,Declining,9.404430289364345,Series,0.7332158960986933,1,1.4108204944553342,6.742523568502363,2.4925566571351414,3.969692770213026,0
U1757,33,Mid,Ads,8.99,0,0,Increasing,11.406575348049328,Movies,0.0,0,1.213605997279875,3.3837370072266615,1.0,15.801495286491445,1
U1758,46,High,Ads,8.99,0,1,Declining,3.4580919810542685,Movies,0.4418361109665172,0,0.5,7.159311454799463,2.711037686244613,33.252661915860415,1
U1759,54,Mid,Premium,26.99,0,0,Declining,3.224207296616527,Series,0.6798718625793312,0,0.5,4.4812446427834915,1.0,23.668894519576394,1
U1760,50,High,Premium,26.99,0,0,Stable,8.92980551750847,Movies,0.005203994096891262,0,1.0455624022898744,4.901400423091175,2.6113346218929268,6.947712808694309,1
U1761,54,Low,Ads,8.99,0,1,Declining,0.8812914404496466,Movies,0.5500092286263374,0,1.2360035403640344,6.555878959410856,3.369845916699762,11.735125048300418,1
U1762,43,Low,Ads,8.99,1,0,Declining,4.844440737980869,Movies,0.6987671802581837,0,1.0879112238214157,3.1211487105880824,3.0948395506330937,13.44626955781193,0
U1763,35,Mid,Ads,8.99,0,0,Stable,2.6577512448871037,Movies,0.3375039337995047,1,1.2343460716627095,7.148412767997158,1.3042933186499344,7.9884033743395655,1
U1764,18,Mid,Standard,19.99,0,0,Stable,7.197687016779012,Movies,0.37819997499539265,0,1.687547938821508,2.790717005287316,2.8236034910038352,21.271065681269953,0
U1765,32,High,Ads,8.99,0,0,Declining,6.708140501423907,Series,0.8958232405973812,1,1.875834370503942,6.8103509853306194,2.904355808019308,44.20585474137979,0
U1766,24,High,Ads,8.99,0,0,Stable,7.558831069207264,Series,0.37473359318240396,1,2.593625718062692,5.029057842779081,3.905775977545961,11.286844936330853,0
U1767,61,Mid,Ads,8.99,0,0,Stable,8.876218717941196,Series,0.37978450847542145,1,1.8923373596843742,5.1924604188249335,2.5657136395430786,41.15779568822886,0
U1768,32,Low,Standard,19.99,0,1,Stable,10.92965388331983,Series,0.4321232992161598,1,2.001420587294508,1.0,3.226119154150201,17.956606496258072,0
U1769,36,High,Standard,19.99,0,0,Declining,4.7129231254759825,Series,0.6074164208621985,0,1.5168420696260794,4.318483239515032,1.762873901196501,21.866027807804038,0
U1770,41,Mid,Standard,19.99,1,0,Stable,12.615301566557761,Series,0.606883168852496,1,2.0905117013972854,5.07955573473415,1.3479362510259771,21.130365032046747,0
U1771,35,Low,Standard,19.99,0,0,Stable,7.425339912340309,Series,0.4893419449439492,1,2.4023045482171383,8.59724853131142,3.064258504445146,0.0,0
U1772,55,Mid,Premium,26.99,0,0,Stable,8.898330125380719,Movies,0.28990391770849233,0,1.4386611886832301,5.4281605686740715,3.07814605069228,23.456310372660496,0
U1773,27,Mid,Premium,26.99,0,0,Declining,3.777874570869865,Movies,0.24208635300984935,1,1.443722055470908,4.194063555998411,1.564522213114998,0.0,1
U1774,37,Mid,Ads,8.99,0,0,Declining,8.238627959261365,Series,0.5016399977238777,1,2.586673238316053,7.16731641107638,1.0,20.510666053880406,1
U1775,26,Mid,Ads,8.99,0,0,Increasing,12.125130595627887,Series,0.44629570794428264,0,0.8311928571548145,4.489672344936218,2.3232435756683483,19.953449327359067,1
U1776,19,Low,Standard,19.99,0,1,Stable,9.942902605135995,Movies,0.19791205230516296,1,1.633362153212567,7.564424956808732,2.2437776827648093,0.0,1
U1777,27,High,Ads,8.99,0,1,Stable,7.10900884354791,Series,0.1998112330144799,1,1.8640387075383902,6.022698779113058,2.433875336822963,18.77725093059615,1
U1778,34,Mid,Standard,19.99,0,1,Increasing,5.233747306850132,Series,0.5552649811244033,0,1.7072439967947464,3.7008866574195998,3.0858290793691023,14.485413673952591,0
U1779,29,Mid,Standard,19.99,0,1,Stable,7.9207948792508125,Movies,0.0,0,0.5,7.37573107801993,3.2288609927937704,16.155753753546584,1
U1780,26,Low,Standard,19.99,0,1,Stable,3.6059603733529686,Series,0.7501118237414843,1,2.6905987048646702,6.7020724332045605,2.2078524763926275,16.277143806933633,1
U1781,18,Mid,Ads,8.99,0,0,Declining,4.327628392756096,Series,0.488016431170968,1,2.503731778742452,7.291414846720453,1.2047014306381532,10.931303106444574,1
U1782,34,Low,Standard,19.99,1,0,Increasing,9.573241309896751,Series,0.5761180842567345,0,1.3371668715712066,5.1357675383112396,1.4743203891017336,18.9083948729283,0
U1783,18,Low,Premium,26.99,1,0,Stable,11.754448585021535,Movies,0.27535807344960866,0,1.4233382490225002,6.702262271990635,1.603325350392377,28.387957266857242,0
U1784,44,Mid,Ads,8.99,1,0,Stable,7.637097223883881,Movies,0.30117724493035447,0,1.1549482807794444,9.340976780925697,2.0798391698902936,15.13256058278648,0
U1785,35,Low,Standard,19.99,1,0,Stable,7.279074938166079,Movies,0.6026749631193435,1,2.709372409387707,5.84280221458375,1.6854326636951416,17.396977934298675,1
U1786,18,Mid,Ads,8.99,1,1,Increasing,8.810902727894122,Movies,0.07970071761454361,0,1.0867196513832624,4.702714819769283,1.9552389735537004,25.789920490432213,1
U1787,31,Low,Ads,8.99,1,1,Stable,4.315818190469965,Series,0.27533661553150307,0,0.5,8.58791922966937,2.2738040042665757,45.235114944551526,0
U1788,25,Mid,Standard,19.99,1,1,Declining,5.171651680026016,Series,0.6238744653327928,1,2.253666915592545,6.834217983858406,1.5569237914282175,15.68633523738195,0
U1789,38,Low,Ads,8.99,0,1,Stable,7.205765352273545,Series,0.5008240552521361,0,1.7006783167676205,4.5990262987089015,2.521994393061818,0.0,0
U1790,51,Low,Ads,8.99,0,1,Stable,5.062783009092565,Movies,0.4219247842687892,0,1.5460193332312908,8.970253200509406,4.027645758839922,7.239749573802339,0
U1791,18,Low,Ads,8.99,1,1,Declining,2.6265087711432704,Movies,0.49331544794826304,0,2.2072009598871296,3.09316602140618,2.0332745897444537,25.229323960004123,0
U1792,36,High,Standard,19.99,1,1,Increasing,7.5552879516968,Series,0.3787313486869629,0,1.1734060948832026,6.558329374610075,1.5183355181686056,36.15149127651362,1
U1793,33,High,Standard,19.99,0,0,Declining,5.129865957145387,Movies,0.47067776865296274,1,2.2035488958828813,7.792977321678479,2.5066804116692234,6.651536291979088,0
U1794,43,Low,Ads,8.99,1,0,Stable,6.084891637237083,Series,0.39561130261609867,1,2.1600144221459647,7.64348994548096,1.4049135286038952,17.478962127029437,0
U1795,37,Mid,Standard,19.99,0,1,Stable,4.898249100696957,Series,0.6149150381876248,0,0.9118445367172601,3.7000617780525307,2.0526910118454174,18.23143307518463,0
U1796,25,Mid,Ads,8.99,0,0,Stable,7.578544504008611,Series,0.352617255281239,1,2.0161122321166243,3.018879276216212,1.52155451289896,8.774146902431072,1
U1797,31,High,Standard,19.99,0,0,Stable,8.077733648338459,Movies,0.3764287514382656,0,0.7805574093026005,5.959012666770096,1.1301522801524633,36.42280008647069,0
U1798,25,Mid,Standard,19.99,0,0,Increasing,9.363893127666705,Series,0.5958245438156198,0,0.5,6.909496559479788,1.3214194643644919,31.968907466498976,0
U1799,47,Mid,Standard,19.99,0,1,Stable,5.874034572246133,Movies,0.12941410227877093,0,1.0098886005462258,3.344081536276792,1.53918921238518,22.129840074840985,1
U1800,35,Low,Premium,26.99,1,1,Declining,6.189682042464517,Series,0.32831773173045103,1,2.3140930754559084,6.103565639978192,1.1582817749840542,12.961146381806646,1
U1801,57,Mid,Premium,26.99,1,1,Stable,6.618925420546038,Movies,0.5001277168193977,0,1.6153604227079421,2.585027091637327,3.478813807342539,29.474726085950397,1
U1802,34,High,Ads,8.99,1,0,Declining,2.621832585309701,Series,0.5093999094643237,1,1.954606604943863,7.621688623396274,2.6313737745173165,24.167231941616308,1
U1803,26,Mid,Premium,26.99,0,0,Declining,7.072488710002797,Movies,0.5524061924464692,0,1.0179720543201634,4.357434862161963,3.141812310717639,12.755502624896923,0
U1804,18,Low,Ads,8.99,1,0,Declining,5.70701603853298,Series,0.49132125403506544,1,2.9183718015929,5.17194634538025,1.0,29.657619020979194,1
U1805,18,Low,Premium,26.99,0,1,Declining,4.761419388608522,Movies,0.610435947123842,0,0.6344132886744592,7.228634187388511,1.9060590596224949,22.4307941720383,0
U1806,18,Mid,Ads,8.99,0,0,Stable,3.85789559033055,Movies,0.16032208900243383,0,1.2183633925256168,7.042406780561846,2.6191814866667475,0.0,1
U1807,38,Mid,Standard,19.99,1,1,Stable,5.510279441729576,Series,0.8945493115022416,1,2.874352808610685,6.447892353784665,3.8527093886292567,6.093284555037396,0
U1808,41,Mid,Ads,8.99,0,1,Declining,9.037131424765853,Series,0.6348743726116124,0,0.9457935737564012,7.558964483411157,1.4472881159402293,2.047324780601574,1
U1809,18,High,Ads,8.99,0,1,Stable,3.983315876238606,Series,0.6799593481537423,0,0.5332321906114009,6.31809319845425,1.0,30.374406100593433,0
U1810,45,Low,Standard,19.99,0,1,Declining,4.497301440716615,Series,0.3991950773111146,0,2.1534247906203534,8.395065563575624,2.3906254295618914,9.57421752605459,1
U1811,29,Low,Premium,26.99,1,1,Increasing,8.95099271293914,Movies,0.49584303658615736,0,1.6996476594120087,2.0784318008067113,1.526250258482001,25.526063009782547,1
U1812,36,High,Standard,19.99,0,0,Stable,7.640953578823109,Movies,0.5027856264822346,0,1.715184352144734,5.3808665220721315,3.905812601493779,44.06247373517405,0
U1813,54,Low,Standard,19.99,1,0,Declining,2.005658128347172,Movies,0.28511302849495723,1,2.246414299753205,5.295868330861522,2.7420138823641222,27.529616287928043,0
U1814,45,Low,Standard,19.99,1,0,Increasing,9.522528769213801,Series,0.17320092159985656,1,2.684376255975219,5.06205854713094,1.9143190246206667,12.972370674214943,1
U1815,31,Mid,Ads,8.99,1,0,Stable,3.627789075056641,Movies,0.1273342868173265,1,0.8057666629314972,6.4948575941291065,1.9172220100772597,9.07588454616764,0
U1816,24,High,Ads,8.99,1,1,Stable,7.194857592391022,Series,0.3773038677216082,1,2.037623601931536,5.927992003722332,2.07338222123287,14.323830375892975,0
U1817,18,Low,Ads,8.99,0,1,Declining,3.6952041619808353,Series,0.6898705635082695,0,1.7737848801590106,7.1496403289657176,1.0,5.666859737514958,1
U1818,26,High,Standard,19.99,0,0,Stable,5.268261466164379,Series,0.5069935320959713,1,1.462457249739523,3.132253819988245,2.2419720835408112,4.266215807482872,0
U1819,32,Mid,Ads,8.99,0,0,Stable,8.669634317335175,Series,0.5108780567455499,1,2.0999280943845675,10.0,1.7130161153628845,8.340423815743003,0
U1820,23,Low,Ads,8.99,0,0,Declining,4.528787513272236,Movies,0.23673754602771652,1,2.4917971584606033,4.718055778941916,2.8327563272065923,24.386517608386352,1
U1821,33,Mid,Ads,8.99,1,1,Declining,5.947421609815143,Series,0.8938580555643916,0,0.9078616092049974,6.073512725952478,1.3023722216355957,11.749703575082455,0
U1822,35,Mid,Ads,8.99,0,0,Stable,8.013653822755634,Series,0.6090703921659695,0,1.3036875958448328,5.087516852862339,2.882530200866181,15.29659334967374,0
U1823,32,Mid,Premium,26.99,0,0,Declining,7.539906977910205,Series,0.6395480671166593,1,2.5314109528747926,5.662133302101616,2.742979186581475,23.630238142638248,0
U1824,27,Mid,Ads,8.99,1,1,Declining,2.5834845167579505,Movies,0.22612209771240221,1,2.4811834961670525,4.430178997250015,2.359725641789386,26.726849218024405,1
U1825,37,High,Standard,19.99,1,0,Stable,8.838031325039513,Movies,0.3440722685985607,0,1.0996284560936087,5.911606027571537,3.4537003081538957,0.0,1
U1826,40,Low,Standard,19.99,1,1,Increasing,9.04938486731414,Series,0.4048621314589571,1,1.8025682963713257,6.660193475028935,1.0,0.0,0
U1827,21,Mid,Standard,19.99,1,0,Declining,4.243750839260812,Movies,0.41874493551158587,0,1.4980754329867063,1.0,2.6438813891368658,13.367616449878287,1
U1828,51,Mid,Ads,8.99,1,0,Declining,2.701498961619435,Series,0.37068928440539384,0,1.46957614932521,4.84290441521744,2.1552532347787485,4.62221412545979,1
U1829,33,Mid,Ads,8.99,1,0,Increasing,10.819772584628584,Movies,0.49884396911983164,0,1.4450135066347147,4.766840972586145,2.125928931034716,28.25442994245216,0
U1830,35,Mid,Ads,8.99,0,1,Declining,3.1555509573322293,Series,0.45300954544564787,0,1.3572477696644527,10.0,1.2181910849621618,12.433814211498165,0
U1831,43,Low,Standard,19.99,1,0,Stable,8.035613173954285,Series,0.7896785625976407,1,2.5040872490364885,7.220142360201447,1.0,39.571347396806516,0
U1832,37,Mid,Ads,8.99,0,1,Increasing,14.783492318901397,Series,0.9814588515363953,1,2.8261796614581645,8.500119238103924,3.092320144203884,12.144991440870946,1
U1833,46,Mid,Standard,19.99,0,0,Increasing,11.939931121077985,Series,0.6002202223050317,1,2.485971482383697,6.616231734682382,2.9881143586730543,21.70347242050273,0
U1834,38,Low,Standard,19.99,0,0,Declining,7.782868650301298,Series,0.8623230244285778,1,2.358636902976652,5.664715404326126,3.9986186313988696,9.995277448802362,0
U1835,27,High,Standard,19.99,1,0,Stable,5.561990445549936,Series,0.7502897897970837,1,1.9838835736089784,6.228314687150819,4.162904071753323,23.851164039697316,0
U1836,39,High,Standard,19.99,1,1,Declining,6.52546609226399,Series,0.31344359219284146,1,3.1315268602201143,7.745948786722721,1.0,24.115208576647994,1
U1837,21,Mid,Standard,19.99,0,0,Increasing,5.567355134590828,Movies,0.37218555550370147,0,0.7384826382747449,9.000236582890258,2.0453974058037567,28.65300273748875,1
U1838,36,Low,Premium,26.99,0,0,Increasing,8.299551292276158,Movies,0.4502397411378445,0,1.1986050809176274,6.104102350144034,2.4507296719691305,16.38863074843966,0
U1839,34,Mid,Ads,8.99,1,0,Declining,8.48254411243824,Movies,0.46954306308525917,0,1.0454632072896126,4.254137199344266,3.1620362616778612,33.244163714495556,1
U1840,32,Low,Standard,19.99,1,1,Stable,5.784315587147032,Movies,0.3856413609949984,0,0.5,7.349148659936007,3.626838645502991,21.595572206125834,1
U1841,33,Low,Standard,19.99,0,0,Increasing,12.33406855251928,Series,0.6330622792654442,1,2.5122877228943357,3.7936522108808575,1.170909059109058,10.282177751788609,0
U1842,18,Mid,Standard,19.99,0,0,Declining,7.03129346599943,Series,0.6010174716230468,1,2.178042938023381,6.280796008689123,1.6590043243675061,10.367911293611659,1
U1843,28,Low,Ads,8.99,1,0,Declining,7.149482500441676,Series,0.626635217198737,0,1.3159380506047846,6.862627435866984,3.57083913311955,26.74587075398571,0
U1844,36,Low,Standard,19.99,0,1,Declining,2.4659960477574545,Movies,0.10526420594019084,0,1.2105869127991629,5.28384799158452,1.0,33.17111860615459,1
U1845,36,Low,Ads,8.99,1,1,Stable,8.05040193203136,Movies,0.3027578438042643,0,1.6766383289799012,3.6903592301473163,1.1234864752834055,4.535250396314886,0
U1846,22,Low,Ads,8.99,0,1,Increasing,8.53020430224941,Series,0.30940372903769425,1,2.8288792769455338,4.59089764766209,2.6377793056008474,27.011771837345258,1
U1847,50,Low,Ads,8.99,0,1,Increasing,12.265490572587336,Series,0.5004744634492048,1,1.639240580366491,4.867158557334442,4.254329069330137,0.16372806660428907,1
U1848,24,High,Ads,8.99,0,0,Declining,1.6899992005463096,Series,0.48183888977982225,1,3.359202927958053,3.3928149705592334,1.0,10.590200745315357,0
U1849,46,Low,Standard,19.99,0,1,Declining,5.7355757781312064,Series,0.46906740526589186,1,2.1558949670574328,4.727807688590923,2.2595706794875263,23.87680449578046,1
U1850,40,Low,Premium,26.99,0,0,Stable,7.452750405680134,Series,0.3895983684421904,1,2.652548286246601,2.5960718265992364,2.7544001775168,7.829847636798135,1
U1851,27,Low,Ads,8.99,0,0,Stable,3.0197665255021295,Series,0.6538554547593773,0,1.3901572211976903,6.682255883910543,3.669827190782004,35.5890479707827,0
U1852,56,High,Premium,26.99,1,1,Stable,5.229159287810045,Series,0.5363859388576278,0,1.3528567828110465,6.166681440053412,2.6467279765623477,25.302959188166653,0
U1853,20,Mid,Premium,26.99,0,0,Stable,3.339695573766298,Series,0.5159147488494,0,1.578417767823887,6.031396674194414,1.0,3.8217231442224,1
U1854,46,Mid,Premium,26.99,1,1,Stable,5.547289396154186,Movies,0.06848520110074463,0,1.9591586955958324,4.728204762263257,1.0,25.865587535177603,1
U1855,47,High,Premium,26.99,0,0,Declining,6.098434169330296,Series,0.540427761560602,0,1.688528449183026,4.995901959031522,3.5720267260396557,2.1555790010735194,1
U1856,26,Mid,Standard,19.99,1,1,Stable,7.390731151297215,Series,0.8291065599831929,1,2.153992348083019,3.8421091915928605,2.640262707038293,18.04439581193204,0
U1857,51,Low,Ads,8.99,0,1,Increasing,9.508200241780646,Movies,0.5821612619720682,0,1.2578755572545652,6.510341446941359,1.0741727100884138,28.5278363940605,1
U1858,31,Low,Standard,19.99,0,1,Declining,2.920503782137235,Movies,0.4247025159436891,0,1.0182533210687785,2.7843199216972354,2.6934967284517355,26.511582015318055,1
U1859,38,Mid,Standard,19.99,0,0,Stable,9.240900983021064,Series,0.5409692049760322,1,2.7291147819398924,5.667528465990262,2.5071590535292065,16.963782318033527,0
U1860,38,Low,Premium,26.99,0,1,Declining,4.96236064327732,Series,0.7117965660449052,1,2.653941127455145,4.232605066445016,1.0,13.868522227961837,0
U1861,33,Mid,Premium,26.99,1,1,Stable,7.067407624515017,Series,0.4665292823646617,0,1.128941332643699,9.014620764731184,1.0,4.1063979906239965,1
U1862,44,Low,Standard,19.99,1,0,Stable,8.88079913789226,Movies,0.29014954882332383,1,3.0959055552667167,6.553565159961353,2.5107771977535096,20.19111899860781,1
U1863,44,Mid,Ads,8.99,1,0,Stable,5.017308504614923,Movies,0.20149551148058212,0,1.8369004023097837,5.4991091535750485,4.235426984019917,27.653857245572738,1
U1864,18,Low,Ads,8.99,0,1,Increasing,9.68564330961577,Movies,0.531673285432818,1,3.39410366625875,3.2879535986387243,2.4637564055439087,42.776716136294866,1
U1865,50,Low,Ads,8.99,1,0,Stable,7.84692498320284,Series,0.7560011921983273,0,0.905086581800409,2.7729617446486152,1.0,12.52640836615655,1
U1866,18,Mid,Standard,19.99,1,1,Stable,5.908863699412304,Series,0.5930635481908013,1,2.2398857629240347,6.491600520714437,1.0,28.15997235007804,0
U1867,47,High,Standard,19.99,1,0,Declining,6.304746761519552,Series,0.9462504618581128,1,2.1820947206268415,9.097590640550106,2.825761276335814,27.17371287272171,1
U1868,48,Mid,Premium,26.99,1,1,Stable,7.954246341259134,Movies,0.43250291615418934,1,3.8622272208604658,6.317906785288089,2.934777690784925,12.282104193863752,0
U1869,21,Mid,Standard,19.99,0,0,Declining,4.7976465754451505,Movies,0.42124550926726234,0,1.3049212926483142,5.850581044285098,2.0057826362709745,26.651592361459898,0
U1870,30,Low,Premium,26.99,0,0,Increasing,8.603547329595417,Movies,0.3998240493080176,0,1.9325859954829603,5.8794935216315505,1.7161103501898265,8.203749725564219,0
U1871,21,Low,Standard,19.99,0,1,Declining,6.04709531574261,Series,0.3475426364533512,1,2.92086056708551,5.706037266712862,2.9938785172553155,21.084251852802804,1
U1872,32,Low,Premium,26.99,1,0,Declining,6.576942080026381,Movies,0.17114403371852585,1,2.2496335425224263,5.906676135633744,3.3048731457004403,15.464478056250465,1
U1873,31,Low,Ads,8.99,0,1,Declining,5.1257998348132805,Movies,0.3390724092627579,1,2.3333064945461057,4.129681852531914,2.8939617094105863,23.322597228495212,0
U1874,44,Low,Premium,26.99,1,0,Increasing,12.36056838122054,Series,0.5907233042457398,1,2.6136698861275374,3.5528656047885665,1.2460887606436866,24.278019642243578,0
U1875,50,Low,Standard,19.99,0,1,Stable,8.317051924861167,Series,0.7179525400420872,1,3.0547059413534763,5.7184664695387815,3.099243901473885,11.655334382487746,0
U1876,51,Mid,Ads,8.99,0,0,Declining,1.4230721005463698,Movies,0.2164265781891239,0,1.2139972323787154,8.486835428612682,1.8469864731755508,17.88392014022015,1
U1877,28,Low,Ads,8.99,0,1,Declining,2.190206604915715,Movies,0.3641373401513087,0,1.0457098552146429,7.054061266749514,1.5984285044479805,16.456405723116763,0
U1878,32,Mid,Premium,26.99,0,0,Stable,9.364470438043323,Series,0.6177120262206965,1,2.859370640067085,3.033154011455525,1.5593289866438997,4.926467315674788,0
U1879,18,Mid,Ads,8.99,1,1,Declining,4.506453737058204,Series,0.6256390163552249,0,0.7265656743755893,4.989621476176768,2.2210749426766885,13.56263167602544,1
U1880,25,Mid,Standard,19.99,0,0,Stable,7.328351645594948,Series,0.6032829034106563,0,1.4263700675877395,6.957993024438073,2.770314065644888,11.051413503748138,0
U1881,46,Mid,Ads,8.99,1,0,Declining,7.27858103531829,Movies,0.06923199628960075,1,2.936103760118882,8.533738578310249,1.0,4.47472994654685,0
U1882,54,Low,Standard,19.99,0,1,Stable,6.987177565256318,Series,0.1477563072684439,1,2.5581485186701176,9.082574907368379,1.4692480228491065,8.354114089082485,1
U1883,20,Low,Premium,26.99,0,1,Declining,5.074535219178697,Series,0.4116472728385481,0,1.0165122857416544,5.078567480687639,1.7391184376088646,14.900917654148262,0
U1884,27,Mid,Standard,19.99,1,0,Stable,5.262541534416542,Series,0.4937753954402191,1,1.6992597524490334,7.148461912384496,3.23637180045394,18.660289304985117,0
U1885,34,High,Standard,19.99,0,0,Stable,7.739989014455041,Movies,0.11430962618991236,0,1.8935367048284704,5.998543385683725,1.333293513851369,3.075894374861125,0
U1886,38,Low,Premium,26.99,1,1,Declining,6.1730244379336465,Movies,0.3388652262251301,0,1.2121671167939676,5.260544466650225,1.869017813065899,32.40359176859539,1
U1887,25,Low,Standard,19.99,1,1,Stable,5.844236325994288,Series,0.8180213937576397,0,0.849296555840956,5.624693365508285,3.0096360933769075,25.36017319406278,1
U1888,40,High,Premium,26.99,1,1,Stable,5.155957243388267,Series,0.7452066330855759,1,2.9833144674251693,5.6492505551324586,2.239600776965785,16.977598112445033,1
U1889,29,Low,Standard,19.99,0,1,Declining,10.252578510390457,Series,0.6932666590827221,0,1.7005011020111902,7.850327506008938,3.733121242672044,3.372907869364486,0
U1890,34,Mid,Ads,8.99,0,1,Stable,6.814183060303434,Movies,0.5470621477325006,0,0.774129442716756,2.6910608499538666,2.0498402725590297,15.449420977216679,0
U1891,41,Mid,Standard,19.99,1,1,Stable,5.632615320781417,Series,0.415075391133954,1,3.8085830572276516,6.436292328054384,4.08297478088115,14.720902825188553,0
U1892,35,Low,Standard,19.99,1,1,Stable,8.413172890584523,Movies,0.25864074606581516,0,1.0297340158920978,8.57883592006544,4.262681917697947,5.034263392918039,0
U1893,29,Mid,Ads,8.99,1,1,Declining,4.898411929544216,Movies,0.4729693726116444,0,1.6920246683118039,8.363575049951816,2.6580442762154974,4.058931503532058,1
U1894,33,Mid,Ads,8.99,0,0,Declining,2.8284673534757934,Series,0.5050939981656012,0,2.293292157243684,6.637946888419576,2.6182751125847847,27.197495096938667,1
U1895,33,Low,Ads,8.99,0,1,Declining,5.9661071433028905,Movies,0.2660347019697739,0,1.744110055591407,3.985899181282911,2.7590258632187723,14.112011290976882,0
U1896,30,Mid,Standard,19.99,0,0,Stable,5.293758061848362,Movies,0.7224838243818535,0,1.4295897211446267,7.053556592968118,3.016594259107355,28.62683796658596,1
U1897,31,Mid,Premium,26.99,1,1,Stable,10.152916004311267,Series,0.6190884155726645,1,1.440639858736719,8.149880223921272,2.3237130948900457,17.841962809079938,1
U1898,54,Mid,Ads,8.99,0,0,Stable,7.989009259504805,Movies,0.7027252400401475,1,3.524617364433448,4.469719240076023,3.3687387712265773,27.020154928692932,0
U1899,41,Low,Standard,19.99,0,0,Stable,6.446239150947832,Series,0.23534066671944598,1,2.819081921606965,6.215221551095002,2.7003886784111244,26.619921463692698,1
U1900,31,Mid,Premium,26.99,1,1,Declining,5.218694036044226,Series,0.4738267390793411,1,1.4510876800729828,5.08946015234339,3.5861059553900336,23.599909514969614,1
U1901,43,Mid,Ads,8.99,0,0,Increasing,11.70986436329458,Series,0.6817633161303855,0,2.0723133649622927,4.27202561280391,1.0,32.19147275747626,0
U1902,30,Mid,Standard,19.99,0,0,Declining,5.371922507121597,Series,0.6187465159546158,1,2.3366913402713356,4.869660090313632,2.4162625979367616,19.203941083417437,1
U1903,49,Mid,Premium,26.99,0,0,Stable,11.244218914467098,Series,0.18889074736058276,0,1.1611710969690532,5.757061158045106,3.2154467974169396,0.06317487125686228,1
U1904,39,Low,Premium,26.99,0,0,Stable,9.27173503279105,Movies,0.3040841638855565,1,1.9567378223356224,3.6635279325691896,1.0584744694406198,1.9774184646896664,0
U1905,33,Mid,Ads,8.99,0,0,Increasing,10.462822102683365,Series,1.0,1,2.4026970504942398,3.3357798693906826,2.6305681351264005,10.166409495464869,0
U1906,40,Mid,Ads,8.99,0,0,Declining,3.1260282529830317,Series,0.6493825543660194,0,1.7039818944907323,3.7207879012527485,2.808626730373914,26.903373131860953,0
U1907,18,Low,Ads,8.99,0,1,Stable,6.706223792196018,Movies,0.4708871999997575,1,2.0031843862414336,6.155801498457946,3.9278923030534942,13.199335224819961,1
U1908,21,Mid,Standard,19.99,0,1,Stable,7.957749940104906,Series,0.4712113664149714,0,1.3637918212471425,2.5683741746485955,1.860443612005879,20.46369568589338,0
U1909,20,Low,Standard,19.99,0,0,Increasing,6.531415752725585,Movies,0.39865682947926817,0,2.9903072445287884,1.0660409325579554,2.4111405945772257,24.42812349368347,0
U1910,36,Mid,Standard,19.99,1,0,Increasing,12.880280624888849,Movies,0.3475343603529357,1,2.5854197889636596,8.245007647308373,1.6441819576727896,19.97283433531688,1
U1911,55,Low,Ads,8.99,0,1,Declining,3.051685316443919,Movies,0.5737628863477816,0,1.7829540021930463,3.473557122455374,2.0591814019575154,0.0,1
U1912,61,Mid,Ads,8.99,0,0,Stable,5.725548603908196,Movies,0.5674001773559655,0,0.8208654688982232,5.111981755526925,3.819455302325659,3.757043715758197,0
U1913,42,High,Standard,19.99,0,1,Stable,5.875401630210237,Series,0.681503228964148,1,1.4855582182729337,7.344577913182195,2.170791991544627,39.19098224377466,1
U1914,41,Mid,Standard,19.99,0,0,Declining,6.487648921266266,Series,0.6141931631189089,1,3.178719675312688,2.6234811393003916,1.4907670565351538,21.912720574720783,0
U1915,18,High,Standard,19.99,0,1,Declining,3.390127265658454,Series,0.26417849282079164,0,1.8895342127738897,2.6211164889009493,2.0172711797964897,0.0,0
U1916,28,High,Standard,19.99,0,0,Increasing,3.6000702887428355,Series,0.2572089125809013,0,2.1569290800133722,4.234833734265262,1.681077161875705,18.836654352954696,0
U1917,25,Low,Ads,8.99,1,0,Stable,9.176077671523426,Series,0.6163821826795035,0,1.2602020197681505,7.42260934805058,1.7586266253032607,39.631627677120974,0
U1918,27,Mid,Ads,8.99,0,0,Declining,4.111227429788876,Series,0.7749268222923311,1,3.052588299604811,5.456706986017589,1.6611127180678822,21.285555518707582,1
U1919,32,Mid,Ads,8.99,1,1,Declining,2.862984735696126,Series,0.8663492113912341,0,0.5,5.483847756865538,1.7000455083577464,18.532753270726623,0
U1920,29,High,Ads,8.99,0,1,Declining,3.4902828935949204,Movies,0.17205224992527576,0,1.5706104431127346,4.909153896151107,1.0132193496299746,0.0,1
U1921,18,Low,Ads,8.99,0,1,Stable,10.4335254983687,Series,0.2981522812717442,1,2.9198158965411087,6.624269520950573,2.2692264564816464,14.749418468582894,0
U1922,43,High,Ads,8.99,0,0,Stable,5.685912605454178,Series,0.7865918305789165,0,0.9558540941183715,8.363692996351915,1.2213917820346643,0.0,0
U1923,22,Mid,Ads,8.99,1,1,Stable,6.753263789246197,Series,0.4370616465803281,1,2.9335003312544714,10.0,3.3413975968551926,3.330523414008095,1
U1924,37,Mid,Ads,8.99,0,0,Declining,4.106163275427968,Series,0.2845863464654369,1,2.1921265350482306,5.20382873567709,1.8880094563868308,0.5858843420252136,0
U1925,59,Low,Standard,19.99,0,0,Stable,4.534674913132487,Series,0.5012643683761798,0,1.2601496869364397,8.551895730295383,2.608580363302197,38.87328028579298,0
U1926,23,Low,Ads,8.99,0,1,Declining,3.514562875506073,Series,0.4977802066551509,0,1.1707001776404855,7.498529612765638,2.610655924957319,26.73644211200144,1
U1927,18,Mid,Standard,19.99,0,0,Increasing,5.096674778980516,Series,0.8640342152614694,0,2.090658946707469,6.033988710174872,1.0,34.81179312616711,1
U1928,31,Low,Standard,19.99,1,1,Declining,6.911762551361428,Series,0.7731267829363071,1,2.0273815793419945,1.0800129052186564,1.9335025688408758,2.118376718505118,0
U1929,48,High,Standard,19.99,0,0,Stable,7.2017581292271915,Movies,0.20252257944733384,0,1.011667676872055,4.7442256729466505,3.9184335439739177,20.289183558736102,0
U1930,58,Low,Premium,26.99,1,1,Stable,11.965355524348642,Movies,0.6295908685112086,0,0.8713851241579215,4.823473481554094,1.4241237158544298,5.902876377226189,0
U1931,20,Mid,Ads,8.99,1,1,Stable,5.582178550018822,Series,0.6250051715828706,0,1.1157121281269058,6.217601652044484,4.471471027788008,7.186564955190994,1
U1932,40,Mid,Standard,19.99,0,0,Declining,3.282279507708761,Movies,0.5621671270588188,0,1.397501605579505,5.105066448814149,2.7443009765131103,23.633318347568014,1
U1933,29,Mid,Premium,26.99,0,0,Stable,10.067519536710657,Movies,0.6154357016244423,0,1.6192945011835704,4.373602149831607,2.7169435946392433,20.145639040933986,1
U1934,33,Mid,Premium,26.99,1,0,Increasing,12.173931096204404,Series,0.5474814199860943,1,1.8480254300194925,9.560019889687002,2.4393640774803687,21.434760472263402,0
U1935,66,Low,Ads,8.99,0,1,Declining,5.769530043542044,Movies,0.4642639148254034,0,1.4864519549458928,8.116354375161434,3.246061968174293,2.926499115420075,0
U1936,18,Low,Ads,8.99,0,1,Declining,2.772616969823457,Series,0.5186483071133166,1,2.66718252431493,1.4543529040171972,3.3014426343626067,19.531100700402707,0
U1937,38,Low,Ads,8.99,1,1,Stable,10.489992535455869,Series,0.7860204523838535,1,1.7403347813231838,4.937825236962958,2.1814114444676527,22.172473900959485,1
U1938,40,Mid,Standard,19.99,1,0,Declining,4.855793680459304,Series,0.6180550287607446,0,1.331568321889318,6.761845705412302,1.7696729580589112,9.897601578824702,1
U1939,48,Mid,Standard,19.99,1,1,Stable,6.138649743009928,Series,0.7920644438131393,1,2.2490909163406014,8.16181343002381,1.0,14.736771674689678,1
U1940,36,Mid,Ads,8.99,1,1,Declining,7.285919473836559,Series,0.9049513327636926,1,2.344309815644562,4.660046483804944,3.0137534250056284,0.0,1
U1941,38,Mid,Standard,19.99,0,0,Stable,6.95540975749254,Series,0.7094463663589943,0,1.035005241389001,5.069259139489011,2.2656896741614907,0.0,0
U1942,30,Mid,Standard,19.99,0,0,Stable,4.668659828736235,Movies,0.3313080288516296,1,2.2187001650996354,5.689568940933239,1.3562045420939473,42.099838529278145,0
U1943,38,Mid,Standard,19.99,0,0,Declining,5.080605198997164,Series,0.5846344246820006,1,2.3186425036142038,6.823694940345187,1.6195435567341603,20.45803489540121,0
U1944,30,Low,Premium,26.99,1,1,Stable,5.437302396858472,Series,0.008593649804223724,0,2.232023971805752,2.4289262269363108,2.1316246449638157,13.692993661606483,0
U1945,42,Low,Standard,19.99,1,1,Stable,0.9813177146336525,Movies,0.2074411360337311,1,2.3268434971596563,1.469244308058136,1.2185511180870252,27.578818618969102,1
U1946,30,High,Ads,8.99,0,0,Declining,3.236579615699736,Series,0.7865147040670684,0,1.9692070995600557,8.009100641245023,2.2485819198372217,7.558675686558139,0
U1947,39,High,Standard,19.99,0,1,Stable,5.944528858264299,Series,0.7939762414029671,0,2.0070554936483105,3.5198504824066132,1.0,19.321858875646804,0
U1948,34,Low,Ads,8.99,0,1,Stable,4.688709781413904,Movies,0.20308646837989433,1,1.508618766889188,9.745319103939153,1.6675859141165987,31.27500921568169,1
U1949,48,Mid,Standard,19.99,1,0,Declining,6.150493064228075,Series,0.6329149235477471,0,1.1544053993730738,3.7728547942266806,1.0381223535754056,4.775213646912663,0
U1950,34,High,Premium,26.99,0,0,Increasing,6.667656728013655,Movies,0.3121467155841024,0,2.0080866549169247,5.130084499302164,2.4003554378759038,12.095979395175382,1
U1951,18,Mid,Premium,26.99,0,0,Stable,7.956852401668913,Movies,0.48792047574185854,1,2.4086650776620235,6.237199548821851,1.222162975095342,1.4308449863568455,1
U1952,50,Low,Standard,19.99,1,1,Declining,2.5333605272633704,Series,1.0,1,2.2301696748652926,1.236086295774859,1.6409950920139433,28.022651347309655,1
U1953,24,Low,Ads,8.99,1,0,Increasing,11.727656763247616,Series,0.7416937156003848,0,1.6750149762973696,10.0,4.45978781165663,20.464506679664275,1
U1954,27,Mid,Ads,8.99,0,0,Stable,4.447034946667017,Movies,0.21596450908601714,0,1.833762604070715,4.710006312735999,3.0649988349038626,32.060268862207536,0
U1955,27,High,Standard,19.99,1,0,Stable,2.3169391812178537,Series,0.5843160943818653,1,2.282377318057566,3.8229763008416793,2.800635339669986,28.113884988687495,0
U1956,51,Mid,Ads,8.99,0,0,Declining,7.474525170326455,Movies,0.6303856506205463,1,2.133047486330946,3.167265001009519,3.4975797250160827,14.862991427217203,1
U1957,18,Low,Standard,19.99,0,1,Stable,5.288212392537657,Movies,0.06826461512313792,0,0.5,6.223506960880396,2.7124705186570295,22.929361426075396,0
U1958,72,Low,Ads,8.99,0,0,Stable,10.513858116398817,Movies,0.22698846690222815,0,1.3235267488959366,6.0817087301149355,1.0,23.057632663764835,0
U1959,47,Mid,Ads,8.99,1,0,Stable,8.12918380241614,Movies,0.4919927864013419,0,1.1094221272519138,3.2347404272671327,1.0,26.801478394735796,0
U1960,37,High,Ads,8.99,1,1,Declining,6.580526636762507,Movies,0.6088662506410785,1,1.696083541409041,2.7561167479267152,1.0,35.5969904032399,1
U1961,34,Mid,Premium,26.99,0,0,Declining,7.0909450009321455,Series,0.7217935804547225,1,2.176798889727179,7.6105125460004075,2.401942211895422,4.914248517511126,1
U1962,38,Mid,Standard,19.99,1,1,Stable,7.225358692498139,Movies,0.22866101695653882,0,1.09129405928037,4.1885851532010925,1.1398475519837883,0.0,0
U1963,41,Low,Ads,8.99,0,1,Declining,5.248110835677078,Movies,0.45730706026527845,0,1.3845824868546583,2.0579674587772336,1.6295785520990966,5.385299635227579,0
U1964,42,High,Ads,8.99,1,1,Stable,9.562680048388618,Series,0.6828585533473162,1,2.1325982392030913,5.204156477822838,1.8801264560194608,23.67337954030642,1
U1965,41,Mid,Standard,19.99,1,1,Stable,7.222716991396196,Movies,0.42016435340458397,0,1.5234986875517502,4.696547495089673,1.5915085060080965,22.96510404351129,1
U1966,36,Low,Ads,8.99,0,1,Increasing,6.815469459610171,Series,0.5805852646075319,1,2.4043433936305427,9.400059845400556,2.165503700075985,11.174247691669457,1
U1967,32,Mid,Standard,19.99,0,0,Stable,8.171517120324447,Movies,0.3605988616371254,0,1.9367746738422191,4.455630435031383,1.9170217826513127,14.738734495786748,1
U1968,33,Low,Premium,26.99,1,0,Declining,0.7727131712300954,Movies,0.16850002789224844,1,1.9794212608098083,4.883547947446038,1.817397611487548,7.9884362764468495,0
U1969,32,Low,Standard,19.99,0,0,Increasing,12.958676404680642,Series,1.0,0,2.189924516794979,5.938912370354397,1.0,16.714869067272986,0
U1970,48,Low,Standard,19.99,1,1,Increasing,13.021317407895275,Movies,0.38139988813543785,0,1.8336205904232283,4.3582629819394905,2.441712375667592,9.675270046435053,1
U1971,42,Low,Standard,19.99,0,0,Stable,9.396333336246158,Movies,0.45970245621016204,0,2.043372079683227,6.381913675114263,4.37586650278562,37.64170470313441,1
U1972,18,Low,Premium,26.99,1,1,Declining,7.319543924755388,Movies,0.3064177567143316,0,1.4263840272860522,3.4662560470993253,2.476295016690112,33.87406041281689,0
U1973,42,Mid,Premium,26.99,0,0,Stable,6.831649349317754,Series,0.7690620658758902,0,1.1593417646362212,5.02137445589262,4.469044070569134,26.68546487908068,1
U1974,37,Mid,Standard,19.99,0,0,Stable,6.786635231013955,Series,0.34031341168757295,1,1.9772314784277667,6.313627829144784,1.6316850096055626,18.374995677467975,1
U1975,34,Mid,Ads,8.99,0,0,Declining,2.5407198204582877,Series,0.250878892897167,1,3.3514338440086506,7.775274810995028,1.9472247801148639,31.67038490603322,1
U1976,30,Low,Standard,19.99,1,0,Stable,10.496082503422095,Series,0.5939056985151682,0,1.8483307346369409,4.327625676786543,2.1801397665613007,19.184864434177072,1
U1977,48,Low,Ads,8.99,0,1,Stable,6.029963653947444,Series,1.0,0,0.7959418401058854,4.303746509620267,2.0302057835012213,19.934113603610523,0
U1978,46,Mid,Standard,19.99,0,0,Stable,7.679770619503762,Movies,0.5916641669079588,1,2.886569187969407,8.582463166418027,3.364930704264741,0.0,1
U1979,25,Mid,Standard,19.99,1,1,Stable,7.508090565909557,Series,0.43831071405391187,0,0.8873199631485141,4.396359417411625,1.0,21.12812631549683,1
U1980,39,Low,Ads,8.99,1,0,Stable,4.319161636791687,Series,0.7032174819946186,1,2.4945744537574086,5.386517024646272,1.7453028674586695,2.5058950628715397,1
U1981,23,High,Ads,8.99,0,0,Stable,3.5106499517535887,Series,0.47280210443388826,1,2.7955595567632456,8.925505533810176,3.8633738956887713,13.166048475175646,0
U1982,18,Mid,Standard,19.99,1,0,Stable,7.011173241734697,Movies,0.43528333748886044,0,2.0289880575171777,5.634914741370039,1.7033601506115617,20.027586218779785,1
U1983,27,High,Premium,26.99,1,1,Declining,4.092487764776982,Series,0.7008787752492075,1,2.4425266536639425,5.004489183012183,3.128584903434465,7.215689149816233,1
U1984,45,Mid,Standard,19.99,0,0,Stable,6.82112628151333,Movies,0.5352958241796266,0,1.2330019591655104,5.153679933582795,2.804116659779288,23.744577501561576,1
U1985,46,Low,Standard,19.99,0,0,Stable,9.130831260406465,Series,0.2868672605684782,1,2.3264793234319368,4.019095995500277,2.1274083547654166,30.620766607543782,0
U1986,41,Mid,Ads,8.99,1,1,Increasing,9.674832451611069,Movies,0.09688240222902944,1,2.940107877376903,6.401566620267422,2.5165979428169063,7.394267785689372,0
U1987,43,Low,Standard,19.99,1,1,Stable,8.517045081529462,Series,0.5848858884190082,0,1.6941908477735512,3.651954935267566,2.1145069972107935,19.408699417925796,1
U1988,41,Mid,Standard,19.99,0,0,Declining,5.890656324351155,Movies,0.14351533286708948,0,1.2918331244826038,7.057017690457035,1.0,3.042456295655935,1
U1989,27,Low,Standard,19.99,0,1,Increasing,8.050997420280504,Series,0.37805558600301536,0,0.5,5.530431023750511,2.65997255878236,3.9969149039976575,0
U1990,40,High,Ads,8.99,0,0,Stable,4.996393665613873,Movies,0.40437147584458677,0,0.5,5.970947437827795,1.5839028162728122,21.720419165364504,0
U1991,44,Low,Standard,19.99,0,0,Increasing,9.794153604340405,Series,0.4167928871107264,1,2.435201610754548,8.95940284106267,1.0,26.56123877646928,0
U1992,44,High,Ads,8.99,0,0,Declining,5.167785238692183,Series,1.0,1,1.5912502007703726,2.6018418953501197,2.5869996159642588,0.0,1
U1993,49,High,Ads,8.99,0,0,Stable,8.830312675009495,Movies,0.2433668025412194,0,1.0355780401427135,5.548843983362227,2.520980525632996,42.58389365413639,1
U1994,43,Mid,Premium,26.99,1,1,Declining,4.698199860555014,Series,0.5459535831584614,1,2.163834692877904,6.776163422789194,3.1814017450945165,12.037480882331085,0
U1995,39,Mid,Ads,8.99,1,1,Increasing,8.107975364653432,Movies,0.4095081081034274,0,2.338242726453778,4.267532686127764,1.9388020631741663,20.488821692863272,0
U1996,47,Mid,Ads,8.99,0,0,Increasing,8.311501848655201,Series,0.2984089237708506,1,2.3734235017827414,7.402232545077774,3.058755746142914,11.59059193103522,0
U1997,34,High,Standard,19.99,0,0,Stable,5.162546729989108,Series,0.701700902433069,1,2.731986077707711,4.410627586419984,2.2212084376278276,14.587266179382993,0
U1998,24,Mid,Premium,26.99,0,0,Declining,7.893819889640915,Movies,0.4182935299667773,1,2.602728404295941,6.08324612943237,2.545262211584907,36.2201589984554,1
U1999,33,Mid,Standard,19.99,0,1,Declining,7.279257509231523,Series,0.5301388969244599,1,0.8468674744789426,5.253011249745941,2.6277518147472745,36.06565553017471,0
U2000,26,Mid,Standard,19.99,1,0,Stable,4.573940342083906,Movies,0.40478546151925665,0,1.100254480960523,5.823570200157803,1.0,0.0,0
U2001,26,High,Premium,26.99,1,1,Stable,8.607896283945099,Movies,0.4356565025647939,0,0.6899848822409408,5.6478974599896175,2.5770835534071788,11.236027878638454,1
U2002,33,Mid,Ads,8.99,0,1,Stable,3.309989872135269,Movies,0.63703814246006,0,2.163601547835725,5.436068618239129,2.3039051439528424,53.407687647029576,1
U2003,25,Mid,Standard,19.99,0,0,Stable,8.970578466222046,Movies,0.8500522935960172,0,0.5,4.553065867000502,1.928846444168043,12.803776895234222,1
U2004,31,Mid,Standard,19.99,0,0,Stable,5.607299097784649,Series,0.38769980247306546,1,2.047505605237633,4.1705904217783,2.3143361297616583,23.072175449669313,0
U2005,18,High,Premium,26.99,1,1,Declining,5.7198011153565025,Movies,0.09053051801169121,0,1.1696363053878114,6.131971665912408,4.749581156431418,31.636638325226812,1
U2006,37,Mid,Ads,8.99,0,0,Stable,3.140980620916656,Series,0.6205499222616031,1,1.7084961696411098,5.605412267969029,1.0,28.239011584533735,0
U2007,35,Low,Ads,8.99,1,0,Stable,4.602591536644099,Movies,0.0,0,1.350712022001343,4.115804182443423,2.0684504206267342,0.0,0
U2008,25,Mid,Standard,19.99,1,0,Increasing,10.406108901748228,Series,0.7298830463651008,1,2.2746331859992486,6.186768325361123,3.011848041270613,22.007568156701584,0
U2009,42,High,Standard,19.99,0,0,Stable,5.59818363323444,Movies,0.3726161526145714,1,2.397827388652774,4.574893319502616,1.0,38.99169808775954,0
U2010,46,Mid,Standard,19.99,1,1,Stable,5.320074259255603,Movies,0.42345731985227536,0,1.5512456511465518,8.610879992624549,2.5710479704776668,18.352771759514102,1
U2011,18,High,Standard,19.99,1,1,Declining,7.791723394904196,Series,0.5392856129760106,0,1.4184094304144896,10.0,2.502323850906135,5.50583234092743,1
U2012,25,Low,Ads,8.99,1,1,Increasing,15.632877633818623,Series,0.6510031531936804,0,1.4902381235655096,8.278093694720416,1.0,5.734635690329277,1
U2013,25,Mid,Standard,19.99,1,1,Declining,6.874027873638966,Series,0.6944479155287737,1,2.9673269795211548,8.166649069750775,1.6156876006716847,15.61117265527982,1
U2014,23,Mid,Standard,19.99,0,0,Stable,4.816238856529873,Series,0.6400046811333182,0,0.5,7.128334759239717,3.9834176188548334,26.10265315205647,0
U2015,44,High,Premium,26.99,0,0,Increasing,14.2905579984531,Movies,0.08098027690749149,0,1.649983247305888,5.080336896812252,1.0,52.67563639577634,1
U2016,32,Low,Ads,8.99,1,1,Stable,3.8771354807032354,Movies,0.3844011654403042,1,1.6725785263432602,1.7018792349417668,1.7610669247680633,14.52253650705657,0
U2017,31,High,Premium,26.99,1,1,Stable,6.391017091849348,Series,0.9707929372099671,0,0.9788005065794929,3.449988180724172,2.034835015172054,24.743615075664536,1
U2018,18,Mid,Standard,19.99,1,1,Declining,5.1095555339747465,Series,0.6481784116959726,1,2.3726513560417226,4.146521051047371,2.2042481518065817,0.0,0
U2019,42,Low,Ads,8.99,0,1,Increasing,14.772113531516247,Movies,0.37741112255363285,0,1.5056605082067915,7.915474239044505,1.7869815213846256,0.0,1
U2020,20,Low,Standard,19.99,1,0,Declining,6.8253182751034505,Series,0.912007531578165,1,2.6174324241490035,6.0122638865630345,2.2822948372200638,12.037079157756088,0
U2021,35,Low,Ads,8.99,0,1,Declining,4.07248461040096,Series,0.45087688844702545,1,1.7329268928521622,4.18095309334311,2.1644186611620753,23.34525689706819,0
U2022,38,Mid,Premium,26.99,0,0,Declining,3.1100874584405007,Series,0.7779355280173543,1,3.278716254170075,1.8096273181303872,2.9102425383571955,16.964090154369398,1
U2023,51,Low,Premium,26.99,0,0,Declining,7.004385307606508,Movies,0.24396852938956515,1,2.0492885044847267,10.0,3.0445357649934506,18.639123564077984,0
U2024,19,Low,Ads,8.99,0,0,Increasing,7.3999231283389335,Series,0.8173166686690272,1,1.8683556873169913,6.56662711192595,2.6395204996637176,14.70610460397015,0
U2025,18,High,Ads,8.99,0,0,Stable,7.43348017572995,Movies,0.5096096308935127,0,0.664032067417604,7.317019666856913,2.4366956961502217,17.667103584940826,1
U2026,37,Low,Standard,19.99,1,1,Stable,4.2604470214817685,Movies,0.26754422733455596,0,0.614743408922903,4.428678853352656,1.0,14.473958693364203,1
U2027,56,Low,Standard,19.99,0,1,Increasing,10.707773565672602,Series,0.5468077747334116,1,1.4601205190871371,5.22277545867442,2.3157780812011985,1.8042999918048288,1
U2028,49,Mid,Standard,19.99,0,1,Declining,5.977390291494957,Series,0.7955623082836455,1,2.4886150250901977,4.812269090386798,3.3139919561430444,0.1019398118745869,0
U2029,37,Mid,Ads,8.99,0,1,Declining,2.5167598766836567,Series,0.22890981975533642,0,1.602089544601931,5.628673477922991,1.0,34.312817201026476,1
U2030,29,Mid,Standard,19.99,0,0,Stable,9.063246225743281,Movies,0.26161417802106035,1,1.7814769873942813,9.191574324858028,1.0,8.121336448785215,0
U2031,44,Mid,Ads,8.99,1,1,Stable,8.109491616485563,Series,0.7240834967249034,1,1.6148727100100864,3.0914377654877696,3.691923415100339,15.113452399145622,0
U2032,23,Mid,Premium,26.99,0,0,Stable,8.480048505560195,Movies,0.28837864572100275,0,1.194177222502127,5.417471689404802,1.0,32.27939669390152,1
U2033,40,Mid,Premium,26.99,0,0,Declining,4.242642614499739,Series,0.626972676041385,0,1.3486432015547427,6.221749062502352,2.097261138210186,14.764527852300281,1
U2034,41,Low,Standard,19.99,1,0,Stable,7.357912822572885,Movies,0.0,1,2.4577864905651206,5.266365454105644,1.6483592234324482,28.529802350313165,1
U2035,47,Low,Premium,26.99,1,1,Declining,5.126757737730649,Movies,0.17910438086609076,1,1.7214280308467556,7.490649696997664,3.631717217951687,7.343599822452843,1
U2036,68,Mid,Ads,8.99,1,0,Declining,4.703659190491539,Movies,0.48589053443036173,0,1.2164018642191037,2.0287111549928705,2.5029061398457517,36.66464270768961,1
U2037,39,Mid,Ads,8.99,1,1,Declining,5.341006556331692,Movies,0.1997985245871173,0,2.08358877690875,9.267538086997536,2.9912460348189343,20.724201698793046,0
U2038,28,Mid,Standard,19.99,1,0,Stable,9.512885947592764,Series,0.3395080578355974,0,0.7026179440118174,2.758961587493936,2.2556873547419505,17.67788137414236,1
U2039,34,Mid,Standard,19.99,0,0,Stable,9.149901277407853,Series,0.8123217065909192,1,2.282522968406365,3.239784661135013,4.195225517456474,16.02221803467162,0
U2040,18,Mid,Standard,19.99,1,1,Stable,4.636278645062287,Movies,0.4531368108139405,0,1.5499905335598128,4.601093658956637,1.4560350681207859,27.180513702363847,1
U2041,26,Low,Premium,26.99,1,1,Increasing,11.95620545072082,Series,0.3822933294365818,0,0.8160614274363263,4.204828084776629,2.5435603514234804,20.83475541702103,0
U2042,30,Low,Premium,26.99,0,0,Increasing,12.573430118244108,Series,0.6277007688864197,0,1.6056571731993492,6.349006912977849,3.4570732175818373,0.0,0
U2043,28,Mid,Standard,19.99,1,1,Stable,6.697644653295267,Series,0.38881044105494256,1,1.4964587906580835,6.117383656477399,3.68381894367272,12.623539798131036,0
U2044,36,Mid,Standard,19.99,1,1,Increasing,10.52534131139333,Movies,0.31950818862487684,1,2.6807103800782337,5.727113990394473,1.9320175779236188,21.863741182491925,1
U2045,25,Mid,Ads,8.99,0,1,Increasing,10.482005001909053,Series,0.6351976379050921,0,1.3216782594711711,2.664236564008423,1.0,6.381512520922927,0
U2046,48,Low,Ads,8.99,0,1,Stable,5.300066766651398,Movies,0.18830072015992086,0,0.5902896181487663,5.2210951504389085,1.8158855993848895,11.953872176917722,0
U2047,35,Mid,Standard,19.99,1,0,Stable,6.236087424943344,Series,0.7484665867050478,0,1.6438328339931703,5.5394651244422235,3.9435965025627535,13.343891896904294,0
U2048,34,High,Standard,19.99,0,1,Increasing,11.252430716554821,Series,0.7794703404643312,0,0.8520698080434495,7.964548792233783,1.4367408961522488,37.1397215477233,0
U2049,31,Low,Standard,19.99,0,0,Stable,6.008355526337097,Movies,0.4027131049799713,1,2.208013506949854,5.898887099550394,2.491198402511991,25.17373205564568,0
U2050,36,Mid,Ads,8.99,1,1,Declining,6.950999118524615,Series,0.6827964303080802,1,2.678100133470201,6.265314863190637,1.8928872817419957,21.948528779626518,1
U2051,44,High,Standard,19.99,0,0,Stable,9.609944881699523,Movies,0.05943423232625139,1,1.7213338541886234,9.424989697097931,2.12774583316837,4.010562798261304,1
U2052,24,Low,Ads,8.99,0,0,Declining,7.287343683960941,Movies,0.6224374453687055,0,1.0358562503874609,3.1797865981283864,3.512138882961175,9.783716269424453,1
U2053,27,Mid,Standard,19.99,1,1,Stable,10.959609206338914,Movies,0.3317350023887062,0,1.8630796136059673,4.723784733204464,2.4544800142505534,28.20313491596539,1
U2054,31,Low,Ads,8.99,1,1,Declining,4.818535435417775,Series,0.4129487269749168,0,0.5,3.22830025993862,4.241936731504388,25.92127145716832,1
U2055,18,Mid,Ads,8.99,0,0,Declining,5.354402147938126,Series,0.629167162491185,0,2.009336616224322,8.713038796897138,3.176275049045272,0.953743803826022,1
U2056,25,Low,Ads,8.99,1,1,Declining,5.64132609552528,Movies,0.49909399847777663,0,0.567872803995031,8.849687321075155,2.3312390914832113,34.79288153206939,1
U2057,29,High,Ads,8.99,0,0,Increasing,8.818806225027785,Movies,0.45246991341079396,0,0.9503647664090222,8.557052039157787,2.1058516745500793,7.672289285241419,1
U2058,45,Mid,Premium,26.99,0,1,Declining,6.084357948203289,Movies,0.13306192704231373,1,2.469447408155523,6.594794326461597,2.531765913884187,22.299696978392454,0
U2059,38,Mid,Ads,8.99,0,0,Declining,1.577591941976022,Series,0.7515275779034997,0,1.6015699253150901,6.261003416876601,1.0,50.80206856790217,1
U2060,37,Mid,Ads,8.99,1,1,Declining,5.409810777385038,Series,0.587868183640162,1,2.478794016072493,4.583917075976604,1.142348847964031,12.979464778764964,0
U2061,45,Mid,Standard,19.99,0,0,Stable,4.245126700234208,Series,0.7002408364768242,1,2.3283592307020387,7.038866473274571,2.9570116900030246,20.01040254599641,0
U2062,33,Mid,Standard,19.99,0,0,Increasing,6.112130167177266,Series,0.43968969988373996,1,2.038373003703243,2.9372643405609953,3.1195599286969617,11.294515936266887,0
U2063,39,High,Ads,8.99,1,1,Declining,6.465779622059827,Series,0.8091823178773304,1,3.2367744563725416,2.930439736687521,1.0,20.10304675733842,0
U2064,33,High,Ads,8.99,0,0,Declining,4.60176752310196,Movies,0.3865431052529643,0,1.6864781855730129,4.660255249137106,3.059515174937912,35.10151510328521,0
U2065,38,Mid,Premium,26.99,1,1,Stable,8.395228949431612,Movies,0.587764662827646,0,1.8878024497300498,9.27400201287924,2.024285467635016,15.665480409949936,1
U2066,28,High,Standard,19.99,0,0,Stable,6.55844679279774,Series,0.29302637822877553,0,1.0893213501307095,4.473089364367413,1.368770452498453,14.46831475342696,0
U2067,18,Mid,Standard,19.99,1,1,Declining,7.212812632782311,Series,0.31971617607699737,1,0.9030728589936228,4.743242488690849,1.885409708949863,31.242601739214503,1
U2068,33,Mid,Standard,19.99,0,1,Stable,6.521838588757393,Series,0.5519944306729387,0,1.8100151604331514,6.075544336119666,3.088278984079974,2.841230890600368,1
U2069,52,Mid,Ads,8.99,0,0,Stable,3.0901630208737534,Movies,0.6435250039945564,1,2.5138601401275276,7.297226127370168,2.8087844465909395,18.997416319011702,1
U2070,46,Low,Ads,8.99,0,1,Stable,7.450785164022541,Movies,0.7425621795347451,1,2.4097167811596374,8.004041478422156,2.4973140202812236,9.267672699087607,1
U2071,46,Low,Standard,19.99,1,0,Increasing,2.493420462892347,Movies,0.1723147401850401,0,1.0163125832467395,3.2592475497046975,2.5784851679624192,15.144261561811927,1
U2072,49,Low,Premium,26.99,1,0,Declining,2.094558194935185,Series,0.6106094063222945,1,2.091128847974537,5.3066503040689215,1.0590873466712138,7.351844026761675,1
U2073,36,Mid,Ads,8.99,0,0,Declining,3.23410694200286,Series,0.631030395056131,1,1.9405701505359907,5.949027038458617,2.746831240846136,0.8542514794553497,1
U2074,37,Mid,Premium,26.99,1,0,Increasing,5.976871566689438,Movies,0.4936315226076109,1,2.327100698369664,6.1495310640958,1.742756608493968,0.0,1
U2075,27,Mid,Ads,8.99,0,0,Increasing,7.364847586751145,Series,0.7769925332824976,1,1.6185935172631036,7.23158713289186,4.221238379717979,12.567321064568691,0
U2076,31,High,Ads,8.99,1,1,Declining,2.9158643529377883,Series,0.37712036141766636,1,2.757566528299276,7.140167978326958,1.8199655356076547,20.73537678075168,0
U2077,42,Mid,Ads,8.99,1,0,Increasing,4.782142009242982,Movies,0.36291867204347433,0,2.3183145435108434,5.550989012730502,4.426179284338911,27.75887482855149,1
U2078,49,Mid,Ads,8.99,1,0,Stable,10.083671489681548,Movies,0.0,0,1.0011737022213705,7.804758357553487,2.0388033184929095,1.9743654062486584,0
U2079,33,Low,Premium,26.99,1,1,Declining,3.6437109072162084,Series,0.7621582566080809,0,0.5036047113865251,7.437570068418596,2.1050996667454003,19.82764195948958,0
U2080,29,Low,Standard,19.99,1,0,Stable,2.5384646937052047,Series,0.5322760263351926,1,2.2387909713352956,7.276763848413657,1.9056886866349818,24.71105820268191,1
U2081,35,Mid,Ads,8.99,0,1,Declining,4.278163253981486,Series,0.3589235841395875,0,1.4576116682805522,4.442382942562292,1.0,22.322379645640286,1
U2082,42,Mid,Premium,26.99,1,0,Declining,2.7505378839448924,Series,0.6665093619913623,1,2.571952336583056,6.925795545044016,3.5263468675323155,21.09300929693501,1
U2083,18,Mid,Premium,26.99,1,1,Declining,3.230064745414373,Movies,0.27602615139890063,1,3.261506291591417,7.907135349560688,2.2970962202952836,0.0,1
U2084,18,Low,Standard,19.99,1,1,Stable,8.420684962704971,Movies,0.6022922061552447,0,1.7079014700747002,4.472300586604885,2.8270907031279036,16.56487015606442,1
U2085,28,Mid,Premium,26.99,0,0,Increasing,7.655527143644346,Series,0.421483572890757,0,0.5,5.763117926049501,3.81508985192617,17.012657194335855,0
U2086,20,Low,Ads,8.99,0,1,Stable,4.69480679756423,Series,1.0,1,1.5584159407017906,8.62949238112915,2.0688691554111647,24.544586656902467,1
U2087,28,Low,Premium,26.99,0,1,Stable,7.892507019914489,Movies,0.5209111085926699,0,1.5028268922678816,6.292980714328306,2.107250744437862,34.64992442628422,1
U2088,33,Low,Standard,19.99,1,0,Stable,9.299881661218171,Movies,0.6075388826368344,0,1.0729234327618318,5.3242961571397815,2.3449097919545565,14.890421640074948,1
U2089,29,Low,Premium,26.99,0,0,Stable,8.073744325279689,Movies,0.14423275969030974,0,2.057563529617746,8.423207270856878,1.0,13.860550355130835,1
U2090,52,Low,Standard,19.99,0,0,Stable,2.0928888566991493,Movies,0.7076918754267518,0,0.8314336565545661,4.559001793368349,1.0,19.566365087526854,1
U2091,38,Low,Ads,8.99,0,1,Stable,4.770020995205972,Movies,0.10749051091834658,0,1.780354976555035,2.1077486979689275,1.0,18.26137966919735,1
U2092,38,High,Standard,19.99,0,0,Stable,7.09489706127241,Series,0.558037660709285,1,1.91039589060399,3.9416645281730824,3.4412585268866556,23.189578254662116,0
U2093,42,Low,Ads,8.99,0,1,Stable,6.511401189471969,Series,0.860931325481352,0,1.431096594098528,7.772018801093471,1.8740340251940895,24.348971562889453,1
U2094,21,Low,Ads,8.99,0,1,Stable,6.345449692121607,Movies,0.4513538145008949,0,0.8860370698092104,6.541387329333823,2.9843778585054688,15.886612875577352,1
U2095,47,Low,Ads,8.99,1,0,Declining,3.034486614318332,Series,0.35216761654080764,1,2.6353157466048476,5.636222985897333,1.9414705314643177,23.99087979483377,1
U2096,34,Mid,Premium,26.99,1,1,Declining,2.1888318338451205,Series,0.8270820123685304,1,2.943626783121299,7.622259038734351,1.0,15.374724380664578,0
U2097,43,Low,Ads,8.99,0,0,Stable,11.01556343562604,Movies,0.41799089054850747,0,1.4264976068014419,5.833717219255253,3.0660606387802085,0.5946105876064323,0
U2098,22,High,Standard,19.99,1,1,Increasing,9.081332859416735,Series,0.5167599527890132,1,3.4454795224311257,5.055324058690365,1.3110216690340375,4.125367853459597,1
U2099,18,High,Standard,19.99,1,1,Stable,8.284243577734836,Movies,0.041598148790075784,0,0.939781891038361,7.170240952110134,2.77987126991204,0.0,1
U2100,44,Low,Premium,26.99,0,0,Increasing,9.018753520751426,Series,0.6869501059745655,1,2.3587811277803636,4.735949625163194,3.1235036801650806,37.95249926534437,0
U2101,39,Mid,Ads,8.99,0,0,Declining,5.0926973972759795,Movies,0.3173144394067148,0,1.722924700465408,6.4804923375428976,2.15569352007475,33.4230571475591,0
U2102,24,Low,Standard,19.99,1,1,Stable,6.875793200381425,Movies,0.3812618697494469,0,0.8251110729233058,3.910535957396829,2.674084474905646,30.41644108052456,1
U2103,24,Mid,Premium,26.99,0,0,Stable,4.759108281851136,Series,0.28295972796588165,1,2.3373725480275285,3.3909044671990674,1.0,15.403356584524653,0
U2104,48,Mid,Standard,19.99,1,0,Stable,3.9710210839315048,Movies,0.26626858832873057,1,2.6984239339491105,3.7685451150090614,5.0,29.720124941209065,0
U2105,20,Low,Standard,19.99,0,0,Increasing,10.158676121234961,Movies,0.44606092430830224,1,2.8575199160945974,5.447870683293355,2.6401279966449698,28.77343858829413,1
U2106,54,Low,Standard,19.99,0,0,Increasing,9.5635272218135,Movies,0.7252929222609463,0,1.8709216203421306,4.204095298191906,2.981226175195501,0.5499186705258126,1
U2107,24,Mid,Premium,26.99,1,0,Stable,8.876561796919415,Series,0.5589436754298739,1,1.7785622790104525,4.260250017100509,3.134251225569866,8.565200831140505,0
U2108,42,Mid,Standard,19.99,0,1,Stable,8.470721653284054,Series,0.8886598118136242,0,1.4441291975637673,5.193116784633126,2.0608239140768068,24.449815198905434,1
U2109,31,Low,Ads,8.99,1,0,Increasing,6.574463421750988,Movies,0.5074696841699693,0,0.6425444692720582,5.3555591236810605,2.2777428373438124,12.130905114437994,1
U2110,42,Mid,Premium,26.99,0,0,Stable,9.265182617843744,Movies,0.3967569932506696,0,0.9378128943161463,2.3978976765243405,3.284959567595373,9.513127013892232,0
U2111,28,Mid,Standard,19.99,0,0,Increasing,11.295081585463553,Series,0.3975316432667771,1,2.195532146911154,1.0,1.8322714726675189,27.88340174521798,0
U2112,33,High,Standard,19.99,0,0,Increasing,11.072524709572004,Movies,0.1559042912938087,0,1.872013791975722,6.299936385123444,2.5911352276874564,8.060269014447348,1
U2113,35,Low,Premium,26.99,0,0,Stable,11.498653583957616,Series,0.7235081741413198,1,2.6167491416375417,5.7784423550328246,2.6677804572632056,47.779227943067326,1
U2114,22,Mid,Ads,8.99,0,0,Stable,11.087917525016376,Movies,0.24470088517895738,0,1.3200455011881735,2.7595300644859555,1.4654888076870882,37.13126854937141,0
U2115,43,Mid,Standard,19.99,0,0,Stable,8.379827533109772,Series,0.47692745624678,0,1.5243283554131284,6.372556591410964,2.6437938893855213,15.438471924262025,0
U2116,28,Low,Standard,19.99,0,0,Declining,6.130394411675059,Series,0.5638779321931413,1,2.612722333997976,6.368904232480847,1.0,32.99527794548912,1
U2117,32,Mid,Premium,26.99,1,1,Stable,9.163310363539361,Movies,0.31723383393216154,0,1.484511683062488,4.895575074198167,3.1179624139531077,20.238408727204497,1
U2118,23,Mid,Ads,8.99,0,1,Declining,3.8320924606592577,Series,0.7801535952387374,1,1.9549538268375237,9.418732624223033,3.769871192602103,13.01001240231728,1
U2119,18,High,Standard,19.99,1,0,Stable,5.8603414848179,Series,0.4989004603479579,1,1.7259862412916949,8.038423318487276,3.1057361435316917,41.73681609731666,0
U2120,32,Low,Premium,26.99,0,1,Increasing,11.02026422127574,Movies,0.5102480072048632,0,1.1883548194935427,4.701857410456041,3.697293860645215,22.68564261312362,1
U2121,63,Mid,Ads,8.99,0,0,Declining,3.2870478217448555,Movies,0.43794102681088065,0,0.903069423946669,4.739157869364608,1.4378009066706154,7.266027339150728,1
U2122,44,Mid,Ads,8.99,1,0,Declining,6.18553897104651,Movies,0.015200802527589707,0,1.6106391264146054,2.58423866369141,1.9750250336475859,23.520711070156118,0
U2123,34,High,Premium,26.99,0,0,Stable,7.31366433307238,Movies,0.4089015325966614,0,2.064478082279356,7.949451720293662,2.325428088514848,38.129446265794655,0
U2124,31,Low,Ads,8.99,0,0,Stable,5.2876197908157625,Movies,0.0,0,1.5818202519143887,5.993640105861971,2.3288127278757567,18.028229127186723,1
U2125,35,High,Premium,26.99,0,1,Stable,7.051733020576599,Series,0.42095534766960263,0,0.5,7.1461219549807105,1.7627031628563512,20.514835352743017,1
U2126,41,High,Ads,8.99,1,1,Stable,9.610163184276832,Series,0.6926153693124497,0,0.9833745643088265,1.2320970543921401,1.286850136300421,14.403232678737753,0
U2127,20,Low,Standard,19.99,1,1,Declining,5.164740901307675,Series,0.597871379948125,1,2.3108894398178226,7.055057325566056,3.9269666376835817,22.2236936495102,1
U2128,48,High,Standard,19.99,0,0,Declining,5.173095295235955,Series,0.24642157880769167,0,0.5826017896472898,4.480706521592083,1.3669359365434546,6.266517110771458,0
U2129,43,High,Standard,19.99,0,0,Increasing,9.986955836713788,Series,0.3761676466052904,1,2.3187179038632677,6.668608647877196,3.8563896778723454,8.453728460314426,0
U2130,43,Low,Standard,19.99,1,1,Declining,5.918377045783218,Series,0.0782173773495558,1,2.581591638019108,6.542448539364173,2.695094507460917,13.891846772611812,1
U2131,40,Mid,Standard,19.99,0,0,Stable,6.338319067837614,Series,0.3314873485911432,1,3.1453151585572883,5.4587077371396235,2.4030170670162283,20.01220322524877,1
U2132,35,Mid,Premium,26.99,0,0,Increasing,10.050783143901144,Movies,0.46581266986371,0,2.2093535122811567,4.105327991869405,2.7429872511382327,31.349206945361725,1
U2133,43,Low,Ads,8.99,0,0,Increasing,5.8527889212278,Movies,0.2385134122849707,0,0.7042379296130389,6.2977232212922925,3.723443929883193,16.234019203020956,1
U2134,42,Low,Standard,19.99,0,1,Declining,3.401857886332224,Movies,0.3839891083453116,0,1.2417059311847538,3.828177367539843,1.0,27.929358730024518,1
U2135,30,Low,Ads,8.99,0,1,Stable,5.657701783848754,Series,0.6027288763078992,1,2.237620092075094,7.601147800705293,2.559139376184553,12.716608699487729,0
U2136,28,Low,Standard,19.99,1,0,Stable,7.9395253792682166,Movies,0.3565166140999171,0,0.9434955429645515,4.056701246809019,2.3490052351801824,25.064395237489844,0
U2137,36,Mid,Ads,8.99,0,1,Stable,7.320465655112554,Movies,0.5546264846226103,1,2.3591890811713494,5.5454869995230505,2.3859426387951936,32.38779783083432,1
U2138,53,Low,Ads,8.99,0,1,Stable,6.731280845512094,Series,0.5594178715657951,1,2.251958200125338,4.008414349001706,3.1405039487373942,16.61821280097439,0
U2139,20,High,Standard,19.99,1,1,Stable,8.381539979170574,Series,0.7821336746119812,1,2.6682817374302603,5.8174726658796745,1.5896043771564727,22.215207223413874,1
U2140,18,Mid,Ads,8.99,0,1,Declining,5.757724165484672,Series,0.10453132141249949,0,1.9783069647734293,3.4364787566560713,1.0491090271481969,10.963939868052295,0
U2141,36,Low,Ads,8.99,0,1,Stable,6.420046440034256,Series,0.8222851913688094,1,2.379418369721866,3.8817119899858805,1.0,25.03728922986688,0
U2142,35,Mid,Standard,19.99,0,0,Stable,4.929538314360376,Movies,0.0919843815780445,1,2.0059701311765594,10.0,1.2926497647756925,0.0,1
U2143,37,Mid,Standard,19.99,1,1,Stable,5.360582397546494,Series,0.38541205538433565,0,0.7872410616348758,7.188434558765169,2.8874395064024605,0.0,0
U2144,37,High,Premium,26.99,0,0,Declining,2.0663810692142164,Series,0.4590765021017488,0,2.3212304365168235,6.238898854942709,2.7048479816515223,24.873595550738553,1
U2145,32,Low,Standard,19.99,0,1,Declining,5.281139100301652,Series,0.8167710441662873,1,2.8441253649637748,6.528233930760331,3.0833303050498353,0.0,1
U2146,52,Low,Ads,8.99,1,1,Increasing,6.413583652638984,Series,0.4221400301710684,1,2.539826540426885,6.11128131055813,1.7401997035970864,12.132722713297193,0
U2147,18,High,Standard,19.99,1,1,Declining,4.009354036032258,Movies,0.21882224415272913,1,2.2004115726121403,5.322215935861667,1.7846354047458937,34.84054687173445,1
U2148,25,High,Ads,8.99,1,0,Declining,4.744818638742272,Movies,0.15766245639484416,0,2.1059393370976887,7.013440367136382,3.853722441049439,28.366940926210955,0
U2149,33,Mid,Standard,19.99,0,0,Stable,9.08799038266137,Series,0.6510789601718875,1,2.2042254895749274,3.8460306077862194,3.219782486476578,46.73887171739846,0
U2150,18,Mid,Premium,26.99,0,0,Stable,8.857581196633639,Movies,0.49872166697753356,0,0.5,8.691070632055865,2.952188122244757,18.904661895686566,1
U2151,32,Low,Standard,19.99,0,1,Declining,4.8905830574920515,Movies,0.6908649031521261,1,2.45901585263219,5.7406700019067545,1.0,17.007175088314852,0
U2152,54,Mid,Standard,19.99,0,0,Stable,9.531006978800598,Series,1.0,1,1.5633163257845792,7.1034105378385055,4.1576976793072955,18.12173515396893,0
U2153,35,Low,Ads,8.99,1,0,Stable,2.9753029813582783,Movies,0.48003615063759386,0,1.4343803409969063,8.646765151322207,2.108056237107391,6.90191555119117,1
U2154,37,Low,Standard,19.99,0,0,Stable,10.754441099533025,Series,0.6731308373738736,1,3.1064804919486226,6.482414940502381,2.3729027917874315,15.44191031313893,0
U2155,19,High,Premium,26.99,1,0,Increasing,11.077499142913755,Movies,0.1065320535783576,0,0.5,3.879023469529821,2.647567261919964,2.873676806613819,0
U2156,27,Low,Ads,8.99,0,0,Declining,5.205606570039859,Movies,0.7318606307461952,0,0.8501828427705935,7.939088382752307,2.364530226499403,32.07706970438807,1
U2157,30,Mid,Ads,8.99,0,1,Stable,5.217280638495874,Series,0.6430806218667892,1,2.8188364510943034,8.892381221738223,2.0280245865347797,26.86137842825132,1
U2158,31,High,Standard,19.99,1,1,Declining,4.123865267739071,Movies,0.2921870316184727,0,1.0502646292898234,1.6069556741160373,2.345033863898941,4.074254556347144,1
U2159,50,Low,Standard,19.99,0,0,Stable,8.218701791156082,Series,0.6775063538107107,1,2.549098634629949,5.296252053782227,2.836483702824162,10.019550346543769,0
U2160,41,High,Standard,19.99,1,1,Stable,8.264158767062828,Series,0.4727298545210238,1,2.550388317464692,6.082876528186303,3.0487995228535127,22.686889764206093,0
U2161,21,High,Premium,26.99,1,0,Declining,6.336786741181574,Series,0.13246568714172907,1,2.8337419536846493,4.971890143573838,3.4197788654862764,21.253380454113632,1
U2162,37,Mid,Ads,8.99,0,0,Stable,5.543006531267079,Movies,0.4643605841867203,1,1.912045008438287,3.0081155946080336,1.1024481289573043,5.4059444828609,0
U2163,40,Low,Standard,19.99,0,0,Declining,3.1403045739695807,Series,0.8684947703867807,0,0.5,3.733892888421918,1.6540822209738621,18.79328967809503,1
U2164,48,Low,Standard,19.99,0,1,Declining,5.390410488705013,Movies,0.4613845270401893,1,2.538118781350854,1.8017516783455396,3.052954543191376,24.855743456617454,0
U2165,53,Mid,Ads,8.99,1,0,Stable,8.539707915542946,Series,0.5985841739996692,0,0.5154981279620318,7.410217361598078,1.0,25.200265055157896,0
U2166,22,Low,Standard,19.99,0,0,Stable,7.006369699009717,Movies,0.35265435047827204,0,1.7675882733649813,8.247113797504277,2.361590482137444,38.21587204090433,0
U2167,25,Low,Ads,8.99,1,0,Declining,7.962968493770335,Movies,0.3844559495432573,0,1.2788680426463785,8.219256545502901,1.4140444354404003,21.000744639327973,1
U2168,19,High,Ads,8.99,0,0,Increasing,9.099412386570334,Series,0.6283308442177168,0,1.151984352131716,5.4408599290504736,2.7511761680824356,3.109733496619688,0
U2169,32,Low,Ads,8.99,1,1,Declining,4.998582712334027,Series,0.587859736503889,0,1.6452778021570444,6.043833814639059,1.3549216436851605,5.2255802192809355,1
U2170,40,Mid,Premium,26.99,1,1,Declining,6.341119982385338,Series,0.6050685758937702,0,0.5,7.639846398328455,1.8404217667745213,33.07416793470694,0
U2171,46,Low,Standard,19.99,0,0,Declining,7.438460275184077,Series,0.9110025480880928,0,1.1998965548911564,5.034228002443513,1.90957563657887,37.33127033688625,0
U2172,34,Mid,Standard,19.99,0,0,Declining,2.3014894803909103,Movies,0.4444546428693066,1,2.568724536583199,3.601436675107843,2.446346009354619,17.581563146783378,0
U2173,31,High,Ads,8.99,0,0,Declining,2.7639765839288035,Movies,0.37102939680491276,1,2.451706263266921,4.358566299572576,3.158321974820021,22.588542202340793,0
U2174,36,Low,Standard,19.99,0,1,Stable,6.373477124511924,Series,0.7318453792591835,0,1.055584772939822,5.851095739983594,3.2319493452376546,19.11667239018698,1
U2175,24,Low,Standard,19.99,0,1,Stable,13.317883569177326,Movies,0.48185979735664863,0,1.0606331677044876,4.072723088818485,2.4049424510711717,14.422794958566614,1
U2176,60,Mid,Premium,26.99,0,0,Stable,6.477062874918136,Movies,0.5391995925539718,0,2.071621044540025,6.44659380580947,1.090345118293887,0.10731940027108067,0
U2177,18,Mid,Standard,19.99,1,1,Increasing,8.634651170968294,Series,0.44861771763342795,0,1.7563358311658692,2.789792970059406,4.779613135263129,23.72727949477001,0
U2178,37,Mid,Standard,19.99,1,1,Stable,8.236703859615837,Movies,0.25389441877044205,1,1.9014960832109038,5.01469357728496,2.114817330434737,39.38340614632441,1
U2179,59,Low,Ads,8.99,1,1,Declining,6.953857805626948,Series,0.4372885091611496,1,3.109076566563724,6.311099342592542,2.473711212925693,20.042594153776545,1
U2180,35,Low,Standard,19.99,0,1,Declining,5.339570232909511,Series,0.7533445846987383,1,2.753048610028257,5.765023394877325,2.442263620626971,14.376577913344239,0
U2181,32,High,Standard,19.99,1,1,Declining,7.328694990080512,Series,0.743574194881405,0,1.5441948208540845,4.0297569744761885,2.5538189609047963,12.819872641946581,1
U2182,30,High,Premium,26.99,0,0,Stable,4.61205763394816,Movies,0.09535142549552567,0,1.563295069869524,6.9700954696431365,1.3529396959479456,23.963047325426686,1
U2183,32,Mid,Ads,8.99,0,0,Declining,3.46782315051455,Movies,0.4281675625640646,0,0.7269394510049413,6.0249785004927325,2.6385728061679,31.81326843369747,0
U2184,51,High,Ads,8.99,0,1,Stable,9.324973901159279,Series,0.8744467735735746,1,3.203158406627831,1.3220068902470254,4.021501696335195,24.39208388753519,1
U2185,18,Mid,Standard,19.99,0,0,Stable,7.021886229566948,Movies,0.30293347225510264,1,2.8709046359439228,6.410635382615224,1.0,0.0,1
U2186,53,Mid,Ads,8.99,0,1,Stable,4.47509878998267,Movies,0.4127946547852609,0,1.4225617150838492,4.655604945361005,2.232313097986178,38.90849538788801,0
U2187,18,Low,Ads,8.99,0,0,Stable,4.354924136765585,Series,0.746097140564885,1,2.4461639265824635,4.450070293920454,1.0784338686619752,27.999179404934743,0
U2188,31,Mid,Premium,26.99,1,1,Declining,3.3781183893105906,Series,0.335888352120256,0,1.2542624994522031,3.8401487614716863,3.1888747887507796,15.83870879387085,1
U2189,29,Mid,Standard,19.99,0,0,Declining,5.0042510843158325,Movies,0.3803976317982204,0,1.0156455783826575,3.493945165239995,3.341134575210248,11.636216862736315,0
U2190,42,Low,Premium,26.99,1,1,Stable,7.934759139453577,Movies,0.6044232379482941,0,1.5672741234088565,5.913166454519264,2.072347903370735,12.639083476216237,0
U2191,18,Mid,Premium,26.99,0,0,Declining,4.341880000111721,Series,0.4813582366471704,0,0.9022966071034151,6.592052294329865,2.260889924980312,28.351753506285117,0
U2192,40,Mid,Ads,8.99,0,0,Declining,5.769998378479038,Movies,0.5164932284517657,1,2.390419222486183,5.80634469187933,1.3190464775571256,0.0,0
U2193,59,Mid,Standard,19.99,0,0,Stable,6.12586702661277,Series,0.6054323214278238,1,2.358419037809185,7.398906973379549,1.0,24.16448665699909,0
U2194,18,Mid,Ads,8.99,1,0,Stable,9.447840403233835,Movies,0.21509907157326516,1,2.5311089427390896,6.662809197139737,1.9298017973062067,21.36655922660902,0
U2195,37,High,Premium,26.99,0,0,Stable,12.103680189144711,Series,0.5806982898371169,0,1.7706249788708361,1.4860758699020522,1.9862929165194323,21.199054931172387,1
U2196,27,Low,Standard,19.99,0,0,Stable,6.214774535831152,Movies,0.2447744151827536,1,2.542002273150272,3.6669601659872084,2.243030401709954,4.04655298064756,1
U2197,40,Mid,Standard,19.99,0,0,Increasing,10.439798432396838,Movies,0.17233719164742678,0,1.6467832110260046,7.876838442937915,1.0,0.0,0
U2198,35,Mid,Ads,8.99,0,1,Stable,7.796821648300225,Movies,0.2991310455093783,0,0.5,2.961232860590093,1.0,44.93264297904597,1
U2199,27,Mid,Standard,19.99,1,1,Declining,5.277390852519851,Movies,0.36368526247722444,0,1.5302066917912711,1.0,1.0,19.595200251285775,1
U2200,40,Low,Ads,8.99,0,1,Stable,8.306501890682583,Movies,0.3167891234902263,0,1.3375283067691088,9.162900062126944,2.283098788557404,41.23147127880051,1
U2201,56,Low,Standard,19.99,0,1,Stable,7.957642377959655,Movies,0.2969252837742319,0,1.485862473518694,6.093225061065155,2.785266868411714,28.840131109016948,1
U2202,32,High,Standard,19.99,1,0,Stable,6.05789285923021,Series,0.6451991765931199,1,1.9825521545914748,4.133886399217526,1.0374245499292094,19.348969795572888,0
U2203,43,Mid,Premium,26.99,0,0,Stable,9.633091545245376,Movies,0.4562811949962096,0,1.8754626710006044,3.803201786918696,1.9241366752066131,20.782782484031706,0
U2204,19,High,Ads,8.99,1,0,Stable,7.403332494973552,Series,0.37118095343205204,1,2.4502582769376877,6.758812316752091,1.6211025054692136,30.96401564685079,1
U2205,23,Mid,Standard,19.99,1,0,Stable,6.230399160339274,Movies,0.2995208261238784,0,0.927592563154559,6.45599576100439,4.2320048523610545,32.31350540927411,0
U2206,40,Mid,Premium,26.99,1,0,Declining,9.886405047694803,Series,0.20529181800123014,0,1.015842672885881,6.15440467989623,1.8151943495513914,23.711905954731975,1
U2207,52,High,Ads,8.99,0,0,Increasing,8.6513598685332,Series,0.5675633281931594,1,2.8416641279882757,5.122500937386836,1.7729669017415972,31.113264376835573,1
U2208,39,Mid,Premium,26.99,1,0,Stable,7.5098876828474985,Series,0.6301058092143242,1,2.248826523116888,2.938833855308167,1.3840031148917842,31.684020929463735,1
U2209,31,Mid,Ads,8.99,0,1,Declining,5.3508806891606735,Movies,0.46395600243308743,1,2.2971701536825444,5.428070384921574,1.0,21.955778839886758,0
U2210,34,Mid,Standard,19.99,1,1,Declining,4.740210778097584,Series,0.6308209612992609,1,2.1813724668200494,7.6302900599036185,2.846482680541019,10.754460652052085,1
U2211,19,High,Standard,19.99,0,0,Increasing,10.345994115132047,Movies,0.4596351288108496,0,1.805565251156695,4.4160980155993546,1.9335662296852707,23.965501543866633,1
U2212,42,Mid,Standard,19.99,0,1,Stable,5.31000018181675,Movies,0.36304499633385545,0,1.5411649849113909,6.702137565593108,1.811628477795857,9.020494893766022,0
U2213,45,Mid,Premium,26.99,1,0,Stable,8.193086773046115,Series,0.46489632436350514,1,1.5877198762253664,4.690737481867836,2.3823658849391767,13.435208127948567,0
U2214,29,Low,Ads,8.99,0,1,Increasing,3.7249379148227106,Movies,0.12681296632206007,0,0.8121144877106494,7.102488281025696,1.0,22.770568660910154,0
U2215,29,High,Ads,8.99,1,0,Increasing,5.105790746228613,Movies,0.297399458542294,1,2.30274053201007,3.540107406407432,3.9705707820409244,17.049299116755805,0
U2216,38,Low,Standard,19.99,1,1,Stable,10.65144909433703,Movies,0.19674475931860858,0,0.978479167955531,5.527375242921095,1.0,33.78637739553089,1
U2217,29,Mid,Premium,26.99,0,0,Declining,2.487639946556427,Movies,0.32605617707380596,0,0.5,6.412947526010182,3.9763494821795247,10.074953923023683,0
U2218,34,Mid,Ads,8.99,0,0,Declining,1.0800822959262786,Movies,0.2516245993025141,0,0.9274868859274605,4.149098965478002,2.1850729672562728,0.0,1
U2219,60,Mid,Premium,26.99,0,0,Stable,4.537167661867625,Series,0.6838162025128096,1,2.1328864649288577,6.225226769442836,1.8136999947509111,33.72042599516272,0
U2220,32,Mid,Standard,19.99,1,0,Stable,10.480114538393469,Movies,0.35979100489144683,0,1.0999991838145495,5.440896538508418,2.8711451288781737,18.570189935189376,1
U2221,30,Low,Ads,8.99,0,1,Stable,3.41627651945457,Series,0.6894988672514497,0,1.6603811222729101,5.411688695969753,1.8536173685802595,19.14076808927464,1
U2222,27,Mid,Standard,19.99,0,0,Stable,5.088371634816898,Series,0.6884769446549122,1,0.9592762324166255,4.1444924271976875,3.131801478035193,8.5390284685619,0
U2223,43,Mid,Ads,8.99,1,1,Stable,4.083615031366026,Series,0.5640653912567141,1,1.836580712967731,7.494685123250704,2.507908187026143,0.0,0
U2224,32,High,Standard,19.99,1,1,Declining,4.451741605819983,Series,0.5763327310157359,0,1.6978313522375927,3.6097413614746334,2.9127570740718824,8.17397895473752,0
U2225,27,Low,Ads,8.99,1,0,Declining,4.127958203638527,Series,0.7003208976642723,1,1.8994030181235548,6.059529481274786,3.24010577948341,24.840092745362877,1
U2226,50,High,Standard,19.99,1,0,Stable,6.038486986545933,Series,1.0,1,1.5731654544588094,3.8015839653457926,2.025695426682876,15.58610699809631,1
U2227,52,Mid,Standard,19.99,0,0,Declining,8.712267598810273,Movies,0.15217377061288345,0,0.9596499564827778,5.367657904199696,3.164586072852799,14.009296465188172,1
U2228,27,High,Standard,19.99,0,1,Stable,4.601849364724904,Series,0.6083502975978919,0,1.5231036379902179,6.78572552361897,2.717918933571501,0.0,0
U2229,18,Mid,Standard,19.99,0,0,Stable,6.795624440565779,Series,0.360858330555192,1,2.1479578619307707,4.922297384716746,3.533965517185674,39.73538053727965,0
U2230,47,Mid,Standard,19.99,1,0,Increasing,10.015803738962203,Series,0.5958175300884176,0,0.9375204706518426,1.0,1.8327419091636026,17.288451650355416,1
U2231,26,High,Ads,8.99,1,0,Increasing,6.059372213783568,Movies,0.21518781926912514,0,1.540890017903312,2.8106080425907867,3.565699899746706,46.10306097936818,0
U2232,44,High,Standard,19.99,1,1,Stable,7.973179962493205,Movies,0.3260187177895679,0,1.4874337878720485,1.1840041663449767,1.4269075547853705,22.40128982831195,0
U2233,18,Mid,Premium,26.99,1,0,Stable,6.200379010893385,Series,0.6310620667895717,0,0.6682508954388419,5.635820217531576,1.0,36.61289668557176,1
U2234,45,Low,Premium,26.99,0,1,Declining,5.748618132379712,Series,0.5021217775152077,1,2.3568715676247667,5.489975361893085,1.0,9.386516325798127,0
U2235,20,Mid,Ads,8.99,0,0,Stable,6.784001496948694,Series,0.24324826476252348,1,1.5203089118184292,4.798751818199978,1.8681218603062684,0.0,1
U2236,43,Mid,Ads,8.99,0,0,Stable,2.8989375488673916,Series,0.8851071354305613,1,3.002054799218991,4.247087223575527,2.4625483951431404,15.762033645677246,0
U2237,35,Low,Premium,26.99,0,0,Stable,9.612197425531482,Series,0.767855395959862,1,3.0387183086175167,5.942263737280629,2.2159483031125298,24.720124337683792,1
U2238,23,Low,Standard,19.99,1,1,Stable,11.140916630708144,Movies,0.323888154217827,0,1.156163249133586,2.6053617585523345,2.986708658829222,26.02333040869211,0
U2239,30,High,Standard,19.99,0,1,Declining,4.646491636130373,Series,0.42105340035788763,0,1.8324808077886046,7.412112292956269,1.0,22.734295562486658,1
U2240,43,Low,Standard,19.99,1,0,Increasing,6.306143844400188,Movies,0.3670049180566055,0,0.9218928706756649,5.650240044212975,3.9244451021051785,45.50126058912939,0
U2241,36,Mid,Ads,8.99,1,1,Declining,8.012025442351376,Series,0.6721977650082817,0,1.2300582428568836,3.6104093812446427,3.5453138241441575,22.701968698552992,1
U2242,42,Low,Standard,19.99,0,1,Increasing,14.671148708602413,Movies,0.5040023631519217,0,1.0076053521963826,4.663161051105732,3.1351719166793743,14.279009126292712,0
U2243,58,Low,Premium,26.99,0,0,Stable,6.662409176820005,Movies,0.5224444328801572,0,1.2876563753861725,5.2373326553885615,3.4651607971815017,15.197426946118192,1
U2244,18,Low,Standard,19.99,0,1,Stable,6.562638769558971,Movies,0.5601352610623692,0,1.3331225571779413,2.73842543454755,1.0,8.336121287704394,1
U2245,54,Low,Ads,8.99,0,1,Declining,4.840177804657001,Series,0.25182806210100406,0,1.2986684681109064,6.841755985313725,2.8989303233840222,21.518088801556825,0
U2246,36,Mid,Ads,8.99,1,0,Declining,1.6509022215093903,Series,0.5390713571957712,1,2.245889772583688,7.430941657807455,2.940396427701627,30.97878365165125,0
U2247,24,High,Ads,8.99,0,0,Increasing,8.126622363920315,Movies,0.5486201641223255,0,1.3636437443571285,5.734827547027042,3.167396924678445,34.90777959632928,0
U2248,19,Low,Standard,19.99,1,1,Increasing,14.144825662647735,Series,0.415273659472407,0,1.9276952397158225,7.381096626171447,3.0468905752443862,14.43808791430948,1
U2249,32,Mid,Ads,8.99,1,0,Stable,6.662622678458879,Series,0.8438535154363346,0,0.5,10.0,2.644536703416779,17.365724135106152,1
U2250,46,Mid,Ads,8.99,0,0,Stable,4.91993094425559,Series,0.9620755230276551,0,2.2604607173875864,1.7432133304212094,2.604482631569266,10.300888502063259,0
U2251,33,High,Premium,26.99,1,1,Stable,7.99337123860896,Series,0.8382508638918321,1,2.0895334552550513,5.603812613855308,3.392334877122378,29.6198083927764,1
U2252,53,Mid,Ads,8.99,1,0,Stable,5.665602403011776,Movies,0.482318081420643,0,1.2610476531916264,2.813764666627722,1.5766459739623042,3.1850454054311346,1
U2253,18,Mid,Ads,8.99,1,0,Stable,6.867095752664146,Movies,0.2604987545274303,0,1.9646507464398606,8.621434173318328,2.566887008679747,9.336013529782376,1
U2254,34,Mid,Ads,8.99,0,0,Stable,4.462302438905441,Movies,0.4063269607495744,1,2.664013412627718,5.992618240643607,1.6470032920322848,0.0,0
U2255,19,High,Ads,8.99,0,0,Increasing,5.890127516439804,Series,0.3307810702558753,1,2.6210113212176425,4.103809441675067,2.0479037509399816,3.8491632746418425,1
U2256,39,Low,Standard,19.99,0,0,Stable,8.475318509727185,Movies,0.19377786708164874,0,1.92281542709672,4.979285131576159,1.0,10.907243435181892,0
U2257,45,Mid,Premium,26.99,0,0,Stable,7.231733558802175,Series,0.45783930349770585,1,2.20114553369078,8.172599532144005,1.3294395099381777,11.870709828208822,0
U2258,29,High,Premium,26.99,1,1,Increasing,6.6718278394715504,Movies,0.3623945147931894,0,1.759507760139704,6.4045693682499465,1.7636747058184592,2.4614224170410033,0
U2259,18,Mid,Standard,19.99,1,1,Stable,7.239070260609806,Movies,0.2715645469143418,0,0.6697570034267091,6.657840150656947,1.7768560378689848,4.441764723569868,1
U2260,37,Mid,Standard,19.99,1,0,Declining,3.785706582545482,Series,0.6523199913240129,0,1.5087621090630146,8.47615879295477,1.8665168885620926,33.13883767839093,0
U2261,40,Mid,Standard,19.99,0,0,Declining,3.432479661259661,Series,0.7755653649754517,0,1.5809083587650399,7.408743093691738,1.0149949663339253,8.640880434230104,0
U2262,39,Low,Ads,8.99,0,1,Stable,9.328068794496613,Movies,0.20805449142574764,0,1.873024953783084,7.7480151344066215,1.867571334691403,0.0,1
U2263,49,Mid,Ads,8.99,1,1,Increasing,11.348632659566317,Series,0.6297202185874102,1,2.7246992771206147,5.2473283903357055,3.2854157558038772,5.4858674895585935,0
U2264,22,Mid,Premium,26.99,0,0,Increasing,8.936181451106716,Series,0.5168062020364127,1,2.422690810754071,1.0,1.9014419706056866,5.645326859643326,0
U2265,43,Mid,Ads,8.99,0,0,Stable,7.288674674499407,Series,0.6380324987314363,0,1.1411951232211084,5.70712692271415,3.4982021508950316,17.155820753740127,0
U2266,49,Mid,Ads,8.99,0,0,Declining,4.983203965331313,Movies,0.48723451964236386,0,1.1356289865844633,4.171083559771662,3.432505848651619,22.315396236415104,0
U2267,18,High,Standard,19.99,0,0,Declining,5.974018518347078,Movies,0.5342471581684425,0,1.1398593691377172,7.077169837370599,1.612953190496499,1.7570246948589983,1
U2268,38,Low,Standard,19.99,1,0,Stable,5.400996683088612,Series,0.7340608238586077,1,1.5212725579163162,1.959363041468003,2.769375998307011,21.60362719213468,1
U2269,28,Mid,Ads,8.99,0,0,Increasing,11.587514200105929,Series,0.6827971257857988,0,2.1717149564634624,7.1564705759122536,1.0,34.7968697491413,0
U2270,34,Mid,Ads,8.99,1,1,Increasing,10.060697513672437,Series,0.3159573453960941,1,2.8992050421100215,5.877081705814536,1.1460962133083659,30.192306622524445,0
U2271,39,Mid,Standard,19.99,1,0,Declining,4.473887324220897,Series,0.3837468140908221,1,2.4527002135565876,6.207595738814595,2.3117437040760374,24.95067378093011,1
U2272,29,Low,Standard,19.99,0,0,Stable,6.024443936982916,Series,0.4351643440399018,0,1.7074686413466464,6.7375226106085275,2.708554686545817,22.892669721529252,0
U2273,26,Mid,Ads,8.99,1,0,Stable,8.682261883533616,Movies,0.42172404136150493,0,1.6765263061816575,5.44307135844856,3.8133685275522815,14.1974781516565,1
U2274,35,High,Standard,19.99,0,0,Declining,4.699027367699787,Movies,0.09179901752189207,0,0.8035112519987917,4.834022300291817,2.037106318662192,35.026503197810904,0
U2275,21,Mid,Standard,19.99,1,1,Stable,5.602213808340325,Movies,0.41750446563357146,0,1.618375633015175,7.7699544304415,2.3755581935476275,23.1508760592084,0
U2276,21,High,Premium,26.99,0,0,Increasing,7.846290699077029,Series,0.6528938514265297,1,3.061847591835961,6.686319132773739,2.2978104952056,8.347455420768933,0
U2277,43,High,Ads,8.99,1,0,Declining,6.53840929777832,Series,0.21286217889606301,1,1.8932631763464636,6.877681072342077,3.993550080582806,16.190798460624492,1
U2278,21,Low,Ads,8.99,0,1,Increasing,4.168340396261879,Series,0.38247943564648956,1,1.3797795926286318,5.334950755903723,3.5423088944164944,9.891600429862477,1
U2279,42,Low,Standard,19.99,1,1,Declining,4.289182188839055,Series,0.8087751149713499,0,0.7189787487902981,5.719061123325146,2.584675719390981,16.33358991137375,0
U2280,40,High,Standard,19.99,1,0,Declining,7.141165339351527,Series,0.7394818296789826,0,1.2518287005790907,5.473519541885373,2.9938748548636327,32.58560707148304,0
U2281,18,High,Ads,8.99,0,0,Declining,4.663566455793484,Movies,0.17992120056101313,1,1.568148704514229,2.01168437269575,2.549699858383647,15.884604358676611,1
U2282,26,Low,Standard,19.99,1,1,Increasing,9.818450196833524,Movies,0.14302780291710993,1,2.196796909099282,2.7377499059249235,3.2747740108432826,8.464851038659415,1
U2283,49,Low,Ads,8.99,0,1,Stable,9.173537929074389,Movies,0.0,0,0.9726425167965593,5.253633244041168,3.0617892445427186,30.488158899854017,0
U2284,23,Low,Ads,8.99,0,0,Stable,8.78465930679434,Series,0.8942595375442629,1,2.2995205343390244,1.745151094748492,1.897938269333169,33.31833820141549,0
U2285,29,High,Standard,19.99,1,0,Stable,6.119882453920156,Series,0.608210873686209,0,1.0451687177891333,5.27972235264129,2.2994438195016618,8.575738177394518,1
U2286,40,Low,Ads,8.99,1,0,Stable,6.739212895592328,Movies,0.7267448110690402,0,1.282010005629961,3.7114807535336363,2.3618514965576787,35.75931264419026,0
U2287,44,Mid,Premium,26.99,0,0,Increasing,11.71429170518704,Series,0.5616657826055487,1,2.6615093361735194,5.348046545000819,2.3518519094134693,29.55006247751132,1
U2288,31,High,Standard,19.99,0,0,Stable,8.878938974567797,Series,0.6565178597779171,0,0.8209706019804546,5.8400071966424,1.692196897907717,11.377015821491085,0
U2289,27,Low,Standard,19.99,1,1,Increasing,8.735849624055177,Movies,0.5282596942857192,0,1.4406692760187143,1.783563065071784,2.5369030583143064,32.62672612551257,1
U2290,52,Mid,Standard,19.99,1,0,Declining,4.892908695415146,Series,0.927768537236182,1,1.788648437213133,6.1501534007977545,1.6909498364076812,3.2172503039089655,1
U2291,55,Low,Standard,19.99,0,0,Stable,7.535367389067702,Movies,0.4502043316968848,1,2.2965486985418915,4.6009128390330645,1.6147841407483643,12.219505335501385,1
U2292,46,High,Ads,8.99,0,1,Stable,9.733801380034585,Series,0.6004814435876585,0,1.2590721813714663,1.0,2.081257513144516,4.8606840356509515,1
U2293,36,Low,Premium,26.99,1,1,Increasing,12.20269836197387,Series,0.6055915322230727,1,2.5133478132622193,4.578239215244904,2.469437699683875,6.2803911924793,1
U2294,25,Mid,Premium,26.99,1,0,Declining,6.386773407598037,Movies,0.14083287955861296,0,1.392313653038585,6.259343974961312,3.4256700947814895,28.213078624722414,0
U2295,25,Mid,Ads,8.99,1,1,Stable,4.842661447872217,Series,0.5236234266268698,1,3.0433286393064156,4.688638244943963,2.910055485262853,17.824238830434577,1
U2296,41,Low,Ads,8.99,0,1,Stable,6.450333186903486,Movies,0.36024389692301784,1,2.2843625029896737,4.5666970191567,3.310127784344069,4.667081621004051,0
U2297,40,Low,Ads,8.99,1,1,Stable,6.555426652620194,Movies,0.6263787750203524,0,0.986248165776539,5.8077313082632775,3.9726452587498406,10.924744769936703,0
U2298,51,Mid,Standard,19.99,1,1,Declining,7.836970065206946,Series,0.5139913613037315,0,1.7648629182487985,4.541514346353181,1.6146354138638808,10.024355619900213,1
U2299,42,Low,Standard,19.99,0,0,Declining,4.522271217640724,Series,0.8125309290947571,0,1.4654920031332541,4.965695730641171,2.911229866761133,21.010226555924916,1
U2300,18,High,Premium,26.99,0,0,Increasing,12.76032846923284,Movies,0.3336323977472281,1,2.8304884582307848,2.8470780876187516,2.9512210195272246,45.277422058939095,1
U2301,47,High,Standard,19.99,1,0,Stable,5.858602658937832,Movies,0.5987117119164876,1,2.2280189178470393,4.46343141784691,2.455909470554641,20.468858933885485,1
U2302,23,Mid,Standard,19.99,0,0,Stable,6.018232084678482,Series,0.7353444987945903,1,1.5147806388324923,9.268158636072755,3.0928025707900892,21.26318341748955,0
U2303,30,Mid,Standard,19.99,1,1,Increasing,10.444362317439422,Movies,0.47183907257027047,1,3.6463470482743237,5.856830720742942,2.287547287985028,36.493897791072534,0
U2304,38,Mid,Standard,19.99,1,1,Declining,8.136293411143514,Movies,0.5457653319991056,1,1.9384135666110145,6.0382485710792615,2.8707962327028547,11.48576823484713,1
U2305,58,High,Standard,19.99,1,1,Stable,6.576445741464246,Movies,0.5166319822571918,0,0.719538556646305,4.214654289445675,1.0,33.99454984111596,1
U2306,72,Mid,Standard,19.99,1,1,Increasing,1.3116964144164065,Series,0.8127626791407648,1,2.73019325725876,4.710625701396104,2.202123899008695,12.90597667578784,0
U2307,42,Low,Standard,19.99,0,1,Increasing,4.3074497929833395,Series,1.0,1,1.7329096085128477,5.043030108798312,2.9083530572716008,13.677574485214686,0
U2308,32,Low,Standard,19.99,0,1,Stable,7.595923112328913,Movies,0.6733789422697857,1,2.064557848310095,7.248395750532666,3.22841589074725,14.043644570485025,0
U2309,41,Mid,Standard,19.99,1,0,Stable,4.050407946436463,Series,0.6932848468329925,0,1.3622866767608568,7.8976961427577415,1.3391746346234807,16.715814001175687,1
U2310,45,Mid,Standard,19.99,0,0,Stable,5.268874347207175,Movies,0.26165062825926927,1,2.214008330724809,4.591299239958101,2.118191054403811,15.90078978028196,0
U2311,31,Mid,Standard,19.99,0,0,Increasing,9.037025851914771,Series,0.673283557938165,1,2.081952052251304,5.453162737750386,1.1368155649507437,22.29906686095212,1
U2312,56,Low,Standard,19.99,0,1,Stable,2.101265508507078,Movies,0.0,0,2.094844721292183,5.029933469352999,1.8121636898827405,12.908574956241155,0
U2313,37,Mid,Standard,19.99,0,0,Stable,6.240548421349091,Movies,0.5157973225002048,0,1.2442678382257086,7.024727461757808,2.5159408853018634,19.20545491574558,1
U2314,40,Low,Standard,19.99,1,1,Declining,2.6703828842794617,Series,0.3879933610852778,0,0.8502868773821742,6.437173433444602,3.235487555698972,0.0,0
U2315,42,Low,Standard,19.99,0,0,Stable,4.0016405641985,Movies,0.5744962551949012,0,1.7884764063027567,5.320093003346177,3.1037687892369585,27.388996458403668,0
U2316,40,Mid,Ads,8.99,0,0,Stable,5.39563112156388,Movies,0.7460578067381434,0,0.9387311971403565,7.519292218485042,2.4227619244513443,31.58430956821254,0
U2317,45,Low,Ads,8.99,1,1,Stable,4.861582149861137,Series,0.30981313146301814,1,2.234559849260181,6.536227165310972,1.5491029506480571,20.658829682952355,1
U2318,27,Mid,Standard,19.99,1,1,Stable,7.9389604359846055,Series,0.5899391207584825,1,1.757223981821151,3.9577504863168897,2.06065817388788,26.974264463712863,1
U2319,28,Mid,Standard,19.99,1,1,Increasing,12.58958036004865,Movies,0.1371174294665138,0,1.405716752713248,5.5164243538568245,4.737190229898248,7.950813625242219,1
U2320,21,Mid,Premium,26.99,1,0,Stable,6.271146296777874,Series,0.25433800721270133,0,1.3198901363038251,5.146959956788608,1.0,36.210990505748946,1
U2321,40,Mid,Standard,19.99,1,1,Declining,3.8077484419063277,Series,0.5787356697592246,1,2.2825944482836835,3.524251610359681,1.0,20.282337458797468,1
U2322,44,Low,Standard,19.99,1,1,Increasing,7.757384996526303,Series,0.7270334074197093,0,1.375009084340822,5.049380638312381,2.3751502935866156,0.0,0
U2323,40,Low,Ads,8.99,0,0,Declining,2.783625784123075,Series,0.7508800858638088,1,2.7906808569959813,7.77817506825775,2.906795842190821,32.584657901135415,0
U2324,55,High,Ads,8.99,1,1,Stable,4.422516208760644,Series,0.6307851625130688,0,1.6515471198573026,7.68982463763687,3.0635503736325864,26.612806859898264,1
U2325,34,Mid,Standard,19.99,0,0,Increasing,4.063336641319989,Series,0.2671535886772874,1,1.6763556398802621,7.326499371962866,2.488149809724491,40.45958328952608,0
U2326,43,Mid,Ads,8.99,1,1,Declining,2.340958083363653,Movies,0.37467575249066076,0,0.962673368481588,7.058287611945767,1.0,37.96647064548734,1
U2327,21,Low,Standard,19.99,0,0,Increasing,13.895973021337888,Movies,0.051490396750892564,1,2.8546235703673632,5.915966559947312,1.9804084748902895,34.10178984716413,1
U2328,30,Mid,Standard,19.99,0,1,Stable,5.619157929273084,Series,0.3146023483884273,1,1.8303018672059923,4.297274642204288,1.0,23.68775728576165,0
U2329,43,Mid,Standard,19.99,0,0,Stable,1.1167430564724743,Movies,0.15063602234868803,1,2.5951383707819433,6.62751471841476,2.5949447026496015,26.556332810298315,1
U2330,45,Mid,Premium,26.99,0,1,Stable,5.825886123037987,Movies,0.559962238275684,0,1.719741285124423,2.2073460965126395,2.6557970603745393,5.056318396201931,0
U2331,31,Mid,Standard,19.99,1,1,Stable,3.819170926478357,Movies,0.4590510691363088,0,0.5,4.15623603177599,2.073711404846824,14.675967569533167,1
U2332,34,Low,Ads,8.99,1,1,Increasing,9.178454819991488,Movies,0.4145181395765201,1,2.056196761579918,7.709512763420147,1.017018139688935,53.810807339522555,0
U2333,18,Low,Premium,26.99,1,1,Declining,4.9032926895259905,Movies,0.177477163832633,1,2.789020480515929,4.51580755348129,1.3810520766075958,0.0,0
U2334,30,High,Premium,26.99,1,0,Stable,7.111771275384109,Movies,0.27244492328972136,0,1.2265130644861795,6.779952187892988,1.0,21.72289742126581,0
U2335,45,High,Ads,8.99,0,0,Declining,4.91854784250963,Movies,0.0759754987685875,1,2.0574948569445444,4.773882059991268,2.1485720444308343,17.526654255816588,1
U2336,41,Low,Ads,8.99,1,0,Declining,4.254579390760502,Series,0.8728602653784192,0,1.7155573904851518,6.6003351708732145,5.0,28.240145052423188,0
U2337,41,Mid,Ads,8.99,0,0,Stable,4.088207756920028,Series,1.0,1,2.962343453581123,2.4198154687294817,2.0979116979883305,20.383397242176667,1
U2338,35,Low,Ads,8.99,1,0,Stable,6.850691856057153,Movies,0.4613196828146251,1,1.8929541534500003,8.043597747455443,1.7798715507481697,32.57484999384798,1
U2339,35,Low,Premium,26.99,0,1,Increasing,12.056773767407082,Series,0.7463508422020722,1,3.360278468348122,3.268089449586205,2.416908614091733,18.181752986126646,1
U2340,27,Low,Standard,19.99,0,1,Stable,10.627346167590408,Series,0.5682079721577261,1,1.2294699603301265,2.7763279988543457,1.0495511199121388,27.291182327484382,1
U2341,43,Low,Standard,19.99,1,1,Stable,6.524017345387987,Series,0.27610952726832716,0,0.546443326912254,7.936122149522552,1.0841083570626868,22.388202649549125,1
U2342,40,Mid,Premium,26.99,1,1,Declining,4.740780109432629,Series,0.4312070418745614,0,1.0728102266224544,5.4943618029253525,1.581074884246696,14.50063980035971,0
U2343,40,Mid,Standard,19.99,1,0,Increasing,10.50128153726668,Movies,0.2569230902132988,0,1.132735283527209,4.887505022439999,3.08502116877853,12.791594530068078,0
U2344,28,Low,Ads,8.99,1,1,Declining,7.986483118944209,Movies,0.27294879789744897,1,2.126741271520804,8.635292061697216,2.533572152537534,33.3343319763016,1
U2345,18,Low,Premium,26.99,0,0,Stable,6.027406778990906,Movies,0.2269212742859432,1,1.979296907525965,6.9621632832639815,2.04066148620394,25.499360666224717,0
U2346,48,High,Premium,26.99,1,0,Stable,8.385302633900675,Movies,0.3595506617143134,0,0.9371945637381579,4.600998180497411,2.9488652693493367,29.954426878886437,1
U2347,29,Low,Premium,26.99,1,1,Stable,5.354361468951223,Movies,0.17996618229359684,1,2.167812556799145,5.2312287382693095,3.9086187832460517,33.05753890865235,0
U2348,24,Mid,Standard,19.99,0,0,Stable,7.659697980531005,Series,1.0,1,1.9460921613322155,7.647822692497558,2.9361703441949745,11.786557778496036,0
U2349,43,Low,Standard,19.99,0,1,Stable,8.94120835323674,Movies,0.07692519700074946,0,1.6409638690016244,3.572848384671289,1.1820609627297183,14.750080663258657,1
U2350,30,Mid,Ads,8.99,0,0,Declining,2.418278786904407,Series,0.7774619088045102,0,1.3153072323991752,8.386912581064761,1.0,13.910353222501447,0
U2351,47,Low,Standard,19.99,1,1,Stable,5.949710555963565,Series,0.5476290579676224,0,1.1894186025859819,4.613281555275315,1.0,30.373547350801637,1
U2352,42,Low,Premium,26.99,0,1,Stable,8.909566193390003,Series,0.6925596190523697,1,2.25672880704311,3.757020958001095,3.069024823737692,19.09048671632477,1
U2353,43,Low,Ads,8.99,0,1,Stable,8.23232246102959,Movies,0.45162297343552493,0,1.8570806834854976,7.673826565320773,1.442202514540929,20.199124691276406,1
U2354,18,Low,Standard,19.99,0,0,Declining,7.07189228062971,Series,0.631408646024131,1,2.009956091881314,6.969211325417458,3.0183770982271567,5.343054410967834,0
U2355,49,Mid,Standard,19.99,0,0,Stable,8.696879292908134,Movies,0.12332585048007513,0,0.663304287161173,1.9468129936441754,1.745219012076243,27.888434745341716,1
U2356,38,Mid,Ads,8.99,1,1,Declining,4.317792944166589,Movies,0.28359204992598147,1,1.713581152818972,5.286349894393024,2.5880533288018484,28.28576361997038,1
U2357,30,Low,Standard,19.99,1,1,Declining,9.398380296789382,Series,0.6338190544398686,0,1.1834894002631202,3.289602947434802,2.9010786711387637,24.7321221309779,0
U2358,36,Low,Ads,8.99,0,0,Stable,7.273819981506789,Movies,0.37128676705682384,1,2.5889019168635774,7.09667687496361,1.4171631998966454,19.953750984776494,0
U2359,18,Mid,Standard,19.99,0,0,Stable,0.8885821017115987,Series,0.39537360504359476,1,2.8278845124946543,8.939227133491865,3.0227759652151023,30.518951348344945,0
U2360,39,Mid,Ads,8.99,0,0,Declining,4.435307255245401,Series,0.8582424918083134,1,3.2891830055027054,6.5754379723656475,1.5402666792687796,17.41189340713076,0
U2361,22,High,Premium,26.99,1,0,Stable,6.0616574860013435,Movies,0.0,1,2.743493043207188,3.980664666254204,1.497993323264041,35.03509180524672,1
U2362,18,Mid,Ads,8.99,0,0,Increasing,11.385747502101834,Series,0.5499750224470724,1,1.7702312222829693,7.27988171461043,3.021094563232558,26.57856521494353,0
U2363,18,Mid,Ads,8.99,0,1,Increasing,7.646444054405608,Series,0.4157362489628762,1,2.178064474900611,5.399290098403185,2.8320942329633128,2.853319918508747,0
U2364,48,Mid,Ads,8.99,1,1,Increasing,12.296909987457411,Movies,0.3864330832718384,1,1.0018038497262867,5.3524303000059055,2.6600096664610478,16.397392794061112,0
U2365,27,High,Premium,26.99,0,1,Declining,6.116198744813415,Series,0.8033451712008852,0,1.144229820690732,4.529410580739711,1.0972246729310138,21.899197664733098,0
U2366,53,High,Standard,19.99,1,1,Declining,2.9998190770598794,Series,0.3186061977645843,0,0.9974465524174427,5.709369450084327,1.8159299332051588,9.640373236525496,1
U2367,28,Low,Standard,19.99,0,0,Increasing,8.578879993165724,Series,1.0,1,0.9121847666017164,5.358050070203052,2.8890336307418734,30.954723476566368,0
U2368,18,Low,Standard,19.99,1,1,Declining,3.4489331114491986,Series,0.6403697273915724,1,3.564521345697761,1.0,4.483725356785053,0.0,1
U2369,21,Low,Standard,19.99,0,0,Declining,5.369517293707339,Series,0.6763447980190938,1,2.0732097515664467,5.5517311723023965,4.011164104568185,27.645512618620145,0
U2370,49,Mid,Ads,8.99,0,1,Stable,5.437018265529758,Series,0.3120491329305174,0,0.5,5.224765743363592,1.7320700377802223,26.284200600297506,0
U2371,33,Mid,Standard,19.99,0,0,Declining,5.148870461018124,Series,0.5906865623333049,0,1.1629298012149947,6.193637877158517,1.540887579661537,0.0,1
U2372,28,Mid,Ads,8.99,1,0,Increasing,8.183082747028767,Movies,0.5443349643035784,1,3.2904621381866885,1.4865356645536592,3.9299346250470277,19.242054878942728,0
U2373,36,Low,Premium,26.99,1,1,Stable,6.695553490640352,Movies,0.3919843144437355,0,2.2535495418228875,6.524005486235142,2.8006937797933524,12.780318427010013,1
U2374,41,Mid,Standard,19.99,0,0,Stable,11.101880759596199,Series,0.6280391147453834,0,1.3291852605666044,5.557214463040439,1.732186416352624,35.01035771646498,1
U2375,48,High,Standard,19.99,1,1,Increasing,7.918544319878386,Movies,0.33962808626432234,1,2.357826648825851,6.490270942244368,2.3266813001340685,7.950087575517653,0
U2376,52,Low,Ads,8.99,1,0,Declining,1.1311338247656195,Series,0.3243999816673157,0,1.9127966364571833,2.2417457803208776,1.0,27.59008783674811,1
U2377,30,Mid,Standard,19.99,1,1,Stable,9.031652289468695,Series,0.32325826578730926,0,1.2247440401046088,3.030560883337582,3.2089894918610016,29.97984710348122,1
U2378,19,Mid,Ads,8.99,1,1,Stable,9.015911803604016,Movies,0.5838654253281419,1,2.576170298914537,1.750026422211298,3.5998445166660265,13.288879765109876,1
U2379,30,High,Ads,8.99,0,0,Stable,3.042119652406348,Series,0.7764573411886189,1,2.8037540393666696,5.792634858941827,3.7400789719059313,33.57289368876162,0
U2380,38,High,Ads,8.99,1,0,Declining,3.5982007575838653,Movies,0.5560542344934566,1,1.6544382788374898,4.809860271460851,3.325819543537975,13.013722445026957,0
U2381,23,Mid,Standard,19.99,0,0,Stable,7.871621113693046,Series,0.435435991239076,1,3.222060397270222,5.212008147333974,1.879603284859606,33.99048269423243,1
U2382,23,Mid,Standard,19.99,0,0,Increasing,10.5726097836512,Movies,0.31848644776621626,1,1.7721869087107267,2.715097263652641,3.094145309416344,49.252325154187275,1
U2383,39,High,Ads,8.99,0,0,Declining,4.990552473094559,Movies,0.5963600372002289,1,1.9197250188326078,3.0803359801241212,3.6607373878971448,29.16288022463458,1
U2384,34,Mid,Ads,8.99,1,1,Declining,5.035650757866569,Series,0.35426893504807194,0,1.3499111501366936,1.0,3.1450901498472685,25.34603822730626,0
U2385,35,Low,Standard,19.99,1,0,Declining,3.122824253833631,Series,0.8259764815106533,1,2.863760824831545,2.8089045683317138,3.0532616893290063,12.322632168763713,1
U2386,25,Mid,Standard,19.99,1,1,Stable,2.200302573088626,Movies,0.23269608147522142,0,1.6387024768683482,4.199927640598062,2.391244869399222,40.284641642392785,1
U2387,32,Low,Ads,8.99,1,1,Declining,9.099014636367073,Movies,0.17895333991309903,0,1.2753001601983986,4.303304295284279,1.294135218369222,28.6588286620312,0
U2388,23,Mid,Ads,8.99,1,0,Increasing,6.0939981668798575,Movies,0.3436167400386976,1,2.4705018745940044,5.364750301212595,4.05532510685827,12.474790290264465,1
U2389,45,High,Premium,26.99,0,0,Stable,7.353011380128965,Movies,0.1265996181776406,0,1.83664486780614,7.023259966425401,2.1633476859954692,35.98938114956836,1
U2390,47,Mid,Premium,26.99,0,0,Stable,6.682304008681328,Series,0.22062128110058815,1,2.305036056471611,4.122039726387285,3.4142028459388447,19.318618214287383,0
U2391,18,Mid,Premium,26.99,0,0,Stable,8.794395104547093,Movies,0.3652059373297914,1,1.8127667797720324,6.477578168640672,4.678006076409515,26.122157222629497,1
U2392,23,Low,Premium,26.99,0,1,Stable,7.229794426964317,Series,0.7068531540762777,1,1.9382432965889913,7.056522025993111,3.1084252136380326,13.075162037656963,0
U2393,18,Mid,Ads,8.99,0,0,Stable,7.306881906184,Series,0.8430580345275109,0,1.7546403289628614,7.80007611188803,3.374904460659386,6.736957835948303,0
U2394,27,Low,Ads,8.99,0,1,Stable,1.7313635039821413,Series,0.7213949426342972,1,1.8132578850017165,6.4795724455944015,1.264387444032661,7.36085012309535,0
U2395,33,Low,Ads,8.99,1,0,Stable,5.333321854915494,Series,0.9930794369665412,1,1.3592937806352188,5.6465753641966625,1.4725952171395147,13.423381639451007,1
U2396,18,Mid,Ads,8.99,1,1,Declining,6.489266093197994,Movies,0.6222149951472966,1,2.1174867911395507,3.339925572231615,3.4649740918490153,24.15814475703364,0
U2397,23,Low,Premium,26.99,1,1,Declining,6.309336450143858,Movies,0.49761575033732297,0,1.2623263530481528,6.0450195327675456,1.6504170070710176,14.422914561650991,1
U2398,22,Mid,Standard,19.99,1,0,Declining,3.096694352765577,Series,0.6937237650711985,1,2.8162989809368684,4.747423546810339,1.0,8.504465379139827,1
U2399,37,Mid,Standard,19.99,0,0,Stable,3.843942834557756,Series,0.8460204366146462,1,1.4253341636148429,8.252975498031667,1.0,6.586660639857779,1
U2400,35,High,Ads,8.99,1,0,Declining,5.253158613445861,Series,0.15739557773429352,0,1.4732359610610197,5.682537686654586,1.9833541334857203,33.19777634802337,1
U2401,26,Mid,Premium,26.99,0,1,Stable,1.1864519024083702,Series,0.50398859174741,1,2.990755402840038,5.180062158729757,1.9707020864619538,16.53000562772445,1
U2402,37,Low,Premium,26.99,0,0,Increasing,5.553977242986712,Series,0.22830379060785783,1,1.8095928794594003,8.331856688333406,3.1978777186019056,0.0,0
U2403,28,Low,Ads,8.99,1,1,Declining,8.520322150310621,Series,0.73261952647722,0,1.3408218556600096,4.535249295621768,1.2108754069842336,17.907068472076613,1
U2404,31,Mid,Premium,26.99,0,1,Stable,9.890134657747538,Series,0.45144722451782027,0,0.5,5.493607550297647,3.5774508010330717,13.01535134773311,0
U2405,55,Mid,Ads,8.99,0,0,Stable,7.97449871753029,Series,1.0,0,1.7365818539559015,9.518784376040013,1.0,20.45357222275803,1
U2406,51,Mid,Ads,8.99,0,0,Stable,7.614672628962513,Series,0.49641484036584393,1,2.777357819421856,6.032470984324263,1.0140352815619724,11.193305494687209,0
U2407,19,Mid,Standard,19.99,1,1,Stable,3.099658430951202,Movies,0.3712726329765046,0,1.2900111070264308,7.750277139963123,2.3384568508593815,33.44250991896334,1
U2408,44,Low,Standard,19.99,1,1,Increasing,6.7779982900526505,Series,0.5195466931624668,0,0.6363594148930778,8.507580227884546,2.2531394280570454,16.15930215578457,1
U2409,44,Mid,Ads,8.99,0,0,Declining,4.409662804068447,Movies,0.2522337523712245,0,1.6334416290186846,4.3962734618985495,2.779664773805126,15.475216021774248,0
U2410,21,Mid,Ads,8.99,1,1,Declining,3.561172500997622,Movies,0.10069562323374026,0,1.1775010338261882,7.317549583292624,1.0243450057426233,14.207467846595641,1
U2411,44,Low,Premium,26.99,0,1,Stable,6.299513330184271,Series,0.343970118011805,0,0.5,4.8345024127289635,2.5530661194954254,23.684265023396787,1
U2412,53,Low,Standard,19.99,0,0,Stable,9.598448848692588,Series,0.16410139954540293,0,1.6891062411858715,9.579878048251869,1.0,22.739193003050968,0
U2413,21,Low,Standard,19.99,0,0,Declining,3.916353877457355,Series,0.7090924605606876,1,2.9981694856851115,8.387243415082839,1.0,13.309888209519318,1
U2414,23,Low,Ads,8.99,1,1,Declining,4.318121638886469,Movies,0.26507064669440383,0,1.9696528919471947,6.986584774915169,4.028021251294607,18.286265608204484,1
U2415,47,Mid,Ads,8.99,0,1,Stable,8.479062573367502,Movies,0.7367256452085292,0,0.6614985581090355,7.589195379960389,3.2465541680604524,14.963834289669972,0
U2416,38,Low,Ads,8.99,0,1,Stable,4.161048562794393,Movies,0.10117196318655075,1,1.1499236111663464,4.10881799816953,2.1962681303469926,28.196497272557615,1
U2417,41,Low,Ads,8.99,0,0,Increasing,6.479386263483461,Series,0.895262904030989,0,1.0948074283943132,8.935095359387853,1.0,2.5345448234144463,1
U2418,39,Low,Ads,8.99,0,1,Stable,5.524554824486314,Series,0.9144518670703042,1,2.6107187167939956,3.6912376206092365,1.74193645997911,13.912714096765928,1
U2419,39,High,Ads,8.99,1,1,Declining,5.111184293103495,Movies,0.6054086333000963,0,0.8286046358960919,6.314065750920712,2.648752046768726,15.653417272437089,0
U2420,19,High,Standard,19.99,0,0,Stable,6.310075865012669,Series,0.6469594620931035,0,0.5044827927317628,4.072079739085526,1.7397762630826474,34.73618716774221,0
U2421,47,Low,Ads,8.99,0,1,Declining,4.3733181813057325,Movies,0.2823588549561197,1,2.7347417500270037,7.220775262857188,3.761250213481593,32.1041277361928,0
U2422,49,Low,Premium,26.99,0,1,Stable,5.6702920257950105,Series,0.8552135393874569,0,1.127396579090918,8.990147753761542,2.8292304324842994,22.705846603207,0
U2423,32,Low,Ads,8.99,0,1,Stable,4.858339479570491,Movies,0.19170737143246355,0,1.6112946154680337,6.403085923819907,1.2768403182949501,6.067035154040116,0
U2424,34,Mid,Standard,19.99,1,1,Stable,8.218285848421155,Series,0.6541415190891441,0,1.3078983464127931,6.130163021262693,1.0,18.68689835833043,0
U2425,18,Low,Ads,8.99,0,1,Stable,6.324391762075491,Movies,0.3412504107955746,0,1.2169474029213847,5.272764088880466,3.0746353492674157,40.55576729869043,0
U2426,41,Mid,Standard,19.99,0,0,Declining,6.238037960294746,Movies,0.17171662746079613,0,1.2679320089661184,5.700924202613383,3.0410287424321054,16.21566452199663,0
U2427,41,Mid,Ads,8.99,0,1,Increasing,5.665118008556558,Series,0.6556093944568607,1,2.0849327766500814,4.82852351841132,2.9560638784929623,19.543418264406917,0
U2428,34,High,Premium,26.99,0,0,Stable,5.669515684500714,Series,0.7483676503186024,0,1.0707287888781063,8.766698018336067,3.8853472662184694,20.23692893911017,1
U2429,48,Low,Standard,19.99,1,1,Stable,6.557633944306468,Series,0.4138343581122047,1,1.6392313286698332,7.0879463398726745,2.657669800587091,7.802747611276747,1
U2430,30,High,Standard,19.99,1,0,Declining,4.744265926367579,Series,0.69202403742317,1,2.5900096680391447,4.805183600451587,2.2938210632308538,8.29229606360621,1
U2431,41,Mid,Ads,8.99,1,0,Declining,6.50873745186442,Series,0.15419436252003726,1,3.048522287589392,5.620790064469391,2.9644639931071324,8.279968710698224,1
U2432,22,Low,Standard,19.99,0,1,Stable,6.138981420815283,Series,0.3901689317879532,1,1.9997124154355468,10.0,3.4347832320992455,14.42072918166659,1
U2433,34,Mid,Standard,19.99,1,0,Stable,8.493484485621751,Series,0.5085308554244088,1,3.4196597745399613,6.044307071498553,2.8874234349630625,23.306427229131756,0
U2434,32,Low,Ads,8.99,1,1,Declining,5.749888017119389,Series,0.6714674473932233,1,2.5259467863374407,8.405902560115592,2.231439535689866,20.039231896457338,1
U2435,37,Low,Standard,19.99,0,1,Increasing,8.679442169751153,Movies,0.5238629499268109,1,2.4549047465996034,4.346882885365037,3.168275954484349,24.08854536782217,0
U2436,30,Low,Premium,26.99,1,1,Declining,3.0974024070069603,Movies,0.3665645782327675,0,1.6275090909306835,6.44719371179438,2.296155141670158,43.92492913302969,1
U2437,33,Mid,Standard,19.99,1,0,Declining,6.5137505309266395,Series,0.7133191468979994,1,2.885064746016662,4.251000388566709,1.7120774603517177,49.138298530593744,1
U2438,44,Mid,Premium,26.99,0,0,Declining,3.1473250653726987,Series,0.567883619346115,1,2.027255644779817,4.42937897020682,2.32146976681833,19.12607026687362,0
U2439,29,High,Premium,26.99,0,0,Declining,4.957439239685442,Movies,0.43094962858165964,1,2.6328940987690057,7.087484102589084,1.8809062541579702,29.078267602797943,0
U2440,18,Low,Premium,26.99,1,1,Increasing,8.838178671191761,Movies,0.42038181332574165,0,1.8233173412163892,3.70881379742581,2.114151856709099,25.909259162763533,0
U2441,55,High,Standard,19.99,0,0,Stable,6.585809714765435,Movies,0.24819587487314881,0,1.110311381511387,3.1159248906623636,1.3539052835750032,30.923288548659144,0
U2442,51,Low,Standard,19.99,1,1,Declining,4.2213605540293715,Series,0.5289240246905456,0,1.3023694158279633,6.8704546038857846,3.1990157800026524,30.500308811860776,0
U2443,19,Mid,Standard,19.99,1,1,Increasing,6.533769915114986,Movies,0.4700254344702437,1,1.8396453047821266,4.523623797343623,2.4138226239051273,11.661459112750597,0
U2444,43,Low,Standard,19.99,1,1,Increasing,4.1491906878897655,Series,0.9624175617282802,0,1.0534758796781036,4.939998937960222,2.910527318483847,41.775900559514426,1
U2445,28,Low,Premium,26.99,0,0,Stable,9.807609465680704,Series,0.841363716261864,1,2.0901854526516868,1.8977690723333103,2.682285192684982,36.373178849580164,0
U2446,38,High,Ads,8.99,0,0,Increasing,7.524829607228252,Series,0.37417678877651994,1,1.7574819155608548,2.9614057383157397,1.2978416679884606,29.59891702874923,0
U2447,38,Low,Standard,19.99,0,0,Stable,6.7437758097650615,Movies,0.12488365215481784,1,2.26223154840864,5.941356707419164,3.5231784267979993,26.22799065111832,0
U2448,32,Mid,Ads,8.99,1,0,Stable,6.7315452321321185,Series,0.4928737302463473,0,1.465414482583339,5.032845552189893,1.974816832244828,22.78080115033315,0
U2449,25,Mid,Ads,8.99,1,1,Stable,9.191208674457496,Series,0.6197842675755189,0,1.5139751285525178,7.318351114311755,1.8388655395329367,20.462790724249093,1
U2450,26,Mid,Ads,8.99,1,0,Declining,8.86638844303528,Movies,0.35965125139486387,0,0.895764355999294,3.7005568765532812,2.4144846180572137,27.451815443920122,1
U2451,24,Mid,Standard,19.99,0,0,Stable,7.319694839177373,Movies,0.5980560553856697,1,1.9362068391864828,5.1678763765910825,2.43402757190145,21.04504265383117,0
U2452,25,Mid,Ads,8.99,1,1,Increasing,8.528991994629248,Series,0.859022661169355,0,1.7254585673068599,5.5929702901630245,4.800673739220817,22.53570820958986,0
U2453,34,Low,Standard,19.99,1,1,Stable,4.753085985681175,Series,0.6011331168831019,1,1.9347637197400016,5.091743208291732,2.796490342641752,18.28314731803304,0
U2454,26,Mid,Standard,19.99,0,0,Increasing,4.669234651761705,Movies,0.30446068472782517,0,1.7120956795193598,6.695016607149595,1.7144392016942294,16.397960220968177,1
U2455,43,High,Ads,8.99,0,0,Stable,3.452050140711798,Movies,0.4533492864575199,1,1.8605213680397887,3.328447663991477,4.098057258756517,40.9888279637179,0
U2456,52,Low,Ads,8.99,1,1,Stable,5.408310080953064,Series,0.8126402640103021,1,2.526197615074126,6.524592298631923,1.0,20.527918200348715,1
U2457,28,Low,Standard,19.99,1,1,Stable,2.8182904053737703,Series,0.7104873619955097,1,2.75141100523865,7.778212653487152,1.7179918146222077,14.583871001378238,1
U2458,37,Mid,Standard,19.99,1,0,Stable,9.157659907480223,Series,0.5136908393218582,1,0.710188229337464,3.8533333106081287,1.6443285157951326,21.490148911551607,0
U2459,40,Mid,Premium,26.99,0,0,Stable,7.846192487986849,Movies,0.2275492276585354,1,2.8210801791973674,6.301338022708381,2.1957189014330267,5.007012422859994,0
U2460,40,Mid,Premium,26.99,0,1,Declining,4.49671897063044,Movies,0.12787925630685507,1,3.08244268375877,6.214755028945692,2.546197378732774,30.797091099295123,0
U2461,35,Low,Premium,26.99,1,1,Declining,7.21876796152158,Series,0.6386973695190505,0,1.1455427713536817,6.67757378443045,2.635670067198647,19.65556345246304,1
U2462,43,Mid,Standard,19.99,1,1,Increasing,5.7865317677901755,Series,0.7246240196639374,0,1.4728691972417134,5.502982280801254,2.6171889727769946,15.579427815219331,0
U2463,40,Low,Premium,26.99,1,0,Declining,3.360037889270891,Series,0.7469690386258914,1,1.7965265553164071,8.336584678179896,2.8299042583161804,14.350076048070513,1
U2464,20,Mid,Premium,26.99,1,0,Stable,3.1324134393965104,Series,0.8303520739509797,0,1.4817402680852814,9.720574971676378,2.139789610392267,0.5657326909950626,1
U2465,45,Mid,Premium,26.99,0,0,Stable,8.548707390040423,Movies,0.6460619201323865,0,2.530524890307059,6.75016866881956,3.489585711171827,41.415053210550724,1
U2466,45,Low,Ads,8.99,1,1,Stable,5.379317427381452,Series,0.32500687046453275,0,0.5,6.127824321724788,1.0,21.896449835109724,1
U2467,25,Mid,Premium,26.99,0,0,Stable,7.031391226551648,Movies,0.4309524866862655,0,1.0496442365955554,5.527558456233795,1.0,41.24425575953972,0
U2468,35,High,Standard,19.99,0,0,Stable,9.005152801149356,Series,0.6878518978761351,1,2.7780526193106887,2.872922152629157,2.9407425137707457,16.499009104433387,0
U2469,43,Mid,Standard,19.99,0,0,Increasing,13.112552266498263,Series,0.5852107183163995,1,3.056949976493011,2.6451726475308477,1.8687919196852247,25.075972873840836,1
U2470,32,High,Ads,8.99,1,0,Stable,6.941707297018859,Series,0.43433108601114445,1,1.4705465786731384,3.192069203914879,3.917332651165223,28.42953536744733,0
U2471,47,Mid,Standard,19.99,1,1,Stable,7.768474872542713,Series,0.888925966947354,0,0.9809046337167795,6.031478451937133,3.2426478089675728,25.488739565526235,1
U2472,63,Mid,Ads,8.99,0,0,Increasing,6.288449261869018,Movies,0.232279897790513,0,1.009841055780873,5.114540290353169,2.788814104763504,14.191923051950743,0
U2473,25,Low,Ads,8.99,0,1,Increasing,14.050120029022601,Movies,0.0,0,0.9735021009281386,8.55423300996123,1.7132496876089398,0.0,1
U2474,18,Low,Ads,8.99,1,1,Increasing,8.501548319101902,Series,0.6040144570220468,0,1.2419127052783412,1.0,2.8758375825206857,46.69054068938695,0
U2475,38,Low,Premium,26.99,1,1,Stable,7.16056990373624,Series,0.5524272666228481,1,1.4427854219886926,5.581454664426406,1.8035913606436926,10.834589131260277,0
U2476,43,Mid,Ads,8.99,1,1,Declining,4.186293855473548,Series,0.9715394545626939,0,1.1727373010050557,6.366778977288087,2.259639284155153,50.04664113710895,1
U2477,32,High,Ads,8.99,0,0,Declining,7.398497996827513,Series,0.69793879083875,0,0.8319255515688109,7.2953673525801594,1.8737079082760693,12.357696545239424,1
U2478,52,Low,Ads,8.99,0,0,Increasing,9.598781769249568,Series,0.5389474506337535,1,2.25868705915624,5.7866467899222656,2.4591470957751547,36.14318105040206,0
U2479,18,Mid,Standard,19.99,0,0,Increasing,11.282803732240872,Movies,0.31062898192138516,0,0.9474350114985548,6.229590537016706,1.9491038481946803,26.619668562868434,1
U2480,43,Mid,Ads,8.99,0,1,Stable,7.707916279957764,Movies,0.30831929843244976,0,1.215481641637055,5.8520637841002365,3.2006847887374428,27.168609379549274,1
U2481,27,Mid,Ads,8.99,0,0,Declining,4.55918123356799,Movies,0.7934266749126767,1,1.6781375806543601,6.379504576539013,2.6526907361038017,12.058874385194478,0
U2482,55,Mid,Standard,19.99,0,0,Stable,8.858937122599183,Series,0.7350967736275688,1,2.8716203685756394,5.461435980495538,1.6908148274301862,14.719187135611536,0
U2483,58,Mid,Standard,19.99,0,0,Stable,7.690632389150762,Series,0.31856796554519784,1,2.1046420329726145,9.7323570715085,1.7525857905201332,14.88952426322632,0
U2484,25,Low,Ads,8.99,0,0,Stable,5.078041878305532,Movies,0.30111201037980295,1,2.3082966518425527,6.65568905673487,1.0,21.297226399737724,0
U2485,28,Low,Ads,8.99,1,1,Stable,5.021577232381239,Series,0.5952735103998983,1,2.2125083425694823,5.894778943534953,1.0,16.983175232994704,0
U2486,45,High,Ads,8.99,0,0,Increasing,9.446480187094902,Movies,0.12848635930714625,0,1.303616109321701,4.02375102335093,3.132779612395406,13.119401043586082,1
U2487,30,Low,Premium,26.99,0,0,Declining,6.814915804775255,Movies,0.0,1,2.3013155433361856,4.81541467447229,1.8438438430661284,8.213681355565683,1
U2488,34,Low,Standard,19.99,1,0,Stable,10.278841097012807,Series,0.7191126763573689,0,1.7025691803146583,8.520240700031874,1.0,9.396143406487294,0
U2489,35,High,Standard,19.99,1,1,Stable,3.4455730848383945,Movies,0.1890734008524192,0,1.1569665503999191,1.0,2.644438519307237,24.404912048012,1
U2490,18,Low,Ads,8.99,1,0,Stable,7.051319698197442,Series,0.8497543237119963,1,1.8681238786053787,5.613597944853733,1.4785418017944654,9.57772248559043,1
U2491,34,Mid,Standard,19.99,1,0,Stable,7.979295324349993,Series,0.6016388865215668,0,1.3208576446938156,5.450154242956911,2.13069786775816,4.811468556795351,1
U2492,26,Low,Ads,8.99,1,0,Increasing,9.887007404984288,Movies,0.2551462359476529,0,0.9935478941468746,6.500169634469717,1.0,19.692121638680526,1
U2493,29,Mid,Ads,8.99,1,0,Declining,7.018654210067418,Series,0.11665326997088088,1,2.255051852930012,6.0304308264851105,2.8490814048478224,0.0,1
U2494,52,Low,Standard,19.99,1,0,Declining,6.311067952983004,Series,0.8444635699255864,0,0.7739863653866054,8.531622110549268,2.2880550727659323,17.923228968471687,1
U2495,19,Low,Standard,19.99,1,1,Stable,5.02899963283932,Series,0.6587053665290603,0,1.8248912361881278,5.696412291358114,2.6997349345642436,18.946053116017627,1
U2496,44,Mid,Ads,8.99,0,0,Stable,4.970416622618538,Movies,0.2603610562365275,0,0.9097336209085531,5.371783542246793,1.7723262751655762,24.7547697982207,1
U2497,31,Mid,Standard,19.99,0,0,Declining,5.624909712303449,Movies,0.17194172248395945,1,3.0196421857251905,7.4035815120390716,2.4471268212190003,22.093223439400475,0
U2498,31,Mid,Premium,26.99,1,1,Stable,8.98101084884505,Movies,0.669818241806251,0,1.2694371371998103,8.565662282852442,1.0,2.6650296216849902,1
U2499,44,High,Standard,19.99,0,0,Stable,7.286835105905391,Movies,0.13715605986542878,0,1.7280765943711542,6.8736938882692336,4.4745117760454995,15.765356375664874,0
U2500,39,Low,Standard,19.99,1,1,Declining,1.8441338608634434,Series,0.5262705083394695,1,1.839612820587604,7.5230875023409265,2.6147532103378643,25.83335458901093,0
U2501,41,Mid,Premium,26.99,0,0,Declining,2.9056571693674544,Movies,0.46394902041141256,0,0.5,5.0651915353871715,3.9074934932451724,23.016483869255158,0
U2502,46,Mid,Premium,26.99,0,0,Increasing,11.074547567595992,Series,0.8901533280046747,1,1.3107140729620932,5.750809612278269,1.9338957742211378,8.617554953433302,1
U2503,31,High,Standard,19.99,1,0,Stable,6.302709818165735,Series,0.5567360585924439,0,2.5514511676147444,8.47146414719928,1.1501333827433133,22.990841691173287,0
U2504,27,Low,Standard,19.99,0,1,Declining,5.235914606406576,Series,0.4530366051534915,1,1.9412358211927894,6.553422920516457,1.7084566243230161,28.978671021653277,0
U2505,21,Mid,Ads,8.99,1,0,Declining,7.130836078303515,Movies,0.3286521582889363,0,1.8480790314408282,5.015940248474369,2.156182324374813,6.284411565474601,1
U2506,25,High,Standard,19.99,1,1,Stable,4.595581904760089,Movies,0.5308941325914672,0,0.6511218565775923,5.5651011095747505,2.0834207165571383,0.0,0
U2507,70,Low,Ads,8.99,1,0,Declining,4.171514688196092,Movies,0.5758789770526405,1,2.407312834179751,7.5743025806091,4.061562287803281,39.288760636886224,0
U2508,49,High,Ads,8.99,0,1,Increasing,7.431381559878169,Movies,0.07496817019092367,0,1.4742036089643245,7.7524540206482975,1.344271657558032,21.78401896893292,0
U2509,18,Low,Standard,19.99,1,1,Stable,7.710805073055734,Movies,0.3729880240754019,0,2.718206005550685,3.8157377167604523,1.5952278448833348,12.512498053305665,0
U2510,19,Mid,Ads,8.99,1,1,Stable,8.545776356543984,Series,0.31314691820772017,1,2.10928475673849,6.225182550093741,2.9130040105790194,12.101336460472528,1
U2511,40,High,Standard,19.99,1,1,Increasing,4.559197629303655,Movies,0.5268434341954544,0,0.9443659754543781,5.4843143148933775,1.0,19.76148645028527,0
U2512,41,Mid,Standard,19.99,1,0,Stable,6.988927281667461,Movies,0.43447678011663055,0,1.4754668046753234,5.3689283037925835,2.159494537651194,30.49222092625871,0
U2513,41,Mid,Standard,19.99,1,0,Declining,6.738658208092423,Movies,0.16576287380985408,0,0.8376187065152725,8.160615900861432,2.341720433324527,0.0,0
U2514,31,Low,Ads,8.99,1,1,Stable,3.290427097078329,Series,0.9068291140102328,0,1.5047884446571056,5.024923720212148,2.633349740091413,13.188665282115071,0
U2515,33,High,Ads,8.99,1,1,Stable,6.871215117120786,Series,0.6670026960014774,0,1.273255772697758,4.348845793449756,2.548873359453186,37.84760903945488,1
U2516,38,Mid,Standard,19.99,0,0,Stable,4.568431118433544,Series,0.6450384960933256,1,1.8477094073489995,3.8700173912629716,4.187737359410754,27.89542746984121,0
U2517,36,Low,Premium,26.99,0,1,Stable,5.716866192900934,Movies,0.3141777035308081,0,1.547191966910621,5.150906137588711,1.3152374722922737,26.87169264665711,0
U2518,18,Mid,Ads,8.99,0,1,Stable,1.989930821036956,Series,0.5983924131330687,1,2.364992821612453,4.029507462443689,1.5556471997734045,22.892358136546726,1
U2519,32,Mid,Ads,8.99,0,0,Declining,7.785468237510054,Movies,0.2737034997154424,1,2.756192263425956,3.7704364749218953,2.8094503307635725,21.725775318390042,1
U2520,24,Low,Premium,26.99,1,0,Stable,6.288341745192975,Movies,0.20175830075674925,0,2.126226686919746,3.720059748665811,2.426383765248824,12.381898754139062,1
U2521,37,Low,Ads,8.99,0,0,Stable,5.385616271928171,Series,0.8458261175210787,0,1.0491784605809389,3.838914591786401,2.551228071655527,11.301401789231692,1
U2522,70,Low,Premium,26.99,1,0,Stable,7.656534090914301,Series,0.5014514820668635,1,2.0530951737519083,3.978335221965319,1.0,27.673589370724386,1
U2523,39,Mid,Standard,19.99,0,0,Stable,4.915379534625501,Series,0.49471839245365556,1,1.4926115482452653,6.298105443317082,4.381078603127854,11.524709233352686,0
U2524,31,Mid,Standard,19.99,0,0,Stable,4.7255109422374115,Series,0.5741411819702235,1,2.612618164758463,1.5800349547857242,2.6515260882800096,21.405990981538345,0
U2525,46,Mid,Ads,8.99,0,0,Declining,8.020658339627454,Movies,0.6349028961709616,0,0.9776242262697699,4.096493504032953,1.0,19.820825895900743,0
U2526,40,High,Ads,8.99,0,0,Declining,8.617326056653598,Movies,0.5762331787394626,0,1.472763991583376,5.299740185283535,2.811305345089115,44.302650989810374,1
U2527,40,High,Ads,8.99,0,0,Declining,3.8158726554350357,Series,0.5210303260865026,1,2.999283932339976,7.797249240356278,1.096641770037044,16.074932443959735,1
U2528,42,Mid,Premium,26.99,0,0,Stable,9.134709419832358,Movies,0.5953570851117355,0,0.9578007828130839,5.0081459218468325,3.129130784853119,32.02155974702403,0
U2529,59,Low,Standard,19.99,1,0,Stable,7.712080887976173,Series,0.6216240340856678,0,1.0628585966495276,5.193353264234652,1.0,26.487661267966978,1
U2530,21,Mid,Standard,19.99,0,0,Stable,4.1723374165793015,Series,0.43131494639839296,0,1.8072563328599418,5.32410659204376,3.206052768818762,16.593085351052014,0
U2531,40,Mid,Standard,19.99,0,0,Stable,5.14373621230043,Series,0.5047741303993187,1,2.7244537000113658,1.8526246924445475,1.0,3.0721519708732856,1
U2532,23,Mid,Ads,8.99,1,1,Increasing,13.653299397590807,Series,0.8746507738567455,1,2.6608901475889177,6.818186201849863,1.225674491419491,17.36443730268423,1
U2533,41,Mid,Standard,19.99,0,0,Increasing,4.7196149015274695,Series,1.0,1,2.0651678804880484,6.734843140422749,2.3376754643330355,28.790837120966394,0
U2534,23,Mid,Standard,19.99,0,0,Increasing,15.842998014224577,Movies,0.4139633517506405,1,1.4383582215378148,7.128992318573346,1.5883424913259305,3.3021890372500273,0
U2535,29,High,Standard,19.99,0,0,Increasing,7.285913472264662,Movies,0.2366925676633962,0,0.9440830607826819,10.0,1.6455725936347982,28.028514018423607,1
U2536,31,Low,Ads,8.99,0,0,Stable,10.161629812586467,Series,0.5750165064652106,0,0.7952597425565078,2.9029567940255805,1.0,34.11464244505409,0
U2537,46,Mid,Standard,19.99,1,0,Stable,6.388872410714326,Series,0.4475111636122159,0,1.5907731570269072,2.5239466707886526,1.8702428282607215,19.152084838942788,1
U2538,46,Low,Premium,26.99,0,1,Declining,6.599807183002302,Movies,0.2266473242153501,0,1.4422607683102127,6.911734629197976,3.083847154658172,28.96436041708205,1
U2539,20,High,Standard,19.99,1,0,Stable,9.790066280241378,Series,0.45699044044063614,0,1.0006915375771177,4.825021797628616,4.078371041948619,19.683053795111157,0
U2540,35,Low,Ads,8.99,1,1,Stable,9.779907635362019,Series,0.5841312505002686,0,1.08606223590224,3.528743492926119,3.0275593086025934,24.856577291118327,0
U2541,26,Low,Standard,19.99,0,1,Stable,5.831268938414059,Series,0.6241362072915854,0,1.5378248294544024,4.934875064358062,2.8847956370583456,35.92296342906204,0
U2542,19,Low,Ads,8.99,1,0,Stable,5.285223800201748,Movies,0.3203677718636421,1,2.108401319896494,4.263312749816558,1.0,0.0,1
U2543,32,Mid,Standard,19.99,0,0,Stable,6.83757598049773,Series,0.5557354130956859,1,1.9513119748537355,8.949554135594333,2.1712480850450864,8.817373286354199,0
U2544,31,Low,Premium,26.99,0,0,Stable,4.399040757932044,Movies,0.5020983247011387,1,3.487154677396502,10.0,1.5483833648186858,33.00817725508024,0
U2545,64,Mid,Standard,19.99,0,0,Stable,7.478528351221117,Series,0.5541582150149107,0,1.0251879026672681,2.2288774173130683,1.0,35.22144709564671,0
U2546,40,Mid,Standard,19.99,0,0,Stable,5.35840669544497,Movies,0.31699683787325306,1,2.701183807591742,2.546902373466726,1.0,1.1048887515783932,0
U2547,18,Low,Standard,19.99,1,1,Increasing,12.248129320628747,Series,0.5646879457947788,0,1.496287838444197,3.981263990736186,2.8679803593175244,36.74764317368858,0
U2548,28,Low,Ads,8.99,0,0,Increasing,7.289662751345585,Series,0.9086575465902538,1,1.3860464410968971,4.120943916641976,1.642658938532239,0.0,1
U2549,47,High,Ads,8.99,1,1,Stable,3.5154820610399593,Movies,0.25175707503485056,0,0.9605030582652478,3.949479106603162,1.0,25.50707422434094,0
U2550,60,Mid,Premium,26.99,1,0,Declining,7.801829552338592,Series,0.7192592213883069,0,1.7095608533723503,5.111531640912973,1.563700089226335,20.625531424020043,1
U2551,18,Mid,Standard,19.99,0,0,Increasing,9.550104009995591,Series,0.4503244612125078,1,2.2211103284469838,4.606330398556119,2.4894662423003964,9.2026482932838,0
U2552,18,Mid,Ads,8.99,1,1,Declining,5.0582697808401464,Series,0.6699889662850526,1,1.421036252583788,2.792774814209364,1.5257487610515703,9.941446516311089,0
U2553,57,Low,Ads,8.99,1,0,Increasing,12.283184354838628,Movies,0.45924663835766744,0,1.497244097727879,3.446383518272038,1.0,10.38379550588904,1
U2554,39,Low,Standard,19.99,0,1,Declining,6.743153004596314,Movies,0.5668518573605478,0,1.0088476774132729,8.592677664419128,1.2797948584590007,15.550170951555797,1
U2555,24,Low,Standard,19.99,0,0,Stable,5.476292911979149,Series,0.523146366141487,1,2.561535305287029,4.785103506530634,3.084460277788568,41.832424495099545,1
U2556,41,High,Premium,26.99,0,0,Stable,6.100436787947679,Movies,0.12720748703496368,0,2.6438873287527143,4.682738216748022,1.0,27.877243649686505,1
U2557,18,High,Ads,8.99,0,0,Stable,4.774089499881324,Series,0.443202935347885,1,2.5294634419838347,2.4591257083450535,1.9319724903319022,35.212849560830826,1
U2558,35,Mid,Premium,26.99,0,0,Stable,4.071095889750369,Movies,0.5429083146273342,1,2.6673038097603436,4.573566545391668,2.0848498670302575,14.135074141383251,0
U2559,38,Low,Standard,19.99,0,1,Stable,8.15718506983078,Movies,0.7663503224973345,0,1.1730027354731014,7.421804859135165,1.4441133947072824,20.763107088685956,1
U2560,46,Low,Standard,19.99,1,1,Stable,7.784368620083363,Movies,0.5168906824025438,0,0.7402061711562266,6.691102956938812,1.2418614711778662,5.140864354597932,1
U2561,22,Low,Standard,19.99,1,0,Declining,6.521658423045033,Movies,0.09757211404232963,0,1.8119624599295463,7.122198595947113,3.1834290602012203,14.658663350895575,1
U2562,36,Mid,Ads,8.99,0,0,Stable,9.563210882991886,Series,0.7601305762225675,0,0.997080357011858,3.09280584784734,3.1800116147520896,11.370005075225599,1
U2563,23,Low,Premium,26.99,0,1,Declining,6.548949589851345,Series,0.4112417817956917,0,1.1854091495275558,3.0607646331923046,2.3053192021243185,23.863670690018484,1
U2564,38,High,Ads,8.99,0,1,Stable,8.726918952610516,Series,0.5301714765737521,1,3.3760853213843545,7.766871444348107,1.6566293616216732,9.517747322730095,0
U2565,24,Mid,Ads,8.99,0,0,Declining,0.8440774836557257,Movies,0.3874462153730588,0,1.1311461206509925,7.152548279735535,2.3126221085461736,7.957620816390531,0
U2566,30,High,Premium,26.99,0,1,Stable,6.386029516150012,Series,0.6710737710941929,0,1.9076640659039383,4.983074476368706,2.604383662357967,22.756211030941788,0
U2567,23,Mid,Standard,19.99,1,1,Stable,8.929152989339974,Series,0.6130884189342433,0,1.4937390589627175,7.206080536898154,2.088130446999166,17.35779639753815,0
U2568,42,Mid,Premium,26.99,0,0,Stable,4.663582527589567,Series,0.47977757059008236,0,1.0234544803067358,3.0940072554924223,2.6313533369795894,9.593591297158909,0
U2569,45,Mid,Standard,19.99,0,0,Stable,7.183342765675527,Series,0.8119916529348669,1,2.5048443880558344,3.01106378440507,1.8463755341970134,7.840270426546192,1
U2570,32,Mid,Standard,19.99,0,0,Stable,8.038928881227012,Movies,0.24448671902054797,1,1.8701471903935343,2.265077694970553,1.0,9.589562693904206,0
U2571,35,Mid,Premium,26.99,1,1,Increasing,10.32856048151546,Movies,0.6009025490723978,0,1.7523625546203734,6.22294086600729,2.0065801368310767,27.775374322784355,0
U2572,18,Mid,Ads,8.99,1,1,Increasing,10.1063889238749,Series,0.3281240218420666,1,3.0482562970034373,5.933435748876134,2.884935768319318,23.010337708351205,1
U2573,31,Mid,Premium,26.99,0,0,Stable,8.19782543809115,Series,0.6431060683888845,1,2.3294042773512897,4.455166959638087,2.2306588839184025,8.937874497882845,0
U2574,34,High,Ads,8.99,0,0,Stable,7.361487789856438,Movies,0.10476980735369357,0,1.9712382133846318,3.9392147807769775,2.5436687100228,9.41531014874446,0
U2575,66,Mid,Premium,26.99,0,1,Stable,4.074143585217973,Movies,0.1831834736014726,0,1.3800368736770456,10.0,1.928669058664753,4.2320003755555735,1
U2576,21,Mid,Ads,8.99,0,1,Declining,6.013911070806987,Series,0.4973975582133164,0,1.7572565490170509,4.981738012823225,2.0070142234491835,13.280900812267358,1
U2577,52,High,Standard,19.99,1,1,Stable,7.569493121107488,Series,0.9041210909461949,0,2.7755982989723016,8.276134029067952,2.370839734242745,19.475451032987895,1
U2578,46,Low,Premium,26.99,1,1,Increasing,4.65075464743364,Series,0.8616049332204654,0,2.5375578728992805,5.207303131101038,4.143556706664249,7.452703907842876,1
U2579,38,Low,Standard,19.99,1,1,Stable,9.759470422173141,Series,0.7748497525114393,1,2.1904687023983,4.498574584422669,3.0422820033876636,44.24776272104188,1
U2580,56,Mid,Standard,19.99,0,0,Stable,8.06767539949608,Movies,0.3566571500433731,1,2.476103011665182,8.33331901961278,2.9099748690550324,25.485389220563974,1
U2581,39,Mid,Premium,26.99,0,0,Declining,2.239303358045083,Movies,0.3876117898742686,0,0.7730220106302227,7.079928240831993,2.404805811851151,17.613893481575925,1
U2582,39,High,Standard,19.99,1,1,Declining,3.365549672055699,Series,0.8532958323662712,0,1.6993228043937076,5.4517819540047,1.0,19.020871499795508,1
U2583,34,Mid,Premium,26.99,0,0,Declining,3.8718959165076408,Series,0.7402610572413597,0,1.494608378484387,7.767428223505224,3.425644555949791,1.3031450693993314,1
U2584,49,Mid,Standard,19.99,1,0,Stable,5.870473122398703,Movies,0.3536016846741513,0,0.9129905736125591,10.0,3.107255561779287,3.611666899543968,1
U2585,48,Mid,Ads,8.99,0,0,Stable,7.586100377636884,Movies,0.6473343160032561,0,1.893424245796567,4.035293266955689,2.565925244693387,33.87470537303801,1
U2586,27,Low,Ads,8.99,0,1,Stable,5.047296497883476,Series,0.7629059072327029,1,2.140634234235875,6.443473293490502,2.1561533028349262,37.6211859518899,0
U2587,19,Mid,Ads,8.99,1,1,Stable,9.25627349424387,Movies,0.3984839731678036,1,1.987455205840462,4.681579672516505,2.745915988122523,0.0,1
U2588,32,High,Ads,8.99,0,1,Stable,9.091606902735982,Series,0.5082046439503037,0,1.4997481552838372,3.6309179584633955,1.968897719064785,23.644609945117896,1
U2589,25,Low,Standard,19.99,0,1,Stable,8.238634619199178,Series,0.4901515493413974,0,1.0674636482369952,3.5754664277677337,2.9279454954522603,34.579662032551035,1
U2590,34,Mid,Ads,8.99,0,0,Stable,7.088483550787702,Series,0.5327649289599441,1,2.2809922838227257,8.684666292037196,1.3620987391250277,13.899094799302743,0
U2591,49,Mid,Ads,8.99,1,1,Stable,8.874895030303074,Series,0.691398177152397,1,3.3477504276391623,1.8504787853873093,1.0,36.23212236838587,1
U2592,29,Low,Ads,8.99,0,1,Stable,6.448104554391982,Movies,0.5171565631865613,1,1.9311891465696691,6.515718716933591,1.0,27.208170834724,1
U2593,34,Low,Premium,26.99,0,1,Increasing,6.826533415850372,Series,0.3111416308897927,1,2.7052456896024917,3.8495138447595316,2.3410220657003507,23.410922393659476,1
U2594,35,High,Standard,19.99,1,0,Declining,7.380219291239482,Movies,0.0,0,1.0082504189851607,9.044989903135987,1.8982610943170537,15.064103631558321,0
U2595,45,Mid,Standard,19.99,0,0,Declining,5.635085514038019,Series,0.4097020386815735,0,0.8134042465175438,4.9538467021313455,2.0522584818461382,19.105319072185985,0
U2596,18,Low,Premium,26.99,1,1,Stable,5.631884718837217,Series,0.5184646773249307,0,1.2592254438892017,4.771984653435468,1.0,12.631032035927383,0
U2597,27,Low,Ads,8.99,0,1,Stable,6.164515265916842,Movies,0.5891894401312388,0,2.642213391247868,8.639018608988474,2.501936015997626,21.55748595811278,1
U2598,37,Mid,Premium,26.99,1,0,Declining,3.5271440324694643,Movies,0.2939163664033624,0,1.6908128635899367,7.253600164624428,1.1633971984222835,21.033647205345098,1
U2599,49,Mid,Standard,19.99,0,0,Stable,11.044349717657209,Movies,0.40095466979437844,1,2.577231580939608,6.608453968725341,2.6965760208922314,12.788548294742046,1
U2600,29,Mid,Ads,8.99,1,1,Stable,7.008196874901049,Series,0.6835809023975342,1,1.9852687902289103,7.111623911011568,1.0,0.0,1
U2601,18,Low,Standard,19.99,1,1,Stable,7.315542622507337,Movies,0.14528582796579603,0,1.1077085247798684,3.333452822468514,1.3612640577461637,15.660142843676102,1
U2602,42,High,Standard,19.99,1,1,Stable,8.442438095723881,Series,0.8919777663756541,1,1.409913664094356,6.983426411076273,1.2268343224514417,5.785520921768089,1
U2603,27,Mid,Standard,19.99,0,0,Stable,4.569278034785988,Series,0.46703882280401604,0,2.1975179918933136,5.101891571649964,2.773797204965002,4.5495327830079475,0
U2604,20,Low,Premium,26.99,0,1,Declining,7.193094532572447,Series,0.9119582911932561,0,1.4344554356002854,6.221849398324519,1.738114951565792,9.720022288878113,1
U2605,27,Mid,Ads,8.99,1,0,Declining,3.7843077384242942,Series,0.5747647997072569,0,1.390974594841568,6.469105852522583,2.6246939236436546,27.92258853488203,0
U2606,32,Mid,Ads,8.99,0,1,Declining,8.660032572230298,Movies,0.28249934047737874,0,1.4019237665618962,3.2789818335853855,3.3404234521147425,4.6664251799561125,1
U2607,27,High,Ads,8.99,0,0,Stable,6.374682539970814,Series,0.3778421632687397,1,3.554089679097814,6.687645191681657,3.980014409972754,7.351053406387159,1
U2608,18,High,Ads,8.99,1,1,Stable,9.075280029526372,Movies,0.3894570582397161,0,1.4497502547180554,5.127285420057247,2.431159007139731,26.48128558322076,1
U2609,45,Low,Ads,8.99,0,1,Stable,2.006403765761826,Movies,0.8008764788071878,0,1.2037335789773524,3.0201571080462606,1.0980544656853772,8.812239718172922,1
U2610,50,High,Premium,26.99,1,0,Stable,4.64973384782806,Movies,0.4327176580804005,0,2.1995557697460066,5.206868386941917,3.4512286431962584,4.47359994627649,1
U2611,42,Mid,Ads,8.99,0,0,Stable,6.412785682004747,Series,0.6540873743897809,0,1.2351724448249946,5.540050228230349,3.7113554385111223,27.706037154643557,0
U2612,21,High,Standard,19.99,1,0,Stable,2.938434003750218,Movies,0.2166792748421683,0,0.5,6.687263782535924,2.140157088231842,16.44641374611927,1
U2613,32,Low,Standard,19.99,0,0,Declining,6.2017688976828085,Series,0.718396749722356,1,1.3837961276555526,1.0,3.5186376264809804,18.784079132565765,1
U2614,34,Mid,Premium,26.99,0,1,Increasing,9.938874376308746,Movies,0.3815235614245898,0,1.2041450956858288,6.2762724597533195,2.5332984877926816,15.31358650834605,1
U2615,42,Low,Premium,26.99,1,0,Stable,5.018344700280245,Series,0.5874331050517054,1,2.47498322482986,4.476279886329214,1.0,23.07970332774722,1
U2616,43,High,Standard,19.99,0,0,Stable,6.968082740271003,Series,0.698958956865702,1,2.7931673263474392,7.119746892820983,1.5689982695608684,26.2256755378085,0
U2617,26,Low,Premium,26.99,1,1,Stable,8.61295445984625,Series,0.23683080423602143,1,1.749018661418508,5.496267707431532,1.694834644199183,16.524161107043103,1
U2618,35,Mid,Standard,19.99,1,1,Stable,2.7939009662600522,Series,0.5798951015209644,0,1.187370658923202,4.833236991290102,1.836317459932556,0.022243047101213165,1
U2619,40,Low,Premium,26.99,0,1,Stable,4.453021967530686,Series,0.3605944309762591,0,0.8951749749025094,5.144999207447478,1.2665426263077877,21.569776554404044,1
U2620,52,Low,Standard,19.99,1,1,Declining,4.329823401553312,Movies,0.35577969966398865,0,1.8568570287493138,6.166819484382222,1.2353114484789705,13.919925037158233,0
U2621,43,Mid,Ads,8.99,0,0,Increasing,9.071170879897426,Series,0.455160124873329,1,3.0694517616099875,7.315818815342707,3.5459339760337425,28.2874173244615,0
U2622,44,High,Standard,19.99,1,1,Stable,6.882777156796913,Series,0.4688320298877592,1,3.4749572713691173,3.717777404649882,1.0,7.252669546491212,0
U2623,36,Mid,Standard,19.99,0,0,Declining,6.778589570871421,Movies,0.08331174344285985,0,1.4757675071362162,4.812680281135394,1.4759724391796316,14.227264135910108,1
U2624,51,High,Standard,19.99,1,1,Declining,5.954422491310794,Movies,0.5731329942493641,0,2.232647996315201,8.43869210163735,2.8210490247883846,0.21759779060228013,0
U2625,39,Low,Ads,8.99,1,0,Stable,8.393269681142119,Movies,0.21445070034642424,1,1.884258489140861,4.777776613426065,1.6425171497288733,27.39786648489811,0
U2626,24,Mid,Standard,19.99,0,0,Stable,4.22024853439127,Series,0.4751522752732491,1,2.4295650948402416,6.234499461630535,2.6003385595265325,32.7041975051206,0
U2627,51,Mid,Premium,26.99,1,1,Stable,7.289647709598761,Movies,0.6561230142344836,0,0.7695904277320572,3.031616124627461,1.7986150062860549,12.144026930584218,0
U2628,43,Low,Ads,8.99,0,1,Increasing,8.078572472286169,Movies,0.4635914865533167,0,1.586667037373138,2.070985417673061,2.6374354270262295,15.67101823635738,0
U2629,29,Mid,Standard,19.99,0,1,Stable,9.924143763337534,Movies,0.0,0,1.44237180262275,3.4195902699040746,1.1620459340872917,8.28385025719831,0
U2630,29,Mid,Standard,19.99,0,0,Stable,7.3487912747558,Series,0.877072034344363,1,0.827691934381342,4.120215887964643,1.0,9.44094843990266,0
U2631,38,Mid,Premium,26.99,0,0,Stable,5.661892130567942,Series,0.9295781283398605,1,2.9657642341308685,7.579822328095165,1.7989077994986784,26.322728485588527,0
U2632,40,Mid,Premium,26.99,0,0,Increasing,11.55750382786512,Series,0.9108752176512696,1,2.8132100147645485,7.7990525253747425,1.0,11.950180401573338,1
U2633,37,Mid,Standard,19.99,0,0,Stable,8.126595591729295,Movies,0.48363784860222614,1,1.9666150020890472,1.6493593862090976,2.1331327965995257,23.70179925440121,0
U2634,38,Low,Standard,19.99,0,1,Increasing,6.535194982078561,Series,0.37965804801379754,0,1.440608928908179,4.417509721416277,1.0632975870901331,17.817239515864504,1
U2635,55,Low,Ads,8.99,0,0,Declining,4.30302059446165,Series,0.5901548985303616,0,0.553129129461804,6.8955787940809685,1.075300149833669,27.00674783030867,1
U2636,47,Mid,Standard,19.99,0,0,Stable,6.3371070807832774,Series,0.310310939523392,1,1.8378676966141017,5.289293751137551,3.6720312558077746,13.291219624016804,0
U2637,37,Low,Standard,19.99,1,1,Stable,9.454922184559074,Series,0.42679678889958594,1,3.3014476581348076,8.509116931634853,2.473718174697731,31.02371497418999,0
U2638,46,Low,Premium,26.99,1,0,Increasing,9.609725621635326,Series,0.37782265520745467,0,0.7228267573991752,6.847001884262604,1.0,40.50540812167174,0
U2639,22,Mid,Standard,19.99,0,0,Declining,6.453564957120344,Series,0.47459390896209613,1,2.3057277905390317,4.96462979142237,2.1516926796031948,0.0,0
U2640,39,Mid,Ads,8.99,1,0,Declining,4.0134565577398345,Series,0.6327907780422926,1,1.4621833990544593,5.142661257741845,2.057048285062426,16.893968036269563,1
U2641,56,Low,Standard,19.99,1,1,Declining,5.669600582278882,Series,0.5110176101668973,0,1.46897261006077,5.386420334790307,1.0,16.886614354764028,1
U2642,32,Mid,Ads,8.99,1,0,Stable,9.606721805859316,Movies,0.2524276489420043,0,1.5813725526531286,3.8080852064781183,2.547651761697507,9.411444636044447,1
U2643,24,Mid,Ads,8.99,0,0,Stable,6.277846469498705,Movies,0.2918211110553063,0,1.6620651082302396,7.378428271298997,3.152822118137861,22.89009304976426,1
U2644,27,Low,Ads,8.99,0,0,Increasing,9.345464411513328,Series,0.8998945359103763,1,2.580790402173619,6.9848576354831025,1.7771525490133402,31.447166777027817,1
U2645,21,Mid,Ads,8.99,1,1,Stable,4.2733874875247855,Series,1.0,0,2.013417770115316,6.4085415353048605,1.907937128217902,0.0,0
U2646,25,Mid,Premium,26.99,1,1,Declining,3.468883820179945,Movies,0.259860764036162,1,1.9675830377275165,5.9851493787139916,1.6427980285871673,0.0,1
U2647,30,Mid,Ads,8.99,0,0,Declining,4.331114216004353,Series,0.6672148404993914,0,0.7708627511207199,3.463604441933974,2.585454122142824,37.88914270894909,1
U2648,18,Mid,Ads,8.99,0,0,Declining,2.878321382096558,Movies,0.1817444074886707,0,1.0064136394217327,6.5083863982834975,1.9505373547133704,15.124762949417342,0
U2649,35,Low,Premium,26.99,1,1,Stable,9.643947355043693,Movies,0.5035302609713015,1,1.4922615101825683,5.758204945329503,1.990374753378418,19.073485768707666,1
U2650,45,Mid,Standard,19.99,1,1,Increasing,6.485978939275461,Movies,0.2547099876144514,1,2.3472678153165907,9.504538189948825,1.390581452455446,5.178350935993432,1
U2651,24,Mid,Ads,8.99,1,1,Increasing,11.360395776351737,Series,0.45777902738204057,0,1.2301891763737511,2.9134178041707575,4.24133438956063,18.53198112457537,0
U2652,53,High,Ads,8.99,0,0,Stable,7.373672475062953,Series,1.0,1,2.5865224051979276,4.0534092242214035,1.9403886749952644,34.4265052744851,1
U2653,41,High,Ads,8.99,0,0,Declining,5.061703897020926,Series,0.32878615140167883,0,0.5,2.3267108857656686,2.9005855171508306,23.95709221258134,1
U2654,47,Mid,Ads,8.99,0,0,Declining,7.972327289930315,Series,0.1094345290624052,0,1.293493812670547,5.063960416465862,2.4654652749533517,20.312932388061537,1
U2655,27,Low,Ads,8.99,0,1,Stable,2.478799406144841,Series,0.7469660492298001,0,1.9072404326578996,2.018201264009014,1.0,0.0,1
U2656,45,Low,Standard,19.99,0,1,Increasing,8.411385309530685,Series,0.5264743178093717,0,1.5861147227223156,7.871003272337154,1.8293001966474418,26.91230933359839,1
U2657,21,Low,Ads,8.99,1,1,Declining,2.839239326869116,Movies,0.22080068414921555,1,1.162678474557926,7.684474617740335,1.0470248371026871,18.11504261731879,1
U2658,45,Mid,Standard,19.99,0,1,Declining,1.0771591817339248,Series,1.0,0,1.2941455217594273,5.1807360432187135,3.176735069883358,10.704041397699786,1
U2659,37,Low,Premium,26.99,1,1,Stable,4.610536532484617,Movies,0.4960453145165391,0,0.9336125197738254,3.472556423539262,1.0,25.710102072269535,0
U2660,41,Mid,Standard,19.99,0,1,Stable,7.034475070006142,Series,0.5882971804989048,1,2.3077171312445657,2.4517949028814803,2.694820165695273,7.825729597469081,0
U2661,20,Low,Premium,26.99,0,1,Declining,3.549305741587109,Series,0.4584136720544603,1,2.0716080966586636,4.092270770719186,3.1964923248561785,24.72927930013036,1
U2662,24,High,Standard,19.99,0,0,Increasing,11.689840769475445,Series,0.6891575697663374,1,3.343577845453625,6.750742744681661,2.4804073175725563,32.602630485987085,0
U2663,42,Low,Standard,19.99,0,1,Declining,4.572308304117339,Series,0.25342947416113004,0,1.3428565913610397,3.925894620020263,2.203776933707786,19.850573496817965,0
U2664,23,High,Standard,19.99,1,0,Increasing,8.025784935837171,Series,0.4967797122056397,1,2.4900552286962623,9.317152352013439,1.8040896532810264,12.912064867017014,0
U2665,40,High,Ads,8.99,0,0,Declining,4.359438098987814,Movies,0.34258020604044087,0,1.2779681955153526,8.481390879796301,2.076498380713307,11.134182342540276,0
U2666,18,Mid,Ads,8.99,0,0,Declining,4.803011187740922,Movies,0.3926983663393871,0,1.537225307975429,5.501647886808873,1.0,22.59222412485311,1
U2667,45,Mid,Standard,19.99,0,0,Stable,6.163042930114494,Series,0.5715137326411781,1,2.169868798493053,4.576263489596233,2.3778764943390938,12.81565728908834,0
U2668,20,Mid,Standard,19.99,0,1,Declining,3.2974926048716737,Movies,0.2113577512542207,1,2.764110687601557,4.361608200507097,3.2514878427722733,46.39787883408704,1
U2669,41,Mid,Standard,19.99,1,0,Stable,8.978369767952072,Series,0.7841324291323076,0,1.1040372585915486,8.696753521052019,1.3276103180470993,1.0186047763610375,1
U2670,42,Low,Premium,26.99,0,1,Stable,5.751809899222108,Movies,0.019669287160175464,1,3.1258720239964948,4.186609336885419,2.2183846616973337,16.442854396981197,1
U2671,26,Low,Standard,19.99,1,0,Stable,6.232946767307628,Series,0.5444152255969812,1,2.5978682579883206,7.3687379054667215,2.096537250343393,21.27085655326366,0
U2672,41,Mid,Standard,19.99,1,1,Stable,7.858810160180622,Series,0.4964138875358022,1,2.2084656302139405,5.543584426136608,2.5126443705574655,19.84220778140302,0
U2673,38,Mid,Standard,19.99,0,0,Stable,7.637482492314506,Movies,0.5523686200085332,1,2.805255098653153,6.927124427848352,1.663568957562123,11.270959284044967,1
U2674,28,Mid,Premium,26.99,0,0,Declining,3.213123875307901,Movies,0.258223381134127,0,1.5465150237745204,3.8592054168624714,1.0,32.787150510566235,1
U2675,22,Low,Premium,26.99,1,1,Increasing,11.26494583233224,Series,0.6875327113554621,0,1.7136575755974133,4.834162808956544,1.0797632904144505,26.002234807716096,0
U2676,18,Mid,Premium,26.99,1,0,Increasing,10.613011019515215,Series,0.6666093592318825,0,1.3428719393732882,5.451634960592676,1.0,26.877442956204227,0
U2677,39,Low,Ads,8.99,0,1,Declining,5.3559496683745085,Movies,0.0,0,1.179406116127336,4.237266764658863,2.9760584140344273,9.984891163461361,1
U2678,18,Low,Standard,19.99,0,1,Stable,6.137366298837017,Movies,0.33687052301807474,0,1.36763809123661,7.998448338748995,2.5976573514089716,13.167150773883584,1
U2679,36,Low,Ads,8.99,0,0,Stable,6.186538618957183,Series,0.25145283564504944,1,1.9997740348689308,3.97138374066792,2.185463991499354,23.858994234467865,1
U2680,31,Low,Ads,8.99,0,1,Declining,4.596405793996781,Movies,0.4202570436908464,1,2.887597186717363,4.345935716779606,1.5029357293557721,4.793935118302249,0
U2681,43,Low,Premium,26.99,0,1,Stable,4.536336117744469,Movies,0.20393569320456612,0,2.034593407217027,8.217400047255952,2.0379325727711755,25.98679202083909,1
U2682,31,High,Ads,8.99,0,0,Stable,6.921463102806087,Series,0.8373339153698794,1,2.6474225109515825,7.829854473591006,2.1714970820851667,16.78859405826948,0
U2683,31,Low,Premium,26.99,0,1,Declining,6.784204080893998,Series,0.5638463800244077,1,3.150894566099878,8.67595754465126,1.678732105114304,30.775147362225283,0
U2684,43,Mid,Ads,8.99,0,0,Declining,6.752742379668047,Series,0.44598873955915286,1,2.9761187276655585,1.6834536718449313,1.7168055338742152,12.868565228063893,0
U2685,39,Low,Premium,26.99,0,1,Stable,6.2382964574470945,Series,0.8399717732389833,0,1.165874126814078,5.9014454980837066,3.5094894261415908,39.77012868392717,0
U2686,38,High,Ads,8.99,1,1,Stable,9.128166545451073,Series,0.42562196705832933,1,2.801475500222455,5.680562649262211,1.0,22.926036638022296,0
U2687,40,Mid,Standard,19.99,0,1,Declining,8.81180910905889,Series,0.778939012269528,1,1.5302204633281153,4.3765342311082955,3.1928675514211804,24.245183878517945,1
U2688,18,Low,Ads,8.99,1,0,Stable,6.367584929474345,Movies,0.4435057348036266,0,1.3930343898340765,6.148918779714309,1.0,9.689144288497113,1
U2689,44,Mid,Standard,19.99,0,0,Stable,8.383029412864337,Movies,0.27691367548007906,0,0.7088228215105538,4.8571165392984,3.807777215905253,21.0400837143003,1
U2690,42,Mid,Ads,8.99,1,1,Declining,0.47438007461841547,Movies,0.08280443889727152,0,1.2451720478795152,5.82398453680569,1.0,11.409202415426236,1
U2691,22,Mid,Standard,19.99,0,1,Increasing,5.225559815454027,Movies,0.5983325083634685,0,0.5801526019239164,10.0,2.665388775482794,0.0,0
U2692,32,Low,Ads,8.99,1,1,Stable,7.18224205866704,Series,0.700092811471872,0,1.8471520263530252,6.134261528256915,1.54130337695628,15.652151058819243,0
U2693,34,High,Ads,8.99,0,0,Stable,4.986533874963223,Series,0.44561039584796613,1,2.0630695204017244,6.218263196205771,2.0329778250889623,31.953807841350663,0
U2694,33,Mid,Ads,8.99,0,1,Stable,11.078404089444897,Series,0.6489211369189181,1,2.8437935320195913,7.142438670031682,2.064785577084582,17.23055641659587,1
U2695,39,Low,Standard,19.99,1,0,Stable,8.195759374593106,Series,0.8012323797464972,1,2.254687622380942,5.861289061992635,2.8056179096040723,14.470262434362796,0
U2696,52,Mid,Premium,26.99,0,0,Declining,6.9316632937162606,Series,0.6224037588393774,1,1.193477151545892,3.3039346476798435,1.0,14.310992314006738,0
U2697,47,Mid,Premium,26.99,1,1,Stable,6.941947187678826,Series,0.6476797665306193,0,1.0579189412250367,2.2065765417134555,2.169206770114179,44.89899537460639,1
U2698,19,High,Ads,8.99,0,0,Stable,4.993583960272696,Movies,0.5564007487608056,1,1.981573005434778,5.441417874596183,2.385212538133567,25.301066114036914,0
U2699,42,Mid,Standard,19.99,0,0,Stable,5.962379435650239,Series,0.9074525548606353,1,2.2911335013755756,4.961777943253443,1.5386973161848514,0.0,0
U2700,50,Mid,Standard,19.99,0,0,Stable,7.50876095925272,Series,0.5760801650076398,1,3.2048211375903666,1.572795834436656,2.0889437600294514,11.48225258890392,0
U2701,39,Low,Ads,8.99,1,1,Stable,5.724169323181978,Movies,0.08251142693431807,0,2.1368083780007288,8.758785503245573,1.535872509699539,13.19019309839172,1
U2702,48,High,Standard,19.99,0,0,Declining,6.3423839834544,Movies,0.08948473728479078,0,1.184383921069457,5.714006086731023,2.7547728544993935,9.345515189663477,1
U2703,59,Mid,Standard,19.99,1,1,Stable,8.422829938409278,Movies,0.2118014374320217,1,1.5438327648493302,8.378872709328848,2.5639525137436436,18.772279793278805,1
U2704,47,Low,Ads,8.99,0,0,Stable,7.009962607879177,Series,0.4130216947162032,0,0.9279456171569744,1.0362754318156755,2.4169829773736016,11.113269657249825,0
U2705,37,Low,Ads,8.99,1,1,Stable,3.348729825966001,Movies,0.013506220779863076,0,1.539804584439027,8.416974111511452,2.862387790736803,11.846957064424997,1
U2706,47,Low,Ads,8.99,0,1,Stable,10.429569867331917,Series,0.9695650006263097,0,1.2458787683811336,4.529589840099193,3.4471877299774842,19.84222468350872,0
U2707,36,High,Standard,19.99,0,1,Stable,6.574654286620965,Movies,0.45561985245526665,1,1.354806532015104,8.018315763700153,1.2084918374748832,0.0,1
U2708,35,Low,Ads,8.99,0,1,Increasing,17.127829945413108,Movies,0.24524048063300172,1,1.9978444459853835,5.929736947619301,4.4221324676430545,0.0,1
U2709,30,Mid,Ads,8.99,0,0,Declining,6.30507139270439,Series,0.5934966315216043,1,3.086944353349869,6.406513103839389,2.5931238176093143,32.913862772788534,0
U2710,53,Low,Ads,8.99,0,1,Declining,4.580089846535886,Series,0.2427201824993116,1,2.475353574460915,6.40903408055659,1.6988544336342173,28.04674441131857,1
U2711,25,Mid,Ads,8.99,0,0,Stable,7.895643752996008,Movies,0.5814643795817485,0,1.3236457092802938,4.6497246037769555,4.499604396866642,22.42670745913731,1
U2712,53,Mid,Ads,8.99,0,0,Declining,0.9614289658427762,Series,0.21007792169125689,1,2.066723638918369,4.206970526261091,1.784945958292267,21.656020255809004,0
U2713,40,High,Premium,26.99,0,0,Stable,9.052284806471933,Movies,0.45200555632885264,0,1.0700211795333867,4.7776796210118455,1.0,15.72896918332804,1
U2714,18,Mid,Ads,8.99,0,0,Declining,10.133882475058952,Series,0.2323155690503399,0,1.5719802844392148,2.5561815834012864,1.6901761238631812,54.19159464298121,0
U2715,39,High,Standard,19.99,0,0,Declining,0.8215330523132423,Series,0.517198380976148,1,2.3852364235869707,4.538579392613175,1.642148191604851,20.315453628328843,0
U2716,18,Mid,Standard,19.99,0,0,Declining,4.425181980348585,Movies,0.5985377744541783,0,1.6855080954536488,4.106417092512718,3.284937118480263,49.29715737474643,0
U2717,42,Low,Standard,19.99,1,1,Stable,6.789323754416947,Series,0.2732095816716461,0,1.5733236394200314,2.508189294660822,2.087211513209032,42.75368785667737,0
U2718,45,Low,Standard,19.99,1,1,Increasing,11.625685887489192,Movies,0.320258219956272,0,1.309860060795622,6.417332551438548,2.300087965898992,23.539806480715722,1
U2719,27,Mid,Ads,8.99,0,0,Stable,11.211951348331073,Movies,0.4755541351454373,0,1.492104900439498,5.515434863865552,2.2635860010497852,15.480133498122116,1
U2720,36,High,Premium,26.99,1,0,Declining,5.7657642451911295,Movies,0.442833900068877,0,1.0037337599655178,5.992084646634295,3.366129186401529,18.192137330864004,0
U2721,58,High,Standard,19.99,1,1,Stable,11.283583648431055,Movies,0.3640371999556725,1,2.271098821376783,6.894901582923567,1.8774280692968466,13.190074699955106,1
U2722,28,Low,Premium,26.99,0,1,Declining,5.340864953769325,Series,0.6991527024676396,0,1.9704752112051456,5.0242798855572115,1.9949745699823551,23.532023069974773,0
U2723,22,Low,Standard,19.99,0,0,Stable,7.902847637592459,Series,0.4778352088791422,0,1.3053550138395154,3.6225671734197853,1.5113200700566056,26.08553777475123,1
U2724,52,Low,Premium,26.99,1,1,Increasing,9.984706698480764,Series,0.9865591710665995,0,1.1914047249005202,6.107884046614928,1.7792961333496624,3.3097318688934934,1
U2725,58,High,Standard,19.99,1,0,Stable,9.440599566010173,Movies,0.027876429421632876,0,1.4052422146867938,1.0,2.7251574987613307,49.373595793979604,1
U2726,35,High,Premium,26.99,1,0,Declining,4.155357883779593,Series,0.8324141488657549,1,1.6006577988320498,5.283809817025578,2.9286563500907876,8.628209698648682,1
U2727,47,Mid,Standard,19.99,1,0,Stable,8.636573517523018,Movies,0.38789890735670324,1,2.4325089708828465,7.030337246745594,3.8998310045082407,0.0,0
U2728,51,Mid,Standard,19.99,0,0,Declining,2.538406787487146,Series,0.7234218462728699,0,2.14802200806906,7.593850524819245,2.095939268635562,17.018426675031435,1
U2729,26,Mid,Standard,19.99,0,0,Stable,6.430991790697181,Series,0.758909203516748,1,1.8148313874683195,4.441113554245805,1.936231867277971,4.218711457784625,1
U2730,29,Mid,Premium,26.99,0,0,Stable,5.726512754122384,Movies,0.46112572069264857,0,1.4335275751329681,1.017225536581421,2.5971625964734244,17.35886289846284,0
U2731,49,Low,Premium,26.99,0,1,Stable,7.175923117235884,Series,0.43779564788820574,1,2.28590345545332,1.0,1.7311410499505404,18.851101636570064,1
U2732,55,Mid,Ads,8.99,0,0,Increasing,8.051760751788654,Series,0.5427460621022436,0,1.2754563026317443,6.776104213772745,1.5592712091179957,23.343377778221807,1
U2733,41,Low,Standard,19.99,0,0,Stable,9.26426738491395,Series,0.30968206658823366,1,2.259723350399725,4.7920338737869175,2.523592391001495,30.07025934979727,0
U2734,24,Low,Ads,8.99,0,1,Increasing,6.363995714485073,Series,0.5403008547977155,0,1.657154441885326,9.534598150606582,1.8081766477292482,5.910303225346645,0
U2735,58,High,Standard,19.99,0,1,Stable,3.5373681283779748,Series,0.6645037989616885,0,0.7509393294896924,2.6777927301690054,1.910475456934249,13.63996883920112,0
U2736,28,Mid,Ads,8.99,0,0,Stable,4.285432360576886,Series,0.7214256550713407,0,1.6443368782871959,6.184671806650538,2.8056892211503976,26.14256084275832,0
U2737,30,Mid,Ads,8.99,0,0,Stable,8.988336092602639,Series,0.6782868689988523,1,2.3414806777500408,8.824703270525102,2.510115398177145,10.111040965604216,1
U2738,39,Mid,Premium,26.99,0,0,Declining,3.0608853133675558,Movies,0.0,1,1.2423664160860346,5.912923859554557,4.200530098677948,0.0,1
U2739,53,Mid,Ads,8.99,0,0,Stable,7.795688831041417,Series,0.48756521351585436,1,2.5279029483781943,2.316129616617603,3.1218188735962094,25.43272331150473,0
U2740,45,Mid,Standard,19.99,1,1,Stable,6.410424993503841,Movies,0.21755010212649445,0,1.3569599450300007,10.0,1.4326569602835715,11.216960155014926,1
U2741,39,Mid,Standard,19.99,1,1,Declining,6.64848810950651,Series,0.3379664133513283,1,1.7769477213451155,8.661174914092369,1.800238792595918,10.41825056657265,0
U2742,40,Mid,Ads,8.99,0,0,Stable,6.538468589766779,Series,0.432813319779248,1,2.3963429652608714,5.045507968216501,1.0,19.440791378555105,0
U2743,35,Mid,Ads,8.99,0,0,Stable,12.528697032234273,Series,0.6002558360739019,1,1.5102411079391342,7.137908155101924,1.2270096124064056,18.049659404324363,0
U2744,41,Low,Standard,19.99,1,1,Increasing,14.694351047455514,Series,0.8827577041556856,1,1.889177746282781,7.159322320137939,3.462223098964039,29.966635370997178,0
U2745,18,Low,Ads,8.99,0,0,Stable,6.369579639188615,Series,0.4093871341582008,0,1.3184878334578072,6.783542169731916,1.9222377700641644,3.0113383095445947,1
U2746,31,Mid,Premium,26.99,1,1,Stable,6.095730821810028,Movies,0.12422711299886036,0,0.5,2.736510450596769,1.0,45.14584126308999,1
U2747,37,Low,Premium,26.99,0,1,Increasing,18.396978452425387,Series,0.4801055112710892,0,0.7243074609356078,6.148315242239307,1.0,1.0303082979845684,1
U2748,21,Mid,Ads,8.99,1,1,Stable,4.842298077342821,Series,0.6674932774172222,1,1.6988710644426948,8.421431403184819,1.0,13.347010258738608,0
U2749,39,Low,Ads,8.99,1,0,Declining,4.889952904163302,Series,0.8447415780717086,1,2.3475034898301845,6.509054431501491,1.3974669517652951,7.5777156901419715,1
U2750,32,Low,Standard,19.99,1,1,Declining,5.044897839410855,Movies,0.33269821846200603,0,1.5206695425720838,6.294302004615123,2.2037184699485737,18.666482921801844,1
U2751,56,Mid,Standard,19.99,0,0,Increasing,8.992986306556277,Series,0.3108242508095977,1,1.764318526558021,4.426351261703131,1.8034569581393496,18.22528950322377,0
U2752,53,High,Ads,8.99,1,0,Declining,1.522576558938947,Movies,0.10338343434398989,0,0.8255345084494461,3.6920426589732043,2.8984820238187976,19.996405137110038,1
U2753,29,Low,Ads,8.99,1,1,Stable,7.993204819351881,Movies,0.38765627773198885,0,1.3690560550205728,2.3549652273410175,1.264169714533389,21.135961019886764,0
U2754,33,Mid,Standard,19.99,1,0,Stable,5.059299817215366,Movies,0.5490508789352112,0,1.355574949592398,7.014929195855402,3.426453524306475,33.67676329269369,0
U2755,34,Mid,Premium,26.99,0,0,Increasing,13.307967372507214,Movies,0.7131483849682565,0,0.9498806310480652,5.058231332837381,2.063655347451635,19.879699303798574,1
U2756,29,Low,Standard,19.99,1,1,Increasing,4.632104872696135,Movies,0.11351983301945281,0,2.214360161303747,2.817240776907864,2.6582997225425524,34.66032349500818,0
U2757,37,Mid,Standard,19.99,0,0,Stable,7.118931854750953,Series,0.6279548762568637,1,2.4106347050494468,7.4528173330142575,1.6798075016315805,0.0,0
U2758,25,Mid,Premium,26.99,0,0,Increasing,2.351638059144335,Series,0.3940309925509601,0,1.214917461322987,4.326177840933552,3.2169367365348434,0.0,0
U2759,21,Mid,Standard,19.99,0,0,Declining,0.6912325873185523,Movies,0.17027466488307463,0,1.1069547685689076,3.7842701995169525,1.0,19.524426182573464,0
U2760,42,High,Standard,19.99,0,0,Declining,3.321296083414735,Series,0.4033376535450317,1,2.9052991724087454,4.507503972579449,1.0,21.923953411078806,0
U2761,42,Low,Standard,19.99,1,1,Increasing,6.905369752988916,Series,0.5331477670450931,1,2.6270266373796645,5.1138214803205875,1.2304828225348268,11.593697615482434,0
U2762,25,Low,Premium,26.99,1,0,Stable,9.93145282597887,Movies,0.17354418280550585,1,1.2574133179682156,6.416044141029728,3.3759347313377757,17.87835032813872,0
U2763,45,High,Standard,19.99,0,0,Declining,4.918816327476203,Movies,0.8457692113866935,0,0.9520944213796338,3.7493728180213797,1.9629199817578395,30.90394933470101,0
U2764,27,Mid,Premium,26.99,1,1,Stable,9.584813801823108,Series,0.5080648433428655,1,2.0319282749067487,7.520747750986416,1.2516096558980676,26.04415892767789,1
U2765,38,Mid,Standard,19.99,1,0,Stable,6.240426810646646,Movies,0.5475556221718986,0,1.2940244244461032,6.4684591767917095,2.0035947642917353,14.040426693533202,0
U2766,44,Mid,Standard,19.99,0,0,Increasing,10.818255548640995,Movies,0.21809446507304026,0,1.6135674556777349,4.470674508081817,2.3719995588302774,20.374434956712147,0
U2767,34,Low,Ads,8.99,0,1,Increasing,6.823574049243297,Series,1.0,1,1.6579088078259197,5.180420378853597,1.12294984245505,27.106606741707996,0
U2768,40,Mid,Ads,8.99,0,0,Stable,5.413053861802798,Series,0.6678129962837658,1,2.2523555119349927,4.654738111816198,2.359564952025274,3.24542645925856,0
U2769,28,Low,Standard,19.99,0,1,Increasing,3.5374495832463158,Series,0.7673863459056045,0,2.149633291929095,5.631729457671392,2.0639015539035945,8.340193485552762,0
U2770,32,Low,Ads,8.99,0,0,Stable,7.671507987702549,Series,0.48178449807881235,1,2.317436241378765,8.539747932875791,1.694142965098015,29.080251395728304,0
U2771,32,Low,Standard,19.99,0,0,Stable,7.524166829400299,Series,0.7952881210204752,1,1.8834227418753582,4.634127362915061,1.0,0.0,0
U2772,26,High,Ads,8.99,0,0,Stable,8.554625774571704,Series,0.6669778051635835,1,1.4994729227487675,5.878931643585772,3.0885444296734494,4.915833631323647,0
U2773,32,Low,Premium,26.99,1,1,Stable,7.429836574282791,Movies,0.27420449082495907,1,2.0078587247368818,4.102834455370795,1.73120190853844,3.4396026012915932,1
U2774,18,Mid,Ads,8.99,1,0,Declining,9.052391954387936,Series,0.38402171271407376,1,1.6527510187842762,6.563910088405994,1.0,29.014053521523895,1
U2775,29,High,Premium,26.99,0,0,Stable,7.3520552733550195,Series,0.552491297806085,1,2.063239953759056,6.052813307034726,2.5560202629038264,4.981969971638376,0
U2776,31,Mid,Standard,19.99,0,0,Stable,8.983653428676242,Movies,0.28537130427550644,0,1.5710918191388061,8.159235577352318,2.580922180781938,27.50271398599806,1
U2777,31,Mid,Ads,8.99,0,0,Declining,4.351781834001795,Series,0.7738056553172852,1,2.3221754141892124,3.8416194286725487,3.132926471376242,13.76017288241284,1
U2778,32,Mid,Standard,19.99,0,1,Declining,3.1830599313972225,Movies,0.30355022688046746,1,2.011990850346667,6.881150641899582,2.613232230724496,39.34446580792839,1
U2779,34,Low,Ads,8.99,0,1,Declining,6.435390340373273,Movies,0.0,0,0.5,8.0281671047369,2.3384178885851155,19.539915447456902,0
U2780,40,Mid,Ads,8.99,0,0,Declining,4.8217040243593186,Series,0.7292360097006363,1,2.7991970041392356,4.6247645285033325,1.7131272117802574,30.803300533383794,0
U2781,45,Mid,Standard,19.99,0,0,Stable,8.664086091859241,Movies,0.6086333163876583,0,1.1237589767057747,5.246092801730065,1.7160150903923426,23.524308334600864,0
U2782,27,High,Ads,8.99,0,0,Declining,5.705873083689362,Movies,0.016786502994311836,1,2.3647920263833586,5.881476266829143,2.875851650001226,12.590019647243892,1
U2783,20,High,Premium,26.99,0,1,Declining,3.4139733464196875,Series,0.9609461226792109,1,1.7529585927132907,5.026842665311086,2.043221685065892,17.849460079160146,0
U2784,22,High,Ads,8.99,1,0,Stable,9.148675755354057,Movies,0.6293303606306702,0,1.0955218213900957,5.854638392163511,1.0,18.100540002105422,0
U2785,29,High,Standard,19.99,0,0,Increasing,6.386430138645997,Series,0.4738238669734057,1,1.9520507663229736,6.846872458823619,1.8558062903704315,12.45780090383536,0
U2786,30,Mid,Standard,19.99,0,0,Declining,6.25065252659101,Movies,0.12656807863647074,0,0.6330405948643304,5.272047869148541,2.145752965988914,28.65489394818173,1
U2787,25,Mid,Standard,19.99,0,0,Declining,7.5632222230517065,Movies,0.5605954913850434,0,0.8460177389890173,5.256402406384475,1.0,48.127278739607064,1
U2788,19,High,Standard,19.99,1,1,Increasing,7.846215484754527,Movies,0.07607016409238643,0,1.2926463258646035,6.033323584219493,2.9467751882935245,19.390237362657338,0
U2789,29,Mid,Standard,19.99,1,1,Stable,9.311988907344631,Series,0.4663318843565187,1,2.479143511209386,4.701663195528065,2.2006421949539674,26.599334441489717,1
U2790,37,High,Standard,19.99,0,0,Increasing,10.192850502159578,Movies,0.08697405169874278,0,0.958033171734852,4.800573475531412,1.0,24.345641888777184,0
U2791,42,Mid,Standard,19.99,1,1,Declining,6.703887556792527,Series,0.6011815618961812,0,0.6986503965027266,3.702279424007739,1.9025596670466414,0.0,0
U2792,28,Mid,Ads,8.99,0,0,Declining,3.326488617794828,Series,0.8930370286744256,1,2.0861371718686677,5.415717094846063,2.0977200808173793,23.898811938229954,1
U2793,30,Mid,Standard,19.99,1,1,Declining,5.428600464107495,Series,0.6749833668702654,0,1.6898146108168812,6.395499706242911,3.1459442845903425,23.298264904499465,0
U2794,23,High,Ads,8.99,0,1,Declining,2.183837379950993,Series,0.8036148997445649,1,1.736508458838603,4.961725320860005,3.1171616342818744,3.0169676762683686,0
U2795,34,Low,Ads,8.99,0,1,Increasing,14.13390154593139,Movies,0.27963950489306316,0,1.3064410634304129,3.952977901998484,3.2780835352515174,0.0,0
U2796,24,Mid,Standard,19.99,1,0,Increasing,2.9580050352464795,Series,0.6194605658723691,1,1.9037363511379868,5.307566637436672,2.5758875177920117,23.12578435662512,1
U2797,41,Mid,Standard,19.99,0,0,Increasing,7.93574454111345,Series,0.354712447070094,1,2.97710629453702,6.294175687071919,1.5465308701462905,37.74343611985376,0
U2798,18,Low,Standard,19.99,1,0,Increasing,6.204874217401134,Series,0.5806228142923369,1,1.9960365256246027,5.7559385807971815,1.2927824791324967,13.568021649924077,0
U2799,30,Mid,Standard,19.99,0,0,Increasing,11.024101245606714,Series,0.45080597806869144,1,2.6972036591445363,9.959099944744558,1.4992911686818444,14.020017368972518,0
U2800,38,Mid,Ads,8.99,1,1,Stable,10.847891891859836,Series,0.5679459403247457,0,1.8075342483346857,4.187168179252784,2.134132279472354,45.69971489320767,0
U2801,37,Mid,Ads,8.99,0,0,Increasing,10.964745296062578,Series,0.5541975854764061,1,3.224888384843997,5.199366203280117,2.1748586924588222,28.75186656597015,1
U2802,67,Low,Ads,8.99,0,1,Declining,10.922567393902703,Movies,0.28711202439719696,0,0.6233439302906841,7.058594930685059,3.2289658476135945,3.4288081520159164,0
U2803,39,Mid,Standard,19.99,1,0,Stable,4.24411964688232,Series,1.0,0,0.6009448402801728,4.110640298245957,1.9456525442365837,9.443947966458431,1
U2804,22,Mid,Standard,19.99,1,0,Stable,4.39763173494287,Series,0.9535089305423852,1,2.999131677772456,9.356437755066697,1.0,44.15133732527953,0
U2805,33,Mid,Ads,8.99,1,1,Increasing,6.3206573051538,Series,0.8832284763083484,0,1.8007419860533407,5.5092321405205045,1.0073508292493578,10.043617210381885,0
U2806,18,Low,Standard,19.99,1,0,Stable,7.242489390591812,Series,0.9590117934994515,1,1.9298435225482546,6.622287575542313,1.2242251770029493,11.601192245196456,1
U2807,34,High,Standard,19.99,1,1,Increasing,5.91923287415025,Series,0.8838605298555734,1,0.5,5.538027271471747,1.2232937199764164,26.04764022481715,1
U2808,25,Mid,Standard,19.99,0,0,Stable,5.496674491389949,Series,0.5955245331779654,0,1.3404435596048936,7.537275889537785,1.0,14.837758545718632,1
U2809,45,Mid,Standard,19.99,0,0,Stable,8.240967047854577,Movies,0.32501807899216234,0,0.54125112123478,3.3743110013037763,3.7694606797741685,23.32110785901704,1
U2810,28,Mid,Standard,19.99,0,0,Increasing,5.282484350658546,Series,0.647080050104116,0,0.8861502613517682,8.643695055395671,1.0,21.45451872928867,0
U2811,33,Mid,Standard,19.99,0,0,Declining,2.7336079740597965,Series,0.5578630162569174,0,1.390596223853286,5.963437609947104,1.626256135746269,16.258304086429675,0
U2812,27,Mid,Ads,8.99,1,1,Increasing,7.804383741029784,Series,0.39199092371350963,0,1.4578216538661826,6.816917753761892,2.858396238829657,32.512171175141376,0
U2813,55,Mid,Ads,8.99,0,0,Stable,6.391113858321358,Series,0.6593210511094029,0,2.0906573579718923,4.023249361540227,2.7896736349093256,2.696653600299129,1
U2814,31,Mid,Ads,8.99,1,1,Stable,9.020031434442632,Series,0.2867757832893338,1,2.076358064855143,6.174486027495055,1.0,19.409964613473193,1
U2815,56,Mid,Standard,19.99,0,0,Increasing,6.298080756065638,Movies,0.37752832809127196,1,1.7142184443195543,3.564020076376319,3.406739964103568,11.037167781456246,0
U2816,44,Mid,Premium,26.99,1,1,Stable,5.559440031758205,Movies,0.15104542298477105,0,1.7586459895360909,7.851288861285445,3.2610979508027986,37.7036851837138,0
U2817,40,Low,Standard,19.99,0,1,Stable,8.163340232558014,Series,0.5837922259258599,0,1.488535281428709,2.920383163750243,2.018583442757998,15.906548562097013,0
U2818,39,Mid,Ads,8.99,0,0,Stable,8.602788647566765,Movies,0.38824068850782706,0,1.118434033262721,5.808346835637758,2.227251449866135,41.071196266151546,1
U2819,39,Low,Standard,19.99,1,0,Declining,7.857448934253176,Movies,0.2794293057194362,0,1.3158802471367068,4.723147769691026,1.2862837259840725,12.938992431793976,0
U2820,18,Low,Premium,26.99,0,1,Stable,7.9382407097295085,Series,0.271897827425869,0,1.1109831645175174,2.374744224956021,2.4524175227871137,19.309723405569667,1
U2821,31,High,Premium,26.99,0,0,Declining,5.2607281199236535,Movies,0.11239623331009657,1,2.715221716810314,3.6292825397072885,2.426165904863376,31.057257633603943,0
U2822,45,Mid,Standard,19.99,0,0,Increasing,10.725115220238463,Movies,0.44164872433601,1,3.3127636937019833,6.399187453568947,1.713281998120853,6.533204445973068,1
U2823,34,Mid,Premium,26.99,0,1,Declining,4.465174388222905,Series,0.48851156123062256,1,1.8647059307230678,3.7068860045115004,2.8455446802583815,36.10918797604473,1
U2824,18,Mid,Ads,8.99,0,0,Stable,6.450464811249042,Series,0.7121699505568793,1,2.5525347988934826,4.161658869711623,2.531511715152582,18.313404066155314,0
U2825,34,High,Ads,8.99,1,0,Increasing,3.677669063163739,Series,0.6019402583263137,0,0.5351217360157169,6.246689145680476,5.0,22.93872993346408,1
U2826,55,Mid,Ads,8.99,0,1,Increasing,11.680247870068001,Series,0.5604336217779045,1,1.656464101116912,7.329683032468843,1.2983395742337238,24.552246215778034,0
U2827,49,Mid,Standard,19.99,0,0,Stable,7.422917890103494,Series,0.6695287176243055,0,1.5812787762347966,6.821553041994722,3.5329045430141637,17.08734121114655,0
U2828,34,Mid,Ads,8.99,0,0,Stable,8.554078532736611,Movies,0.21502058562103812,1,2.2577594887631114,5.4068459518539145,1.3476840899783267,8.282422614997401,1
U2829,46,High,Standard,19.99,1,1,Declining,0.0,Series,0.6800789836146169,0,0.7454167715425787,5.9352781282380205,2.727447170003529,19.13077856856385,0
U2830,30,High,Standard,19.99,1,1,Stable,6.905796584212908,Movies,0.2660985835039282,0,1.3043807678871358,5.737491500858338,1.0,0.0,0
U2831,18,High,Ads,8.99,0,1,Declining,3.2882369872447352,Movies,0.8572571118078871,1,2.8273478086635766,3.4272880469058093,1.687646391304519,2.271838269531248,0
U2832,23,Low,Premium,26.99,0,0,Stable,10.002725009640466,Movies,0.12321287657278313,0,0.5765365912160769,6.058878181427341,2.6720671513221754,16.31876749727389,0
U2833,53,Low,Ads,8.99,0,0,Stable,8.228433830967658,Series,0.5285502739871913,0,2.1732682483557095,3.4094809040216205,2.4399111102599,36.56822525645327,0
U2834,31,Low,Standard,19.99,1,0,Stable,7.46847082162112,Series,0.5366186006094891,1,2.643816830670582,6.728552282682643,1.0,36.204911489785005,0
U2835,32,Low,Standard,19.99,1,1,Stable,6.136134061317951,Movies,0.079626887787826,0,1.5964817089575605,5.770271280893467,1.7881111511921959,29.753594809520237,1
U2836,31,High,Ads,8.99,1,1,Stable,7.794416620263293,Series,0.7451625178197052,1,2.299192847075988,1.1715998635860645,3.6767177156056468,0.0,0
U2837,57,Low,Standard,19.99,0,1,Stable,5.143628741243791,Series,0.5142551837838834,0,2.1735641160889423,7.458234354892463,3.228944543636571,21.609153843293726,0
U2838,54,Low,Premium,26.99,0,1,Increasing,8.700823956942703,Movies,0.0,1,2.877393745282847,4.455936512304493,3.160461863180878,7.672736668799157,1
U2839,61,Low,Premium,26.99,0,0,Declining,3.84327322602516,Series,0.7390257143090667,1,2.0794543988394474,4.290391999334517,4.552203423787951,17.193478837374144,0
U2840,33,Low,Premium,26.99,0,0,Stable,11.532979309963384,Series,0.47276624372942877,0,1.6786948386346343,7.411807084541414,1.0,29.45403946022263,0
U2841,38,Low,Ads,8.99,0,1,Declining,7.93989551238168,Movies,0.3290197154160467,1,1.8601156826403866,5.173476036800078,1.805585828677291,25.89458704632105,0
U2842,18,Mid,Standard,19.99,0,1,Declining,7.1260949679656616,Movies,0.4853645159711717,0,1.1598758390366743,6.694824345559104,2.23107304187853,33.398162253991984,1
U2843,52,Mid,Ads,8.99,1,0,Stable,4.019377955691684,Movies,0.27705868299557707,0,2.0333168680517786,4.193288707866063,1.4688137270314954,1.0893344345423124,1
U2844,20,Low,Ads,8.99,0,1,Declining,6.728314224568107,Series,0.5254206721186826,0,1.4937917017511206,7.1073384992732755,2.324867397949557,5.726090310624697,0
U2845,37,Mid,Ads,8.99,1,1,Declining,5.375333350283875,Series,1.0,0,1.6307618135727906,5.894400719414232,3.5009801403784078,36.077217048094255,0
U2846,21,Mid,Ads,8.99,0,0,Increasing,12.670380418548437,Series,0.16925085037301535,0,1.8848125439523662,6.309833322302192,2.3103238499549827,36.261423558783996,0
U2847,27,Low,Premium,26.99,1,1,Stable,7.644790190253879,Series,0.34280690267411096,1,2.6289339424911935,5.142952764041962,1.0,17.805801705793204,1
U2848,24,Mid,Ads,8.99,1,1,Declining,4.986564667923393,Series,0.38158781301491107,1,1.8132929902384756,8.759539867685785,2.8769080664742113,17.71958876628939,1
U2849,27,Mid,Standard,19.99,1,1,Declining,5.467568592673118,Movies,0.7078045481818019,0,2.1306406447157524,9.24088641465475,2.185007279473655,32.07372532154848,0
U2850,28,Mid,Standard,19.99,1,0,Declining,1.3887334167549104,Series,0.4710773387915902,1,2.609688385767951,1.0925655728237178,1.0,24.38557696754319,1
U2851,28,Mid,Standard,19.99,1,1,Stable,5.465193455664405,Series,0.6480417749691341,1,2.6520782462176724,7.352711483416732,1.584497756224034,25.276032932011976,1
U2852,45,Low,Premium,26.99,0,0,Stable,7.746671077406544,Movies,0.25518435941553524,0,1.3279379224428138,3.3405187193652095,1.0,6.902216606310443,0
U2853,21,High,Ads,8.99,0,1,Stable,9.278776716813166,Movies,0.4706400684661775,0,1.855380239610417,6.5193536870021855,1.9121729072244653,31.79233237822685,0
U2854,37,High,Standard,19.99,1,0,Declining,3.8990137673757634,Series,0.5974572904577012,1,3.4489737845338455,1.9446478387052313,1.6960674881102884,15.604070811037456,1
U2855,49,High,Standard,19.99,1,1,Stable,6.918386240272133,Series,0.6506198392399143,1,2.0747941446614035,6.30647644299855,1.0,1.291735621237926,1
U2856,28,Low,Ads,8.99,1,0,Stable,3.7980151106492195,Movies,0.6074492742606361,0,1.8327075127373063,3.8275249188023626,2.4510361368185314,8.623861623813907,1
U2857,26,High,Standard,19.99,0,0,Stable,9.91862162670752,Movies,0.438053929369793,0,1.3171863510611592,4.582357903105093,1.1173136048118935,10.83503594003021,0
U2858,32,High,Premium,26.99,0,0,Increasing,12.341225196699362,Movies,0.20298652450874757,1,1.1011355751662357,4.6358116507774705,3.5240345412611465,35.7361816973845,1
U2859,49,High,Ads,8.99,1,0,Stable,8.304205237134397,Movies,0.412413409817715,0,0.5979724964803076,4.030898558936777,2.36819543979211,9.640416681750533,1
U2860,37,Low,Ads,8.99,1,1,Declining,5.813612375261781,Movies,0.8337305496695773,0,1.512145703321364,4.085182996037835,1.9391833358922428,22.61627300522818,1
U2861,28,Mid,Ads,8.99,0,0,Increasing,13.657647195440392,Movies,0.4629940938007515,0,1.80517741222407,4.703971683161435,3.4540693914588143,0.0,1
U2862,40,High,Standard,19.99,0,0,Declining,3.3899780173705656,Movies,0.3803819309958004,0,1.6045377279443072,5.192137619831543,2.460242282189943,29.2416508601474,1
U2863,21,Mid,Standard,19.99,0,0,Declining,3.1736768873466827,Series,0.3258894094478598,1,2.761459139282726,6.146263742822254,2.54660340994091,8.500971906571202,1
U2864,43,Mid,Standard,19.99,0,1,Stable,9.123039572512859,Movies,0.49488370613299093,0,2.5948028360466724,9.22141819210616,2.1349853275394275,22.689859482590524,0
U2865,39,High,Standard,19.99,0,0,Stable,8.98862676341625,Movies,0.5244453760363439,0,1.5641917445198537,3.6062482568548715,1.8863230364086077,22.68518148414198,0
U2866,31,Mid,Premium,26.99,0,0,Increasing,5.419513241732544,Movies,0.41254462935746006,0,1.1675388758694643,5.753417376943087,2.6041817967680068,25.595855155795704,1
U2867,24,Mid,Standard,19.99,1,0,Declining,3.9372802368462674,Movies,0.3728188238187596,0,1.2366777228582144,7.045304847053236,3.7240208837730124,21.987675473554233,0
U2868,24,Mid,Premium,26.99,0,0,Stable,10.37818626215478,Movies,0.916507936234787,1,3.2810010403487864,4.082216095283501,1.0,40.97435262003296,0
U2869,41,High,Premium,26.99,0,0,Declining,5.823334656431808,Series,0.7710855498248813,1,1.5384865928092255,1.0,4.068281803982074,20.50484232360244,0
U2870,49,Low,Standard,19.99,1,0,Stable,8.574323036036343,Series,0.8480056523685927,0,1.9189797783208182,1.68144417005735,1.1919488425646634,44.98235811525475,0
U2871,27,Mid,Standard,19.99,1,1,Declining,2.681906914941287,Movies,0.3633764308843642,0,1.3080838722434942,1.0590206546704035,2.392421530673433,25.652793747768172,0
U2872,40,Mid,Premium,26.99,1,1,Stable,8.313289049074356,Series,0.5736811163923888,1,1.8010523549645603,8.580233769383202,1.0,21.296558418323134,1
U2873,18,Mid,Premium,26.99,0,0,Declining,2.1609169084582396,Series,0.7264198155404282,1,1.4299105444406957,6.728310581266861,3.691437597073115,28.698123433156688,0
U2874,27,Mid,Ads,8.99,1,1,Declining,1.0403572687986298,Movies,0.3234914275594138,0,2.040296838346143,7.0119507216612575,1.0,20.36066812615164,0
U2875,34,High,Ads,8.99,0,0,Stable,8.453647920361735,Movies,0.3399132030643804,0,0.8713189442329248,7.462816144592982,3.3223301964319436,23.389904380229506,1
U2876,24,High,Premium,26.99,1,0,Increasing,13.303335508903467,Series,0.6926411363748723,1,2.3374171785619633,4.349058586261704,1.958821628286927,22.167519153238302,0
U2877,23,Low,Ads,8.99,1,0,Increasing,8.238641772752496,Series,0.4974380308765337,0,0.812624915074499,10.0,2.0372885763075166,20.97016110250295,0
U2878,26,Mid,Premium,26.99,0,0,Increasing,7.360347954436625,Movies,0.3940818430119234,1,3.479515935667243,6.170933186155355,1.0,43.42225198425382,0
U2879,38,Low,Standard,19.99,0,0,Stable,10.421697312492741,Movies,0.3660168293052102,0,1.3490865128155212,5.354454966279803,3.4191676867364427,45.268476445403834,0
U2880,32,Low,Ads,8.99,0,1,Declining,4.610433261770784,Series,0.7934051274908066,1,1.492172528822032,7.720003629194242,2.052531393826161,21.924382318901383,1
U2881,18,Mid,Ads,8.99,1,0,Stable,6.868462552885481,Series,0.47773713236958526,1,2.042710668027326,6.83459974636045,2.9176724443657394,33.113507612028066,0
U2882,18,High,Ads,8.99,0,0,Stable,10.387914452880672,Movies,0.0,0,1.9965676122381488,8.17009185960968,1.0,32.41138814282094,1
U2883,27,High,Ads,8.99,1,0,Declining,4.2928303739435805,Series,0.5378730159714649,1,1.7139010749995103,8.287666489397665,1.308758645300795,31.113035236186406,0
U2884,40,Low,Standard,19.99,0,0,Declining,3.691944781310268,Movies,0.4294572045449494,0,1.119284365233567,4.793506914145089,2.450705734749204,24.540618295440805,1
U2885,18,Low,Standard,19.99,0,0,Declining,6.631016448274176,Movies,0.5428214914320473,1,3.012291390458897,5.874049641807319,1.0,25.960789282915297,1
U2886,29,Mid,Premium,26.99,1,0,Stable,5.5762876912417685,Series,0.46143139944563694,1,2.505374523791083,3.681609266431819,2.5612568395919597,24.854532501291807,0
U2887,28,Mid,Standard,19.99,1,1,Declining,4.710796923755636,Series,0.708419971928578,1,1.5683252617129044,2.2434356562370907,1.538135415522584,9.377359883745699,0
U2888,51,Low,Standard,19.99,1,0,Declining,2.3616827965756015,Movies,0.5770308731236065,1,2.4340113345516756,7.173594436189282,1.4222987052860263,17.216239790180435,0
U2889,30,High,Standard,19.99,0,0,Stable,7.370794176753026,Series,0.750250132621098,1,2.2083499505872024,7.41407172791032,2.7127439836009763,3.638433955780826,1
U2890,39,High,Standard,19.99,0,0,Stable,7.136194974406186,Movies,0.19187297931085032,1,2.3314489296924985,1.5355201201773796,2.3707674754286234,24.91730764580465,1
U2891,36,Mid,Standard,19.99,0,0,Stable,8.936040549446288,Movies,0.2133547250325263,1,2.8679346496447726,4.065583873852383,1.0759934056360243,23.174069132003883,0
U2892,18,High,Ads,8.99,0,0,Stable,8.714513073323461,Series,0.6870006899349289,1,2.4443511570958876,5.612166795173655,3.323141712308122,26.391867675694414,0
U2893,44,Mid,Ads,8.99,0,0,Declining,6.103036016939164,Series,0.9250680624250199,1,2.2443305270963103,5.802775483601857,2.7054650273685366,8.702522810318083,1
U2894,37,Mid,Ads,8.99,1,1,Stable,7.788511385562026,Series,0.6028330318764843,0,1.2290450745315449,9.59000182216284,1.0,29.573858784254973,0
U2895,41,Mid,Ads,8.99,0,0,Declining,4.8534917724953175,Movies,0.3169344561340852,0,1.8384020607809681,4.246123764910774,1.896822177173786,23.655765143724018,0
U2896,75,Low,Standard,19.99,0,1,Stable,8.219111937991606,Movies,0.07607650697741669,0,0.9398270836481014,5.157387049453687,2.57324831541061,44.7954861210591,1
U2897,18,High,Ads,8.99,0,0,Stable,4.775335652662026,Series,0.5271426240351599,1,0.9992555465109341,6.799714748227257,2.088832379584054,27.672598624283463,0
U2898,55,Mid,Premium,26.99,0,0,Increasing,1.9531017844370728,Movies,0.2069523692164424,0,1.1873525054058056,4.799593816184252,1.0,10.826750971317683,1
U2899,31,Mid,Premium,26.99,1,1,Stable,9.323835342425786,Movies,0.3554398748365818,0,1.4891319700563281,4.490047739024272,2.2635114522516075,1.7969040554321296,1
U2900,38,Mid,Premium,26.99,0,1,Declining,6.348320924495827,Series,0.29743520141296637,1,2.050182868688966,4.325880180413641,2.9575507093014703,20.617885674019746,0
U2901,34,Low,Premium,26.99,0,0,Stable,6.7460271314401705,Movies,0.28428190912125806,0,1.0373263990148214,5.965960509911817,2.118576115185104,5.649337269477201,0
U2902,29,Low,Ads,8.99,0,1,Stable,9.149117216891973,Movies,0.1482131308477627,0,1.1178761660957128,5.1486191142219795,2.255479548087637,9.185808657124415,0
U2903,28,Mid,Standard,19.99,1,0,Stable,5.537005166106946,Series,0.7880458611677696,1,2.2852665974449544,6.864959941497129,3.219903464142667,6.408530142191047,1
U2904,38,Mid,Ads,8.99,1,0,Declining,3.589014935833699,Movies,0.17816552842470337,0,0.6508533015616745,6.214916280544603,1.0,11.026472641009176,1
U2905,18,Low,Premium,26.99,1,1,Stable,5.311724552611665,Series,0.48553015247005143,1,2.696829852664335,1.0,2.93641737390117,35.47445139458435,0
U2906,44,Mid,Premium,26.99,0,0,Declining,6.13524395023177,Series,0.6564253051909217,1,0.702598617930795,1.9969468512774626,2.5395938032970506,6.391894632457507,1
U2907,30,Mid,Premium,26.99,0,0,Stable,3.834083845570494,Movies,0.259256884499215,1,2.6240042116929385,4.498474569927819,1.0,12.903757830626079,1
U2908,21,Mid,Standard,19.99,1,1,Stable,5.466076786435917,Movies,0.8218905244972647,0,1.4566499949503773,7.4600051786123585,2.897729183880246,0.8332832945549882,0
U2909,29,Mid,Standard,19.99,1,1,Declining,5.579430046472271,Series,0.7861030314558844,1,2.598215497461122,4.196643119773036,4.006197601931418,0.0,0
U2910,50,High,Ads,8.99,1,1,Increasing,5.387546772232167,Series,0.6034413156628436,1,1.142943956127757,6.249182303114439,2.533823681176352,14.64696583819456,1
U2911,28,Mid,Ads,8.99,1,1,Stable,5.679379188677629,Series,0.673620277089401,1,2.475697850950872,6.696991471457228,2.7544700069151653,20.489812691069773,1
U2912,39,Mid,Standard,19.99,0,0,Stable,2.5768648457708725,Movies,0.0,1,1.9744994587025808,6.580532516556905,1.1346160917742407,4.195747632150923,0
U2913,26,Low,Standard,19.99,1,1,Declining,6.211613298803075,Movies,0.5963450347420992,0,2.1010951888978657,4.405151440145769,1.58140188525077,0.0,0
U2914,44,Low,Premium,26.99,1,0,Stable,5.624329613315442,Movies,0.45237933395343394,0,1.4808603886500413,3.203824981411914,1.1820962525451697,0.0,1
U2915,43,Low,Ads,8.99,1,1,Stable,4.801437499717691,Series,0.5853684354145154,0,0.711635658538243,2.8755512277968593,2.595826023356727,19.745263056188953,0
U2916,57,Mid,Premium,26.99,0,1,Increasing,5.114931822124275,Movies,0.4631699365508842,1,1.2856960399630075,10.0,1.6820280284555627,29.219277905383713,1
U2917,32,Low,Standard,19.99,0,1,Declining,4.1635729755898,Series,0.7375698487685614,1,1.9311373315131402,6.410852594394916,1.6203064826755265,0.8604933065909712,0
U2918,43,Low,Premium,26.99,0,0,Declining,1.8396888262171207,Series,0.5167254965327501,0,1.7057806623450849,9.181165820690447,2.9037458422643168,10.226935435898454,0
U2919,36,Mid,Premium,26.99,0,1,Increasing,14.827139031446002,Movies,0.4260324082323501,1,2.991473395222907,3.83377947638235,3.8697292991776377,30.98728616296874,0
U2920,50,Low,Premium,26.99,0,0,Increasing,1.845766148493043,Movies,0.55974490829734,1,2.408838642134658,7.996636886711503,2.1123440306823555,15.437405665717398,1
U2921,26,Low,Ads,8.99,1,0,Declining,4.09876170042702,Movies,0.44097954864044303,0,1.3400155444189485,4.546378626509363,1.0,16.79536094319912,0
U2922,43,Low,Premium,26.99,0,1,Stable,7.21381385858251,Series,0.5494788025525322,0,1.1339771818613538,5.442103114429273,2.2401676022047075,22.563665184512445,1
U2923,32,Mid,Ads,8.99,0,1,Declining,3.449241991726891,Series,0.6593301523315734,1,2.28718682713768,4.927272427772014,2.391560903547316,12.681983020084214,0
U2924,34,Low,Ads,8.99,0,1,Stable,7.424263474586231,Movies,0.6264478127245268,0,1.9078619596416329,3.741127898487226,3.031409182589179,8.667559399618089,1
U2925,36,Mid,Standard,19.99,0,0,Increasing,6.6011952751615155,Movies,0.5067951882030902,0,1.1266887891732673,3.7715286345105348,1.8764837234741027,21.688065312786378,1
U2926,38,Mid,Premium,26.99,1,1,Declining,8.060188927346298,Movies,0.11738656914559151,0,1.62940046256117,5.421785394777425,3.08100832637542,1.4249434854048602,1
U2927,33,Mid,Standard,19.99,0,0,Declining,2.7622459717804464,Movies,0.46733676284248427,0,1.0357908204810427,4.325840393935071,2.927639656877869,0.0,1
U2928,37,Mid,Premium,26.99,0,0,Declining,0.2975521173033613,Series,0.6908315810383712,1,2.907964600716617,5.75344046468445,1.901919739616,9.695479585526568,1
U2929,53,High,Standard,19.99,1,0,Declining,2.4030002990933568,Series,0.832822704742314,1,2.647233782746267,3.824341375697087,3.020305588186154,26.544681649918587,0
U2930,46,Low,Ads,8.99,1,1,Declining,5.772989549627424,Movies,0.35656390258596016,0,1.7860597278081318,6.914921775376992,3.130180784947357,31.94958816890501,1
U2931,45,Low,Premium,26.99,0,0,Increasing,8.646226861353407,Series,0.5261319417202629,0,2.241059448361823,4.580073163935864,1.1088783478077306,12.301119784516251,0
U2932,29,Low,Ads,8.99,1,1,Declining,6.504265815964233,Movies,0.07636703710861154,1,0.7508083161497889,8.773867721757476,3.1603549419164394,27.963492854906065,1
U2933,24,Low,Premium,26.99,1,1,Stable,8.003489233421933,Movies,0.21108111860174247,0,1.6768852476298994,5.398750160637666,2.080023615177375,34.58044315315143,1
U2934,46,Low,Ads,8.99,1,1,Stable,5.727439300549593,Movies,0.5915891139504589,1,2.581476171982116,5.2956372315402005,1.9525455026162597,18.45303457081464,0
U2935,45,Low,Standard,19.99,0,0,Stable,6.021833012408906,Series,0.639591297339836,0,1.5237489114155638,8.707070149216648,2.0920513754031713,25.637091968761567,0
U2936,52,Mid,Standard,19.99,1,1,Stable,6.229342448693548,Movies,0.3300424373146047,0,1.4202954024570027,4.509440430669245,3.441207677917581,40.39873987031963,0
U2937,27,Mid,Ads,8.99,0,0,Declining,8.768692166993306,Movies,0.6091247565185112,0,1.4199411214018927,4.686188368329676,3.4384508991851543,9.542530723277457,1
U2938,32,Mid,Standard,19.99,0,0,Stable,8.381644629374739,Movies,0.567920493469197,0,1.4681832565128963,4.098052403803638,2.676328312343366,15.10047315890716,0
U2939,18,Mid,Ads,8.99,0,0,Declining,8.783373798357012,Movies,0.202850889274398,0,1.7529974214579684,5.908867419885587,2.4695895242558588,37.206124082389806,1
U2940,30,Low,Ads,8.99,0,0,Stable,8.681558744683628,Movies,0.5901992667252668,0,1.7131479431168082,4.029639355785175,2.095701689684295,6.717264858351445,0
U2941,46,Low,Ads,8.99,1,1,Declining,4.872833210156897,Movies,0.018283793864172504,0,1.2875207073270483,7.053330034809339,4.898463905125422,19.866239268716576,1
U2942,29,Mid,Standard,19.99,0,0,Stable,4.96127702602867,Movies,0.4419089883800846,0,1.206261755921123,5.4068429072972,1.515213185659373,10.46059013690719,0
U2943,42,Low,Standard,19.99,0,1,Stable,7.403039342297488,Movies,0.4182616794787734,0,1.3100767727903517,7.177780951854923,1.7528178129645315,34.36446385912874,1
U2944,32,Low,Standard,19.99,0,1,Stable,6.878261655567539,Movies,0.5799563825276911,1,2.052274404187997,6.952369920374901,2.5024395369679446,3.782418456487857,0
U2945,38,Mid,Premium,26.99,0,0,Declining,4.8127054293235725,Series,0.6762023352491013,1,3.3681407903326726,4.4750346968876045,1.2933158184196611,17.194273472332153,1
U2946,21,High,Standard,19.99,1,1,Declining,4.5818018462015,Series,0.5510879602393979,0,0.6646180834006481,4.026053300078843,3.2487550252765995,5.436457813412609,0
U2947,36,Mid,Standard,19.99,0,0,Increasing,2.8426118772713327,Series,0.5668874517899838,0,1.6748949391968646,4.84327954784777,1.0,0.40130741408394144,0
U2948,18,Low,Standard,19.99,1,1,Declining,7.521679633069311,Movies,0.8886497973486571,1,2.746304233424893,5.5177363452740344,1.4861343364277384,0.0,0
U2949,32,High,Standard,19.99,1,1,Declining,4.899093021565365,Movies,0.36652808959631933,1,1.9817650453351827,6.168044020880579,1.7982572150558813,16.02397608423739,0
U2950,18,Mid,Standard,19.99,1,1,Stable,4.171493767942716,Movies,0.4694151383895107,0,1.44802535770626,6.39026266730913,1.1953301762653004,23.80381222474651,1
U2951,49,Mid,Ads,8.99,1,1,Increasing,10.445288127220936,Movies,0.0,1,3.0577756773982356,5.4361462277453985,3.2409757630632043,18.21984598741145,0
U2952,44,High,Premium,26.99,0,0,Stable,5.288327662786944,Movies,0.1845286203690637,0,1.1349871336359862,4.137641184532161,1.0,20.81529971240687,1
U2953,40,Mid,Standard,19.99,1,1,Stable,8.124281245941566,Movies,0.4537536089262249,1,3.087160909618254,4.326751995204749,1.236815140471573,12.787164138008933,1
U2954,53,Low,Ads,8.99,1,1,Stable,8.763312921024921,Series,0.27709549529572175,0,1.85911762728741,6.5367074243268615,1.5231161474877262,29.812543680269684,0
U2955,23,Mid,Standard,19.99,1,0,Declining,7.039272981338636,Movies,0.4598797667334502,0,0.9450699484617044,4.199633110614246,3.042995204520431,26.7335865919772,1
U2956,55,Mid,Ads,8.99,1,1,Stable,6.678166546690359,Series,0.4549749291164529,0,0.7459695867749195,6.620468970547558,3.6524706462732874,19.50631642108573,0
U2957,46,Mid,Ads,8.99,1,0,Increasing,7.758666815944449,Series,0.3932297380089048,1,2.399259330720928,6.685921044092271,2.722392829432943,20.465227442363805,0
U2958,32,Mid,Ads,8.99,1,1,Increasing,7.123384919205989,Series,0.45423274927435464,1,1.555821016107397,8.567833178637155,1.0,12.410674147024677,0
U2959,48,High,Standard,19.99,1,1,Declining,3.5548878230790066,Series,0.9055077716288722,1,0.5571789356980528,4.538292489408159,1.5798111766283136,41.345125216054726,0
U2960,21,High,Standard,19.99,0,0,Stable,6.965539871578166,Movies,0.41668358429805574,0,1.055293854044212,4.849691943960864,3.7720814659343858,27.69851349062926,0
U2961,25,High,Premium,26.99,0,0,Stable,6.581313875216521,Movies,0.16791272444981492,0,2.387126139510811,1.0,2.228862222087871,16.766290502326775,1
U2962,27,High,Ads,8.99,0,0,Declining,3.3493923683556686,Movies,0.5050679704616214,1,2.031706169504784,3.61385424991453,1.0,15.928491316808813,0
U2963,28,High,Standard,19.99,0,0,Stable,4.712430492394191,Movies,0.5159476688183744,0,1.4897515834472848,3.5877419541667246,4.3940342713739735,13.323547442292192,0
U2964,22,Low,Standard,19.99,1,0,Declining,4.782487815482835,Movies,0.27373837983947186,1,2.7199939373721804,6.511343388868484,1.6302134963016592,14.415951665181899,0
U2965,49,Low,Ads,8.99,1,0,Stable,6.131604764112339,Series,0.7918347250190648,0,1.279412070109793,9.114757805292111,2.1284680843297834,20.9567895496073,1
U2966,31,Mid,Standard,19.99,1,0,Declining,2.7172660534362687,Movies,0.5513499271196471,1,2.099826116267511,6.661515967951384,1.5152563400453118,0.0,1
U2967,39,High,Ads,8.99,1,0,Stable,8.661142026842814,Movies,0.5202663934693464,1,3.0372299417188993,7.48158386031904,1.2444279765149964,15.010712170901819,0
U2968,28,Mid,Ads,8.99,0,0,Stable,10.544185501650498,Series,0.4652495933521885,1,2.3239497867211734,4.077339592059834,3.4959821768350876,16.42685790993007,0
U2969,18,Mid,Standard,19.99,1,1,Stable,8.925176427968449,Movies,0.1141896214448356,0,1.2543070497464084,3.1040507403758926,2.3962276049222826,17.900263652963353,1
U2970,38,Low,Standard,19.99,0,1,Stable,5.559623976647911,Movies,0.01142653515980746,1,2.778495612130104,5.015957117774127,2.515307728564447,20.095346850410536,0
U2971,18,Low,Ads,8.99,0,1,Declining,4.899540630820127,Movies,0.21889707217049037,0,0.7852187440469316,4.252491516515038,1.0,18.38257325359975,1
U2972,34,Mid,Ads,8.99,0,0,Stable,10.080857903374921,Series,0.526437808326073,0,0.668443833930767,3.7778189921701535,1.900724415846513,22.861194932027125,1
U2973,18,Low,Ads,8.99,1,0,Increasing,5.47890107166752,Series,0.5427127827764657,0,0.5,5.936521358464314,1.577973458971755,16.38038933430055,1
U2974,58,Mid,Ads,8.99,0,0,Declining,6.565190253370451,Series,0.590559295849692,0,1.5840062300360391,3.1281593618373846,1.3743455913359455,29.856040813530498,1
U2975,45,Low,Ads,8.99,1,0,Stable,4.103833583712021,Movies,0.6965977098420195,0,1.2181686935647946,7.152961369665324,2.6673124841500924,25.893973862925495,0
U2976,36,Low,Standard,19.99,0,1,Stable,10.368075254862658,Series,0.5320845653536852,1,2.7958147018126844,4.701117728658249,1.8621360188690077,44.95125610702341,1
U2977,50,Mid,Standard,19.99,0,0,Stable,6.13937095049802,Movies,0.34024517668206516,0,1.3254554253919868,5.409523073089235,2.8926337582110615,26.420880495186477,1
U2978,24,Mid,Standard,19.99,0,0,Stable,11.458087449047625,Series,0.23648163221008506,1,1.4774256910565997,5.6995726161770595,2.9207369412686814,9.058017610032945,0
U2979,41,Mid,Standard,19.99,0,0,Stable,10.456127597283661,Series,1.0,0,1.1221934040703805,4.566571009903768,1.7649871327879065,16.11858712338385,0
U2980,37,Low,Standard,19.99,1,1,Declining,4.7871389808372244,Series,0.3368185198609777,0,1.7483979401755891,8.031097647213658,2.653958183130517,11.912310815757916,0
U2981,38,High,Ads,8.99,0,0,Stable,5.561189253779179,Series,0.4586290591021287,1,2.1426979898134775,2.288438373384347,1.7378025770412147,18.09558418760216,0
U2982,50,Mid,Ads,8.99,1,1,Stable,7.389550943781828,Movies,0.48914440937403303,0,1.8934072970764264,8.066669992217617,1.4120898959701877,31.174357989786582,1
U2983,43,Mid,Premium,26.99,1,1,Declining,4.6396820667068726,Movies,0.3992384876436349,1,2.027858264261451,4.8058919778192655,1.1397351815330907,14.113788745579896,1
U2984,38,Mid,Ads,8.99,1,0,Stable,6.196866072828815,Series,0.928637254059814,1,2.731614694192785,7.341494893955241,2.285972416944157,11.177830587461063,1
U2985,18,Low,Ads,8.99,0,1,Stable,3.683773490843406,Movies,0.49400273114550153,0,0.5,5.902481882520611,1.4580078330557127,24.195448109193237,1
U2986,23,High,Ads,8.99,1,1,Stable,5.970892832690826,Series,0.5837431897524279,1,2.164132186509938,7.200993507357916,3.578145615636977,8.216864742610994,1
U2987,33,Mid,Standard,19.99,0,0,Declining,2.7790417564875205,Series,0.8088167737688716,0,1.1064656966654147,5.263176155234524,3.8259846743634096,7.508086712544943,1
U2988,36,Mid,Standard,19.99,0,0,Increasing,10.65494311927571,Movies,0.5822615891736745,1,1.4612779906700144,5.976872049050673,2.674923697273534,22.583694609190843,0
U2989,21,Low,Premium,26.99,0,0,Stable,8.982142633194849,Series,0.46796824772357243,1,2.9671524062758277,7.69580951433348,2.443511301903338,0.0,0
U2990,63,High,Premium,26.99,1,0,Stable,8.481368007847193,Movies,0.5426058772328479,1,1.9159604496539657,5.691697768033841,2.21857603662648,12.207336991451518,1
U2991,53,Mid,Standard,19.99,0,0,Declining,5.684750179255015,Movies,0.305547767460318,1,1.8540329971370926,8.160156416761428,4.573730629103421,28.270041864323034,0
U2992,42,Low,Standard,19.99,0,1,Stable,5.294185865718196,Movies,0.32930441848289943,0,1.9506497123904656,6.204393473375629,4.162429414102819,0.0,1
U2993,35,Low,Ads,8.99,0,0,Increasing,9.61620231780573,Movies,0.3785866566057811,0,1.3807248218478576,4.034560061354564,1.9954156976129593,0.0,0
U2994,32,High,Ads,8.99,0,0,Stable,8.585530287288751,Series,0.5238438255318494,0,1.6899007696107176,4.790377778392416,2.001104358308341,0.7921585776183235,0
U2995,23,Mid,Ads,8.99,0,0,Stable,5.82752885120054,Movies,0.2630817704347975,0,0.5,7.276215144612379,2.5269319335764444,0.0,1
U2996,35,Mid,Ads,8.99,1,1,Stable,7.237972842790013,Series,0.7969441696497384,1,1.820874907249415,3.0204389174139576,1.0204032238921565,40.75999156977328,0
U2997,38,Mid,Ads,8.99,0,0,Stable,6.709076821460154,Movies,0.04421221892998334,0,2.343194479642453,7.085760038933837,1.0,19.445811162157092,1
U2998,20,Mid,Ads,8.99,1,0,Declining,8.32473333922097,Series,0.38767461090816246,1,2.812428401590087,4.768463163667202,1.0,9.954533123995915,1
U2999,39,Mid,Ads,8.99,1,0,Stable,8.703096270529048,Series,0.7349467966220984,1,1.6559996980363882,2.920561388714444,1.898300937866706,2.5181416978885025,1
U3000,33,Low,Premium,26.99,1,0,Stable,8.218319223496783,Movies,0.33542010816816886,0,1.4125152703475123,5.914512463603979,1.2550373058113302,44.414568804815715,1
U3001,18,Mid,Standard,19.99,0,0,Declining,1.5666125320691302,Series,0.7983025304045566,1,1.7026097674883232,4.099619366967066,3.654856877295619,25.86022735495819,1
U3002,24,High,Premium,26.99,1,1,Stable,7.345674653535166,Series,0.6715864556246914,0,1.9969177275247025,4.3567506598601256,1.0,16.459361581515466,0
U3003,30,Low,Standard,19.99,0,0,Increasing,8.53495971322629,Series,0.3332590681912695,0,0.5,4.24852760117159,1.0,32.63423007334424,0
U3004,57,Mid,Standard,19.99,0,0,Stable,6.672685778860254,Series,0.6125668838555172,1,2.4651784103560797,5.72978639473547,1.0,22.665120307482123,0
U3005,41,Mid,Ads,8.99,1,0,Stable,3.873173054516719,Series,0.7069095602178432,0,1.4301407365451007,4.720067048951437,1.554689884157622,11.976245045543802,1
U3006,18,Mid,Ads,8.99,1,1,Increasing,5.736694133107291,Series,0.6468079317066641,1,1.632422277500864,6.281897422549539,1.8016773744342214,10.72305190448416,1
U3007,40,High,Ads,8.99,1,0,Declining,4.863965024188435,Movies,0.25634516527451007,0,1.163424064169782,7.524840904479911,2.120439887070714,10.915210454608834,1
U3008,18,Mid,Premium,26.99,1,1,Declining,7.228711556380922,Movies,0.2952119359759596,0,1.4877716863327841,6.583376006334733,2.165201333289756,5.8077244891544915,0
U3009,47,Low,Premium,26.99,0,0,Declining,3.8189508603211535,Series,0.48798296884784886,1,1.2331246197184629,9.110616112932462,1.578210646650076,31.3389053028545,0
U3010,29,High,Ads,8.99,1,1,Declining,4.200122545791466,Movies,0.08496058367976389,0,0.6602216599943511,9.602697100507939,1.1475431669108844,11.784224339997479,0
U3011,33,Mid,Ads,8.99,0,1,Declining,8.562183990572416,Movies,0.05745208703045285,0,1.2224465586863555,4.919487479044324,2.61885675576924,34.23821611416879,1
U3012,50,High,Standard,19.99,0,0,Stable,6.406355221664327,Movies,0.4280041912188737,0,0.8834698147440068,3.1947582508771295,1.3002985110126517,8.055765317461457,0
U3013,19,Mid,Ads,8.99,1,0,Stable,6.742420952292838,Movies,0.17570832689421934,1,2.022122081570898,4.921735467954393,2.981166799156293,10.81176076232855,0
U3014,18,High,Standard,19.99,1,1,Stable,6.769510435896518,Movies,0.46511968549041177,0,1.2899619007541292,5.736708134938395,1.0,12.571026746616019,1
U3015,27,Low,Ads,8.99,0,1,Stable,4.308989707190979,Series,0.48098650250969394,0,0.8447701846074689,9.951542344830699,1.4518367431793817,7.2110831936966715,1
U3016,47,Low,Standard,19.99,0,1,Stable,8.14359624683023,Series,0.33737028265701025,0,1.2867116802685583,4.750394996282243,4.242238900961113,10.962868818652284,0
U3017,18,High,Ads,8.99,0,0,Declining,3.6942477628313224,Movies,0.2684112729550904,1,2.4787988079486736,6.055860740933288,4.378597923838228,24.606909639419364,0
U3018,18,Low,Standard,19.99,0,1,Stable,6.9398587659205235,Series,1.0,1,2.7673209114080213,4.137677566066852,1.0,32.42391536390171,0
U3019,29,Low,Ads,8.99,1,1,Stable,7.888745928835595,Movies,0.33087784416339383,0,0.6770861075960858,4.806651418719917,3.4074526338788975,21.58878971637565,1
U3020,41,Mid,Standard,19.99,1,0,Increasing,14.827672767106177,Movies,0.47917333366644627,1,1.9229576784618554,3.071227697162081,3.813542625676711,3.7118117001776234,0
U3021,49,High,Premium,26.99,1,0,Declining,2.3644599109075135,Series,0.6337607619848153,1,2.653125184213646,2.5745351947339414,3.2631174718207783,10.805966165230634,1
U3022,29,Low,Ads,8.99,1,1,Declining,6.729964370132448,Series,0.3189603927667077,1,1.4107462947375313,8.221861332287583,2.1331772191925733,11.056557188131219,1
U3023,30,High,Premium,26.99,0,0,Stable,8.737446512347937,Movies,0.639792649204634,1,2.363714023079188,7.632394028765325,1.0,38.40606934553508,1
U3024,48,Mid,Premium,26.99,0,0,Stable,5.723570454441454,Movies,0.300435638035213,0,1.3140489201607153,4.760795935878445,2.2847069502273953,29.826663564733284,0
U3025,18,Mid,Premium,26.99,0,1,Declining,6.199007696103963,Movies,0.08789748705626105,0,0.5,7.6267651138160435,2.6115001548053547,32.57052885733768,0
U3026,30,High,Standard,19.99,1,0,Stable,10.286872302583784,Series,0.4975532983113331,1,2.0033925701518176,2.8861873910206914,2.438415564333982,9.49258563649245,0
U3027,37,Mid,Standard,19.99,1,0,Declining,3.470057581575116,Movies,0.3087511810051603,1,2.498469158365499,5.153273578844304,2.6769562599271306,2.718565468376074,1
U3028,40,Low,Premium,26.99,1,1,Increasing,9.724409391405464,Movies,0.4998959047002451,1,2.172889275138796,5.848525025220204,1.3879005797634196,24.88052772881739,1
U3029,28,Low,Ads,8.99,0,0,Declining,5.809602727879571,Series,0.4638473638779439,0,1.0628585729475848,8.032108468234199,1.7161803945942737,12.477451165579547,1
U3030,35,Mid,Standard,19.99,0,0,Declining,6.0683577099071,Series,1.0,0,1.3780865165850655,5.895081468718059,1.0,21.499029578866107,0
U3031,18,Mid,Premium,26.99,1,1,Declining,6.538583521432026,Series,0.41256620349827855,1,2.8933371905979843,6.58950178863914,3.0902214957056784,22.94961828173835,1
U3032,27,High,Standard,19.99,0,0,Stable,7.332609656504348,Series,0.7223989924462058,1,2.622553414697019,4.560078463534188,1.3023353723416893,13.258650715140153,0
U3033,40,Mid,Premium,26.99,1,1,Declining,6.026872372696005,Series,0.20520545171767757,1,1.8464880715050942,6.027916047895202,1.9509115000426775,30.049330272007783,0
U3034,23,Mid,Standard,19.99,0,0,Stable,5.177052699752553,Series,0.5752602667481401,1,1.4246060718187628,8.02872015931086,2.453165949062026,0.4752052887663254,0
U3035,35,Mid,Premium,26.99,0,1,Increasing,9.492010480918672,Movies,0.423446855864423,0,1.55973352923771,2.266980428462624,1.6394259760653913,19.31275765781941,1
U3036,40,Low,Standard,19.99,1,1,Declining,4.047317468638972,Series,0.37608334923547604,1,1.5933568882475644,7.772149261191037,1.127483878042726,26.14188183254887,1
U3037,30,Low,Standard,19.99,0,1,Stable,4.540342189691825,Movies,0.6498090962083339,0,1.0359828750234117,5.080057981299618,2.4558502905150004,38.42719647541349,0
U3038,37,High,Standard,19.99,1,0,Declining,3.981710901126199,Series,0.6868953302368342,1,2.4205669266386867,2.6880935823047563,1.0,19.617772822820562,0
U3039,23,Low,Premium,26.99,1,0,Stable,7.538912784396116,Movies,0.2864719070307145,0,1.873263152390815,4.965737411558566,2.966850124815438,33.089145327908945,1
U3040,32,Low,Premium,26.99,0,0,Declining,5.871594552740386,Movies,0.43473550032559505,1,3.0714881504442264,8.080162314087268,2.8604424584567782,32.30112145376357,0
U3041,42,Mid,Premium,26.99,1,1,Declining,2.4630817581544577,Movies,0.2313371676126434,0,1.330342752839529,4.53533003306229,1.650278271629026,46.04161822203566,0
U3042,36,Mid,Standard,19.99,0,0,Stable,5.1246465665502585,Series,0.8502759804815152,1,1.9943049123358376,6.098679431277537,1.7059723273686542,21.884816320749557,1
U3043,27,High,Ads,8.99,0,0,Declining,6.449312559386442,Movies,0.5530597203644352,0,0.6996791546755144,2.2736280361024326,1.2122378630083754,42.624954220044,0
U3044,37,Low,Ads,8.99,1,0,Increasing,10.52444427784759,Movies,0.42467801342149747,1,3.4751780717846232,1.8486674665768228,1.817806437139991,27.72078151506429,0
U3045,43,Low,Premium,26.99,0,1,Stable,8.774205324092705,Movies,0.4723384094995846,0,1.1550570465126375,3.3465219606333347,1.999168770699244,0.0,1
U3046,18,Low,Standard,19.99,0,0,Stable,9.735660854353121,Movies,0.05456075797975629,0,1.6389143276230604,7.525616019340971,1.8815306023334817,18.34482332023202,1
U3047,48,Mid,Ads,8.99,1,1,Increasing,10.613661328771796,Series,0.893389021348893,1,2.4180681100669177,5.398337364430452,3.6486654798178506,7.001381282361033,0
U3048,30,Mid,Ads,8.99,0,0,Increasing,7.755577118487384,Movies,0.3301284357469398,0,1.052198908808879,7.699392423760928,1.0,36.36308035354817,0
U3049,40,Mid,Premium,26.99,1,0,Stable,7.229698916163834,Movies,0.5550091298852202,0,1.0310219922712918,7.816227317075321,1.2919776503718132,20.022929817951052,1
U3050,49,High,Premium,26.99,1,0,Stable,10.319794201854764,Series,0.7499684447049394,1,1.4701250013720872,3.983696910502498,2.931423362989669,2.1653426296194773,0
U3051,18,High,Premium,26.99,0,0,Stable,12.528897995570773,Series,0.8019429535087743,1,2.973455188055399,8.634002032685471,4.254904103548759,28.59325568152975,0
U3052,26,Low,Standard,19.99,0,0,Stable,7.9261927314847185,Series,0.39044740994820915,0,1.2397346778478302,4.411240821303626,1.3359851570916341,33.85859646188264,0
U3053,31,Mid,Standard,19.99,0,1,Stable,8.071108277622614,Series,0.4159001315368177,1,3.1577440168252027,7.500724435350968,3.2121302491797588,13.16191601587018,0
U3054,25,Mid,Ads,8.99,0,1,Increasing,11.17712510099225,Movies,0.7996549537641141,1,2.0307394999854154,7.418983004770919,1.0498788581812704,12.635518962453371,1
U3055,55,High,Ads,8.99,1,0,Declining,5.047585691638726,Series,0.2961315853015286,1,2.1211876978042987,5.630069030827985,1.8106544307645018,20.420015693469438,1
U3056,24,High,Premium,26.99,1,0,Stable,9.327707804685248,Series,0.3804779292982583,1,1.6200415825785872,5.633325419471993,2.210162188123135,0.0,0
U3057,28,Low,Ads,8.99,0,0,Stable,9.016090585465701,Series,0.6086487993196319,1,2.1131356703981083,6.140921387937193,1.5094842368543437,26.516634846499105,0
U3058,37,Mid,Standard,19.99,1,1,Increasing,10.06312934144645,Series,0.608995945465722,0,0.6799404913001723,5.730874728879108,1.7807647590217583,38.2957399485999,1
U3059,20,Mid,Standard,19.99,1,1,Declining,4.363960187988769,Movies,0.241996384573505,0,1.501330727923098,4.719725943010957,1.0,10.191677477842774,0
U3060,30,Low,Standard,19.99,0,1,Stable,3.9586072252457263,Movies,0.4732157743838544,0,1.3539046058956155,4.548197907006675,2.8742942084074397,40.11671001734277,0
U3061,38,Low,Premium,26.99,1,1,Stable,8.4648270952285,Series,0.7804166875201001,1,3.1849255775789684,4.735718384449881,1.301953339169826,29.937896124172298,1
U3062,31,Mid,Ads,8.99,1,1,Declining,5.425716630452208,Movies,0.3463664734182401,0,0.5711220924593771,7.936432822430735,1.5361524921051386,17.07572565693073,0
U3063,33,Mid,Standard,19.99,0,0,Stable,5.524464538691798,Series,0.5463020280623206,1,3.0296011380361834,2.323319907430808,1.4180561481969116,25.618029279859346,0
U3064,28,Low,Ads,8.99,0,0,Stable,4.740159470010745,Series,0.5955475620769707,1,1.7129336881047013,4.506316490336343,1.4712277163143228,37.17226306385845,1
U3065,18,Mid,Ads,8.99,1,0,Declining,6.3228656987665035,Movies,0.2505278416051163,1,2.5065389628423795,4.848118398333587,2.3445257272843008,19.70181774450255,0
U3066,38,Low,Standard,19.99,0,1,Stable,3.79752735676607,Movies,0.010352611562229996,1,1.6127368716621198,5.043803528287878,2.262739894865096,22.710856081007243,1
U3067,56,Mid,Ads,8.99,0,0,Increasing,9.898923562331415,Movies,0.41018488740150916,0,1.4013868234771851,6.093550037835782,4.718602056224531,11.574275128861874,1
U3068,35,Low,Standard,19.99,1,0,Increasing,11.53065122750668,Movies,0.5031671427496082,0,0.5,2.8035010835510366,1.9549188809115958,16.561482856221406,1
U3069,37,Low,Standard,19.99,1,0,Stable,8.099785772833247,Movies,0.3192145443352187,0,0.9647092256696674,7.550632126035522,2.09957455530135,26.40960111841368,0
U3070,43,Mid,Ads,8.99,0,1,Stable,6.218520451283119,Movies,0.0,1,2.363659453074684,7.2739076167090495,3.53699458364769,15.835786779139006,1
U3071,19,Low,Ads,8.99,0,0,Declining,2.5012510310501717,Movies,0.2356569909356495,0,2.17772330923091,6.848667888553045,2.4248847050900433,11.95874684706742,1
U3072,55,Mid,Standard,19.99,0,1,Increasing,10.76105771938557,Movies,0.531144414373586,0,0.5,5.084882822818484,2.101276768556048,31.811838340845565,0
U3073,37,Low,Premium,26.99,0,1,Declining,7.401046183906841,Movies,0.06235029749263815,1,2.29863329547874,4.023295990684224,2.0664414043830037,23.79004135620643,1
U3074,54,Mid,Standard,19.99,0,0,Stable,5.854533290513919,Series,0.739176804420744,1,1.988753283901089,4.849596815594086,2.393983881888251,12.23864284957233,0
U3075,26,Low,Standard,19.99,0,0,Declining,6.013816400585719,Series,0.5109167743260454,1,1.1503684159182612,5.6217302186367455,3.1747746264198367,39.033635701133775,0
U3076,56,Mid,Standard,19.99,0,0,Stable,10.163030237463618,Movies,0.3462449698650118,1,1.6251029654145128,6.832371532300168,3.5453472307181935,43.363399629275065,1
U3077,44,Mid,Standard,19.99,0,1,Declining,5.67769419288322,Movies,0.21282009784322567,0,1.0644446868980688,5.337377589284093,3.231537168700497,30.175202583372542,0
U3078,41,Low,Ads,8.99,0,1,Stable,6.206239710244425,Series,0.3728834980764105,1,2.5802460721659646,6.22090522680625,2.6668797235042594,3.6641202834650564,0
U3079,37,Mid,Standard,19.99,0,0,Stable,9.081707080126316,Movies,0.6368492936540744,0,1.3439491808454362,4.632182478175264,2.410761083500587,22.884422541098548,1
U3080,32,Low,Standard,19.99,0,1,Stable,5.524878051684375,Series,0.763167806514298,0,0.6437580264335614,6.072651712290043,4.238158703468452,25.06344527269925,1
U3081,49,Mid,Standard,19.99,0,0,Declining,2.403615969893954,Movies,0.478944205900408,0,0.5,5.001600128503375,1.7255350870146011,0.0,1
U3082,36,Low,Standard,19.99,1,1,Increasing,11.43696357343794,Movies,0.5317110964403825,0,1.5088244071165906,6.035903095737487,2.89823456163462,32.30483884828031,0
U3083,18,Mid,Premium,26.99,0,1,Declining,4.187675473032874,Series,0.7005429744604994,1,2.182839589812951,1.96611726269275,3.3742132140922303,20.509919070425582,1
U3084,21,Mid,Ads,8.99,1,1,Stable,6.3669579719926315,Series,0.7888262511560469,1,3.2668547314542504,6.474208746722358,3.244306694400632,31.470893668143404,0
U3085,32,High,Premium,26.99,1,0,Stable,5.746118728897857,Series,0.467219850803917,0,1.1237219869198507,6.580006225884391,1.4376065808252916,14.333579409630891,1
U3086,38,Mid,Standard,19.99,0,1,Increasing,7.581547813337749,Movies,0.6255373774558091,0,1.8716154483481535,6.557924940551656,5.0,23.81064823169822,1
U3087,34,Mid,Standard,19.99,1,0,Declining,7.806066855053731,Series,0.857686211907466,0,1.5719190434608572,3.5251149783319846,3.8705403470535513,24.3829184846494,1
U3088,49,Mid,Ads,8.99,0,0,Stable,10.324997531567334,Series,0.6760963935035879,0,1.7108035427642925,4.079738569885337,3.2599819000174532,20.26305316271921,0
U3089,18,High,Standard,19.99,0,0,Stable,10.589957272289219,Series,0.5424010904229902,1,2.5594474851237616,3.762822779139876,1.1935697982151392,23.89659957875077,0
U3090,36,Mid,Standard,19.99,0,0,Increasing,12.270361863532537,Series,0.3552941562700519,1,2.5725991524346346,6.159961280667326,3.1797710333250295,16.354704923457902,0
U3091,18,Low,Standard,19.99,0,1,Declining,5.932542519546475,Series,0.6457315548408389,0,0.5,6.816449832194529,1.0,3.8035388803977987,1
U3092,44,High,Ads,8.99,0,1,Stable,4.135428816133773,Series,0.9369830359336129,1,2.1578524391335483,4.106874258546576,1.9677883810998178,0.0,0
U3093,33,Mid,Standard,19.99,0,0,Declining,4.6249505941993005,Movies,0.11783256532980035,1,1.9018290323420137,8.1312254658591,2.3066686087692125,10.591810028408267,1
U3094,40,High,Ads,8.99,1,1,Declining,9.313508977247375,Series,0.8036150297051212,0,1.9353269182714397,8.10477353257462,1.7507955752815718,27.489762998531326,0
U3095,24,High,Premium,26.99,1,0,Declining,4.128756842494692,Series,0.5057122252186886,0,0.7991626889106659,5.7759176425433925,3.7833028341499597,5.533882914782939,1
U3096,50,Low,Premium,26.99,0,1,Increasing,13.542433424316826,Series,0.5227804430369443,0,1.1598597923614835,6.241771877974365,2.30375524302211,30.729662458625356,0
U3097,47,Mid,Ads,8.99,0,0,Declining,5.11007163806109,Series,0.3649082017474262,1,2.7805194335820453,2.1408990342955607,1.2387808216090317,34.69422991419186,1
U3098,42,Low,Premium,26.99,0,1,Increasing,0.9655728424405616,Movies,0.19950141468660568,0,1.4504826961536812,4.441920372650377,2.953130490277246,23.67262067559815,1
U3099,33,Low,Premium,26.99,0,1,Declining,6.280971127337926,Movies,0.4793564171122293,0,1.3836537446283041,2.995280983357821,2.5984166998709526,16.00852847604959,1
U3100,41,Low,Standard,19.99,1,1,Increasing,12.798764088534934,Movies,0.5042255137513538,0,1.8545983605862935,3.6800272516394177,1.0,30.296499010641085,1
U3101,26,Mid,Standard,19.99,0,0,Stable,6.902008062718911,Series,0.647171616215321,1,2.456049888184681,6.529037688244152,3.5379552816347446,31.884217750508167,0
U3102,45,Low,Standard,19.99,0,1,Declining,7.466102008970827,Movies,0.24983742704802953,0,1.0275328565479616,7.012114807336016,2.3012887779843836,15.29871551133904,1
U3103,54,Low,Standard,19.99,1,1,Stable,3.664344971165826,Series,0.37928855955355223,1,1.5222383862094855,7.095715729243995,3.185255910775973,19.017752029972435,0
U3104,47,Mid,Ads,8.99,1,1,Stable,4.228871472201261,Series,0.6123516933620452,1,2.5920210467257894,5.983382934524112,2.6105259838833086,8.238046191052815,1
U3105,26,Low,Ads,8.99,0,1,Stable,7.409728616171375,Movies,0.2770091391566764,0,0.9149478691211916,6.546749055844854,1.8631398923731122,21.43440763930002,1
U3106,39,Low,Standard,19.99,0,1,Stable,7.954229455635064,Series,0.642236284487486,1,2.155316771557686,2.3217330649542585,2.624247262176959,0.0,1
U3107,19,Low,Ads,8.99,0,1,Stable,9.713157737184558,Series,0.5357524600359337,1,2.9470143151699304,2.9209358490447688,2.099243156298598,14.4895651770419,1
U3108,41,Mid,Premium,26.99,0,0,Stable,8.277848933497122,Movies,0.2908670426629074,1,2.167235816110832,5.081565309246046,2.4907946715368237,7.761287023362193,1
U3109,40,Mid,Ads,8.99,0,0,Stable,4.612741821269914,Movies,0.3817921372224926,0,1.0778830192175872,6.694972490689108,2.8012598448519057,16.94300292799037,1
U3110,18,Low,Standard,19.99,0,0,Stable,7.426091244148772,Series,0.6704384929287445,0,1.160192608296104,4.605472389496938,2.346912359009469,8.45754067256486,1
U3111,21,High,Premium,26.99,1,1,Increasing,10.802182335864448,Movies,0.594784258019547,1,2.14842471845372,2.7784330533597217,2.665110208117564,0.0,1
U3112,31,Mid,Standard,19.99,0,0,Increasing,3.3772980039086127,Series,0.5326023331850614,0,0.8044006777412869,4.116474620021737,1.8279176318246617,10.153313855380823,1
U3113,31,Low,Standard,19.99,0,1,Declining,4.912733060523969,Series,0.7090989034104552,1,3.3064148791060077,3.6330297766765396,1.628566047498792,12.291926843326483,1
U3114,20,Low,Premium,26.99,0,1,Declining,4.3288349121235505,Movies,0.710724411806415,1,1.9704086167214567,2.051022663367518,2.974836302117641,30.78275657645983,0
U3115,39,Mid,Premium,26.99,0,0,Stable,5.69061385250851,Movies,0.4644152648455125,0,1.6921937296886134,9.948785262294397,3.6501856993102955,10.307120536481776,0
U3116,38,Mid,Ads,8.99,1,1,Stable,7.997554103505345,Movies,0.5828501987129958,0,0.7907704228851703,7.965743085129176,1.6825004524076905,7.829703885784639,1
U3117,32,Low,Standard,19.99,0,1,Declining,2.7006369468841522,Movies,0.2258745321462552,0,1.5747632443402655,1.5486817205257335,2.5151669735956403,3.6972920770736657,0
U3118,25,Low,Premium,26.99,0,1,Declining,5.833759024007299,Series,0.4559288719303313,0,1.3846778520961311,1.6558971931088262,1.0,31.710592575657166,1
U3119,47,High,Standard,19.99,0,0,Stable,8.11898225841779,Series,0.5681251743230125,0,1.3125160363041777,3.888021814108715,4.004715795165166,15.323802061841205,0
U3120,54,Low,Standard,19.99,0,1,Stable,9.167526620521947,Movies,0.3394120229572522,0,1.3874683344373668,2.52133276409943,3.3460252119598337,21.2679304143541,0
U3121,29,Mid,Ads,8.99,0,0,Declining,2.7531614744147905,Series,0.8141649034231889,0,1.50797968773219,10.0,1.6161952672799025,0.0,0
U3122,27,High,Ads,8.99,0,0,Increasing,4.484297344936358,Movies,0.20406321016372903,0,1.1865488313698163,3.8953602319944896,1.8471010622416852,0.0,0
U3123,40,Mid,Standard,19.99,0,0,Stable,7.557807214678023,Series,0.5822744179604826,1,2.1937845665396414,6.223080679861853,3.4092629548107922,7.1774912785284535,0
U3124,30,Low,Standard,19.99,0,0,Stable,6.427457532264596,Movies,0.564965049402642,0,1.588718242006403,4.488407985937543,2.375923346708331,37.47868385656651,0
U3125,33,Mid,Premium,26.99,0,0,Stable,12.805300524987441,Movies,0.393108716679735,0,0.7290228234670746,3.165631167992256,2.8327916788432135,4.903109471457213,1
U3126,43,Low,Standard,19.99,1,0,Declining,5.916996952485864,Series,0.5978366059390835,1,1.522220618038015,7.59469437388479,1.2137945869089144,10.486596726402222,1
U3127,18,Mid,Ads,8.99,1,1,Stable,7.116323423408363,Series,0.6476995242933862,1,2.4073676326138944,6.809661149821756,2.7769120950917716,18.15495069874585,1
U3128,50,Mid,Ads,8.99,1,1,Declining,4.654344088647169,Movies,0.12448949969782741,0,0.5,5.380863265635961,2.051414207385961,10.498109694567269,1
U3129,35,High,Premium,26.99,1,1,Declining,2.563876309121102,Movies,0.12124937715160788,0,0.5,10.0,2.4988490327779314,23.741566803893782,0
U3130,30,High,Ads,8.99,0,0,Stable,8.127763105909194,Movies,0.032357249673278354,0,2.202623331313649,5.970110197817283,1.802488356692322,8.02706221223433,0
U3131,33,High,Ads,8.99,1,1,Declining,4.841709947458404,Movies,0.3913363574739206,0,2.074697949042739,4.587062497390304,1.9890258666310872,4.787859287923059,1
U3132,34,High,Premium,26.99,0,0,Stable,6.84337263314113,Movies,0.5337709499686033,0,1.0146187701949079,9.330546154567346,2.3038773192772326,50.61391652723002,0
U3133,18,Mid,Standard,19.99,0,0,Stable,7.18888665099731,Series,0.7531172969207741,1,2.8995075006882427,6.307751650731406,1.6148665714492636,6.758873796940964,0
U3134,52,Mid,Ads,8.99,0,0,Declining,5.442425059834491,Series,0.828725598512963,0,1.8168999470208749,8.755839270895896,4.468303920740451,27.541943992063356,0
U3135,35,Mid,Premium,26.99,0,0,Declining,1.5214887081649566,Series,0.890844443810775,1,2.5826547053567706,5.421822824148336,1.1452166381712086,6.6931491102329765,1
U3136,40,Mid,Premium,26.99,1,0,Stable,8.674046012741863,Movies,0.3789294768976326,0,1.2605373447203354,1.0,2.6998542536957637,0.0,0
U3137,46,High,Ads,8.99,0,1,Declining,3.3071112503681546,Series,0.5870784564452902,0,1.6132240855512747,2.3824921281307825,2.502733031611263,16.91689247060923,1
U3138,22,Low,Premium,26.99,0,1,Stable,6.723935605062746,Series,0.895192938968492,1,2.7787930208602174,7.665421067063077,2.960919073318726,1.9091427668911827,1
U3139,40,High,Standard,19.99,0,1,Stable,9.571809841330579,Movies,0.2097969606645826,0,1.6210546036338533,4.321874088362198,1.0,13.282255542020605,1
U3140,31,High,Standard,19.99,0,0,Increasing,14.33834577681034,Series,0.3642934759233504,0,0.5253328048503293,6.006650235205251,1.0,8.449853669639298,1
U3141,45,High,Premium,26.99,0,0,Increasing,3.8985166841208247,Movies,0.2822241094861796,0,2.31653382543042,7.767694797381493,1.6515500184290048,33.022214645374746,1
U3142,18,High,Premium,26.99,0,1,Stable,7.060489655349298,Movies,0.25885133813315686,0,2.501663834489151,5.858969503487579,3.120244679560519,0.0,1
U3143,33,Low,Ads,8.99,0,1,Declining,5.5458263703320725,Movies,0.3596653491642042,0,0.5,3.7811984194803543,1.9359661158002934,26.110634908938906,1
U3144,27,Low,Ads,8.99,1,1,Stable,3.9849399476171072,Series,0.42999606177137606,1,2.6065800659720484,5.477826586288652,1.8951949826926515,21.421273307982183,1
U3145,40,Low,Ads,8.99,0,0,Declining,6.60518272883633,Movies,0.4239466289526665,0,2.3228611346429933,5.713863805776497,2.2157874129598736,15.250988589297258,0
U3146,40,Low,Standard,19.99,0,1,Declining,5.232525354828346,Series,0.48617759192190335,1,2.901369081393545,4.683688864130308,1.3589926931639995,8.902133976284947,0
U3147,26,Mid,Ads,8.99,1,1,Stable,7.388319191389993,Series,0.8456407652711746,0,1.8064663970691655,2.7300437264890935,2.6700592649890917,20.067322211305484,1
U3148,26,High,Standard,19.99,1,1,Stable,5.164894163316131,Movies,0.11108689931205859,0,0.5807409237276552,4.789035379330445,2.391992389777104,20.703440635501167,0
U3149,33,High,Ads,8.99,0,1,Declining,5.825773286762697,Movies,0.32210543678957954,0,1.6955473759838466,5.314371900947595,2.7024049838993194,22.724974301411265,0
U3150,24,Mid,Standard,19.99,0,1,Declining,6.676447912779874,Series,0.5330171416844977,1,2.443518018799971,2.613636759874486,3.7161786722589603,14.770387831723607,0
U3151,45,Low,Ads,8.99,1,1,Stable,7.2545957674518675,Series,0.6461779845340936,1,2.767911047027757,3.6638175220091624,1.9698218898240463,4.259724919687578,1
U3152,30,Low,Premium,26.99,0,0,Increasing,7.458192297110839,Movies,0.5353408965653413,0,0.782236624372222,4.066298574272778,2.310175407371451,28.541570672817237,0
U3153,18,Low,Ads,8.99,0,1,Stable,6.127861363907272,Series,0.6532421812777885,1,1.6571055209342607,1.779276302696235,1.2145606939910896,17.958688152887937,0
U3154,30,Mid,Ads,8.99,0,1,Stable,7.440791414251931,Movies,0.32428176032975725,0,1.2287206562812638,5.756471342629598,1.0,10.64541765216383,0
U3155,22,Mid,Premium,26.99,1,1,Increasing,9.146392135141888,Movies,0.48825100755305884,0,1.1104066975318077,5.9739136033377385,2.1925843734496078,5.980818697375835,0
U3156,18,Low,Standard,19.99,1,1,Stable,8.809644238238791,Series,0.7686049538832302,1,2.205537674629924,4.41134804699467,2.302920199982159,29.069609060919362,0
U3157,20,Low,Ads,8.99,1,1,Stable,6.039483424951668,Series,0.6538399593408686,1,2.012281162376264,2.7627692978373988,2.8894011489932176,34.61229769977351,0
U3158,36,Low,Ads,8.99,0,1,Stable,4.56323879451835,Movies,0.4275183654612991,1,2.1793898059933103,6.313973091091138,2.7753523197447847,24.904063693145268,1
U3159,50,Mid,Standard,19.99,0,0,Declining,5.718772154641006,Movies,0.4793271092591227,0,0.9669510430167632,6.5921595073611,2.4543546004647583,25.70938861039273,1
U3160,38,Mid,Standard,19.99,0,0,Stable,6.044940294002593,Movies,0.021214654830149837,0,1.2758620942859344,5.697164674262534,3.884873660740756,32.068607029168554,0
U3161,27,Mid,Standard,19.99,1,1,Declining,6.567363898072734,Series,0.5298389577087087,0,0.5882183694818854,5.583123234484198,1.8879187103564916,13.657700479179336,1
U3162,40,Mid,Standard,19.99,1,0,Stable,7.015077260915201,Movies,0.42524678624173273,1,2.6084631804972163,6.687886988576631,2.010363152630932,43.609212326787116,1
U3163,29,High,Ads,8.99,0,0,Stable,8.309626408729645,Movies,0.291678503245125,0,1.4302717832289424,5.309062665374149,2.4832490345361133,5.28516728592621,1
U3164,26,Low,Standard,19.99,1,0,Declining,2.9713659065384244,Series,0.5423706220723621,1,1.5429029565541832,3.6644839156066666,1.016095711207014,15.0796293136356,1
U3165,21,Mid,Standard,19.99,0,0,Increasing,9.430158789689463,Movies,0.42498030855998675,1,3.095815237449909,5.359431986663123,2.887948363586651,8.741310522980731,0
U3166,18,Mid,Premium,26.99,0,1,Declining,3.601473585232167,Movies,0.4295289948030861,0,0.8865751345799397,4.715896112394899,2.2714450985875043,18.763059017520582,0
U3167,30,Mid,Ads,8.99,1,0,Stable,4.55925269384756,Series,0.6934118709141772,1,3.0133707050507708,5.359369208574339,2.290222126977995,38.77094820738358,0
U3168,36,High,Standard,19.99,0,1,Stable,5.277784243857969,Series,0.44155530765593887,1,2.4976546363016006,7.268532616431521,2.7427994985104887,15.139138282252981,1
U3169,33,Mid,Ads,8.99,0,1,Stable,5.911045816448282,Series,0.31643932788916357,0,1.8002814391616073,3.0958431029091673,2.5759071431873073,23.059016679066712,0
U3170,30,Mid,Standard,19.99,0,0,Stable,9.489389054047704,Movies,0.5108773564705019,1,2.405713591185323,5.854948950037107,2.611039718917016,0.0,1
U3171,23,Low,Premium,26.99,1,1,Stable,5.858119201014681,Series,0.4515168985023001,0,1.583418914393846,2.9948291029154075,1.810318927747249,23.132286773264592,1
U3172,42,Mid,Standard,19.99,1,0,Increasing,5.18537924916533,Movies,0.18769492874554472,0,1.794801993746732,3.6636386456150842,3.7694742497130034,29.98165441726535,0
U3173,19,Low,Premium,26.99,1,0,Increasing,9.394432267490007,Movies,0.1696496949175951,0,2.2535948807578268,8.647675269307587,1.0,19.47529713104851,1
U3174,44,Low,Standard,19.99,1,1,Stable,7.058361321355349,Movies,0.5802060282671078,0,1.837312670840924,6.414612908547821,1.5144196180210872,5.204405487017107,0
U3175,22,Mid,Premium,26.99,0,0,Stable,6.015893975979604,Series,0.6424053624172926,0,1.5241143569887556,5.821882394285617,1.6474986071650846,3.5944199531309966,0
U3176,25,Mid,Standard,19.99,0,0,Declining,4.677553068307747,Series,0.6685046796769069,0,0.6257436151282171,2.183056247197227,1.479323699719568,11.345542520952067,1
U3177,18,Low,Ads,8.99,1,1,Increasing,11.928681257989712,Series,0.7379102366454937,0,0.5,5.028519464549243,1.0,3.4939344715851135,1
U3178,28,Mid,Ads,8.99,0,0,Increasing,11.01211729619753,Series,0.5915258939168907,1,2.2217536505568014,1.3544182017645152,3.8440553225883227,36.91194901671737,0
U3179,46,Mid,Standard,19.99,1,1,Stable,8.168460413747463,Movies,0.5525376925331417,0,0.9427592475286539,5.574505444451956,2.8425019330669046,23.610006227620268,0
U3180,41,Low,Ads,8.99,1,1,Stable,4.632642430959539,Movies,0.11063936880408837,0,0.9611380632940684,3.0060726021674102,1.5686512821648653,35.33618363422308,0
U3181,46,Mid,Standard,19.99,1,1,Stable,12.773096123430646,Series,0.3828785988491987,1,2.2505408623204497,6.6156874871187625,2.897175534679047,14.530786219745913,0
U3182,41,Mid,Standard,19.99,0,1,Declining,7.102504420548444,Movies,0.12184610686679226,0,1.631396956170163,5.822607831103879,2.039474839453546,8.825848452556336,0
U3183,21,Mid,Premium,26.99,0,1,Increasing,10.551085689572615,Movies,0.43433369951406664,0,0.9895521016498157,3.067814592207169,1.9090014976910437,9.564857167379415,1
U3184,31,Mid,Standard,19.99,1,0,Stable,4.671376451205581,Series,0.701283539239738,0,1.7475960837732563,6.263186352908945,1.239914254906024,12.45355543991332,1
U3185,25,Low,Standard,19.99,1,0,Stable,8.895460225468215,Series,0.5054835926572994,0,1.3167466935701622,9.686776528477974,2.2172407690428364,12.067835453117567,0
U3186,50,Mid,Premium,26.99,1,1,Stable,5.997742979401344,Movies,0.30351233024224494,0,1.3188061772837842,5.09454912531115,1.5676931958058709,32.66150108660548,0
U3187,20,High,Premium,26.99,0,1,Increasing,8.417187586092103,Series,0.8536141201590464,1,3.4249978675614505,7.260605904571843,1.2278151723215314,28.963755212594037,1
U3188,45,Mid,Ads,8.99,0,1,Stable,3.638441447881434,Series,0.46111276080938135,1,2.4068657748224664,1.2940271215242225,3.1555938901704,21.250531110386873,0
U3189,45,Low,Standard,19.99,1,0,Declining,2.5170338281189815,Movies,0.4090865582506571,0,1.2729289164364437,6.435391889025627,1.377728151419404,0.0,1
U3190,56,Mid,Ads,8.99,1,0,Stable,7.87709299765427,Movies,0.21285682579602602,0,1.5619510032727009,4.361454618136753,3.6045389964002044,21.540666362270613,1
U3191,30,High,Standard,19.99,1,1,Increasing,12.01870402581147,Movies,0.5691948649880338,1,3.378286881102915,4.961970353576628,1.4853480111532633,14.270441405420938,1
U3192,43,Low,Standard,19.99,0,1,Stable,8.369808839590071,Movies,0.47568523685453357,0,1.276628132918068,6.690228995774324,1.0,34.87482124730618,1
U3193,62,High,Premium,26.99,1,1,Increasing,10.952456990228846,Movies,0.07021571479908251,0,1.5198790147589762,5.013036724722314,2.725054932101684,28.745183348731345,0
U3194,27,High,Standard,19.99,0,1,Increasing,8.80570062912088,Series,0.5478397940704108,1,2.2350282570024467,2.2651238917955707,1.753224598172515,19.705953615662207,1
U3195,18,Low,Standard,19.99,1,1,Stable,6.1865859692675755,Series,0.18419864178741585,0,1.2484797091547224,8.554440718637403,1.0,0.0,1
U3196,18,High,Premium,26.99,0,1,Stable,7.577790287130787,Series,0.780091116202166,0,1.054953765586264,2.599599364663568,2.4547112471526504,16.366853437607134,1
U3197,43,Mid,Ads,8.99,0,0,Stable,8.642816646200547,Movies,0.7594617901842871,1,1.9639496670669863,3.820929618843855,1.0,10.160343758035385,1
U3198,18,High,Standard,19.99,1,0,Stable,7.0097245098671825,Movies,0.0,0,2.1480288767893514,5.756237128071929,1.0,22.864091567737898,0
U3199,30,Mid,Standard,19.99,0,0,Stable,9.42050403982681,Series,0.31458026181259047,1,1.9677001860208962,5.774867042893623,2.8770364514253473,4.294534171017657,1
U3200,40,Mid,Ads,8.99,0,0,Stable,6.569861472367984,Series,0.6334640167139706,0,0.5296795154447278,6.35594493339906,3.6889949577163597,21.148109749878238,0
U3201,37,Mid,Standard,19.99,0,0,Stable,5.039442129407898,Series,0.5963082379421093,1,2.375244069764763,5.76653734771552,1.8052964232171134,0.0,0
U3202,40,Mid,Ads,8.99,1,0,Stable,6.979275515917998,Movies,0.2678309656389758,0,1.8089086432372066,7.796839659032056,3.411638508414334,1.372606908146743,0
U3203,37,Low,Premium,26.99,0,1,Stable,7.2119445565191365,Series,0.2524759965497732,1,3.0455096742843994,6.480597122272882,3.0020426720588054,7.44174042449356,1
U3204,50,Mid,Ads,8.99,0,0,Stable,6.835939865447181,Movies,0.4146893659950257,0,0.7027673753280426,3.1285994765068255,2.8672370252575607,11.44580633051675,1
U3205,23,Low,Ads,8.99,1,1,Stable,9.561311121764522,Movies,0.5275027703893957,0,1.8563781505387098,1.0,2.030295968565125,22.666990305222914,0
U3206,26,Low,Standard,19.99,0,0,Stable,8.610603961448078,Series,1.0,0,2.3294694226491375,5.80217561331364,1.6038671355832204,0.0,0
U3207,25,Low,Ads,8.99,0,1,Increasing,4.707177034134871,Series,0.8614575844273642,1,1.8895073382215843,8.432285660945908,2.544121991404392,10.305890026652609,0
U3208,44,Mid,Ads,8.99,0,0,Stable,10.068734028396571,Movies,0.09025680161175259,1,2.195560603611956,2.9952541749606927,2.848015014848141,10.611127650431168,1
U3209,45,Low,Standard,19.99,1,1,Declining,0.0,Series,0.5976217177676463,0,0.6842222673363659,3.4001015646782533,1.0,26.25598623102602,0
U3210,40,Low,Standard,19.99,0,0,Stable,11.302048745704994,Series,0.7184155442897431,1,3.412219726058411,6.2097111105233,1.875708654441902,15.699300914404686,0
U3211,49,Low,Standard,19.99,1,1,Declining,4.425388972886247,Movies,0.2123477104953407,0,0.5538067715915385,6.465986515072542,2.010665954649826,6.391482267045957,1
U3212,20,Low,Standard,19.99,0,0,Stable,6.620864526697,Movies,0.5060024003085779,0,1.1001058895745803,7.744569368315732,1.9178070187246359,5.054041421174331,1
U3213,55,Mid,Standard,19.99,1,0,Declining,4.87996752205272,Movies,0.49067555798738693,1,2.7708131552193502,8.782220526464688,1.5248933683773889,11.36666097114201,1
U3214,53,High,Standard,19.99,1,1,Increasing,10.155616298520542,Movies,0.5974719431471666,0,0.9579935047194337,5.9721695898819,1.0,0.0,1
U3215,43,Low,Ads,8.99,0,1,Declining,4.999473597466314,Series,0.7604485506535039,0,0.8054419541192208,3.6465982904096155,1.895738230103972,37.51050185825601,0
U3216,56,High,Ads,8.99,0,0,Stable,6.733209622325465,Series,0.6570287300215518,0,1.2738795704298451,3.707766991035676,1.922277982764905,17.947698828719446,0
U3217,18,Mid,Standard,19.99,1,0,Declining,7.617836618712371,Series,0.4724136505982228,0,2.4950780713657434,4.412744986646789,1.7272391970492362,7.037422992515262,1
U3218,28,Mid,Premium,26.99,0,0,Increasing,10.696788239252548,Movies,0.09138428110136848,1,2.1463996476214935,7.562417102470852,2.849332304073429,5.346422113684593,0
U3219,26,Mid,Ads,8.99,1,1,Stable,5.082392291258477,Movies,0.39380322763079034,0,1.1964639844905067,4.49983253046392,1.0,3.5121844958325124,0
U3220,43,High,Standard,19.99,0,0,Increasing,11.222021743007174,Series,0.5192331816579298,1,1.6306643768865297,7.4231546267078885,2.4803932103027706,22.454137849770337,1
U3221,22,Low,Standard,19.99,1,1,Stable,8.048214006366678,Movies,0.2885605524653714,0,1.4925477486243304,2.4503320898828975,1.0,0.0,0
U3222,44,Mid,Standard,19.99,0,0,Stable,5.909452548837562,Movies,0.5743580981438736,0,1.74186170141077,6.074321433041943,2.133753777180424,15.864112258960722,0
U3223,51,Mid,Standard,19.99,1,0,Increasing,11.376415279086483,Series,0.8737848027611721,0,0.9968479433720829,3.9978160746475293,1.0,24.88349744621257,1
U3224,43,Mid,Ads,8.99,0,0,Declining,4.68485479755392,Series,0.3529266767493392,0,1.5678658046633822,6.544218254130653,1.31014245527237,10.968500824033839,1
U3225,38,High,Standard,19.99,0,0,Stable,6.556653055749798,Series,0.5579138788169624,0,1.0007359792282018,4.987451469637508,2.178051974990132,5.85754719317298,0
U3226,23,Low,Ads,8.99,0,0,Declining,4.502173765134131,Series,0.5133589659406865,1,1.1637671430006131,7.095061594329268,1.0,28.052380470437846,1
U3227,24,Mid,Standard,19.99,0,0,Stable,2.1437638860952015,Series,0.6629817284005344,1,2.5744187793110496,4.630172343201304,1.0,4.416791605837103,1
U3228,49,Mid,Premium,26.99,0,0,Increasing,7.419902001196196,Movies,0.0,0,2.3371915067098508,5.448053698884256,3.1818944603023924,14.667738965074047,0
U3229,44,Mid,Standard,19.99,0,1,Increasing,11.139519726376804,Movies,0.057832402991443876,0,0.7020518214754365,7.116163124375432,1.0,19.382643274645574,0
U3230,34,Low,Ads,8.99,1,1,Declining,4.955177514192474,Series,0.5765010133923189,1,2.4076279012230706,5.296216682262794,2.081165133882875,10.750443824951827,1
U3231,29,Mid,Premium,26.99,0,0,Stable,4.429627140288501,Movies,0.5072230408610631,1,3.0858530897617125,5.616621057190389,3.6760410551352685,3.619382478732504,0
U3232,18,High,Premium,26.99,1,0,Stable,8.929262510384074,Movies,0.3650581474907148,1,2.2388085047593966,7.020950183081401,2.3424219501970027,11.297883714713992,0
U3233,22,Mid,Standard,19.99,0,1,Declining,4.402799680913208,Movies,0.4843014146115404,1,1.4438995433020967,5.3464944504447685,2.2289434355213174,22.083908619138366,0
U3234,57,High,Standard,19.99,0,0,Declining,2.556849018676954,Movies,0.3894616755373973,0,1.3224790982400734,2.330376942422467,1.4864534498783055,9.25738769028811,0
U3235,19,Mid,Ads,8.99,0,0,Stable,11.412024923342031,Series,0.855257914748823,1,3.1942159889173904,4.357919283859205,1.4898719328443102,23.459547360583457,0
U3236,37,Low,Premium,26.99,1,1,Increasing,5.840482216536733,Movies,0.6471775097664361,1,1.996079304296983,1.6530990671882906,2.0322252678255452,14.937263412231491,1
U3237,47,Low,Standard,19.99,1,1,Stable,8.758983022571421,Movies,0.19790742256690128,0,1.4161214275240634,5.000116234533894,1.0,10.739296635360628,1
U3238,19,Low,Premium,26.99,0,1,Stable,5.4613717982907914,Series,0.7767290679575103,0,0.7732361648932681,6.442625109983004,3.21272226728047,9.294963181241485,0
U3239,37,Mid,Ads,8.99,1,0,Stable,7.271653669147644,Series,0.7016239096934109,1,2.240316215727269,5.749196672590007,2.407570244605791,20.784788965431254,0
U3240,46,Low,Ads,8.99,0,0,Stable,5.195638073263648,Series,1.0,0,1.4933457697219668,8.28931424444007,1.0,31.52336015738962,0
U3241,35,Mid,Premium,26.99,0,0,Increasing,5.282087456179024,Movies,0.19043299619717657,1,2.3755116822122724,8.065336523968334,3.226024291468632,19.46213808703464,1
U3242,69,Mid,Standard,19.99,0,1,Stable,8.044405089342819,Movies,0.32665289379363627,0,1.084251309876732,6.013471108249438,2.8792435089150294,6.422921819800983,0
U3243,18,Low,Ads,8.99,0,1,Declining,5.810581090268801,Movies,0.14354527333682646,1,2.565795623669714,1.0,2.639088893728894,31.118060901592912,0
U3244,47,Low,Ads,8.99,0,1,Stable,9.289298888438129,Series,0.4054127535795997,1,2.701698534233001,6.842689866378077,4.436263018579183,7.377184598367533,0
U3245,32,Low,Standard,19.99,1,1,Increasing,8.89685420911241,Series,0.6771128043290202,1,2.741359397190094,3.956588846931595,2.2963362256850175,38.747039269204414,0
U3246,44,Mid,Ads,8.99,0,0,Stable,11.440703588252983,Movies,0.3911086841078222,1,2.1242428189525886,7.262456784392593,3.7301612158794493,16.069734397282037,0
U3247,40,Low,Standard,19.99,1,1,Stable,7.536693334874071,Series,0.7082902187816357,0,0.9894954733055618,6.125300653896268,2.2255114040248465,7.458988930472184,1
U3248,26,Low,Standard,19.99,0,0,Declining,6.133549362474424,Series,0.7039507454898131,0,2.2815595058242257,6.812167296947368,2.6524260960750192,24.705037476725686,0
U3249,37,High,Standard,19.99,0,0,Declining,2.283141509785543,Movies,0.30287224943511776,0,1.3688120805995951,6.5033387529636,1.6466573766807615,14.262786522543779,1
U3250,18,High,Standard,19.99,1,0,Increasing,7.157747054632408,Series,0.5514921862603674,1,2.145507612438681,10.0,1.0,23.314240895206243,1
U3251,42,Low,Premium,26.99,1,1,Stable,8.039359401031955,Series,0.40584025350561703,0,0.5614589821747841,6.542366486619223,1.0,19.104036468461064,1
U3252,38,Mid,Ads,8.99,1,1,Stable,6.8315444751728345,Movies,0.20976913914308104,0,0.8337597115403319,2.939720434437428,2.1155529110007483,1.4498931108079844,0
U3253,42,Mid,Standard,19.99,0,0,Stable,7.3753662700692715,Movies,0.3386396446884118,1,1.9146090740781745,7.6426248867673525,1.9627433737763944,17.159115475499434,0
U3254,47,Mid,Ads,8.99,1,0,Increasing,6.5505187328574195,Series,0.6394059283684161,1,2.563648110271568,4.639114084982804,1.0200298076326915,24.01690105982822,1
U3255,39,Mid,Standard,19.99,1,1,Declining,5.243893946943243,Series,0.7421575783177178,0,1.121886370953895,8.19038604064835,1.9228336669570585,19.350162560015097,1
U3256,36,Low,Premium,26.99,0,0,Increasing,9.355637674775208,Movies,0.4717721319584347,1,2.3091183778091957,8.585770106795174,2.6501356341668227,33.07008415667188,0
U3257,24,Mid,Premium,26.99,0,1,Stable,4.639129960229522,Series,0.9114153531131466,0,0.5833750518864071,6.743690997706887,3.4909191261834525,21.742537025426266,0
U3258,26,Mid,Standard,19.99,0,0,Increasing,10.927649534041771,Movies,0.15546238150048616,1,3.1426573034695306,2.944733161403238,1.5078579799676728,15.097130503186316,0
U3259,49,Low,Standard,19.99,0,1,Increasing,3.8998051592460934,Movies,0.3034829178711861,0,0.9312549991929187,4.579362257192765,2.5929167332889325,20.52305046390656,1
U3260,52,Mid,Premium,26.99,0,0,Stable,7.3684761611953675,Movies,0.17293908876044567,0,1.41756126560354,8.18150303396716,3.9392289393408646,12.090701148524282,1
U3261,32,Mid,Premium,26.99,1,1,Declining,8.531185387651,Series,0.855457413872414,1,1.9816639774185973,9.498005174748616,2.950002824558773,22.32593948788697,1
U3262,35,Low,Premium,26.99,0,0,Declining,6.361101075638164,Series,0.4995052223607153,1,2.109120732047952,5.623852268987571,1.4305350307350637,22.309431755659524,1
U3263,24,Low,Standard,19.99,1,1,Stable,8.348598492074208,Series,0.8310054904889272,1,1.8235725910339404,4.950401169015918,2.301397789263083,3.1348608985099915,0
U3264,49,Mid,Premium,26.99,1,1,Declining,3.2051466501026304,Series,0.8905572267452118,0,1.4481516237788663,3.1397451167277612,2.3847733411515755,27.271159905424614,1
U3265,42,Low,Ads,8.99,0,1,Declining,8.538124106305721,Series,0.6826873926921564,1,1.7117946703085665,3.1659013237903575,2.8374606215141602,44.80162862866552,0
U3266,58,Mid,Ads,8.99,0,0,Declining,7.753436189204577,Movies,0.408611765545006,1,2.4885528284137806,5.965564275644737,2.2390624321202512,24.551988205484392,1
U3267,24,Low,Ads,8.99,0,1,Stable,5.312819954208866,Series,0.607729029096916,0,1.2405872524304766,6.901496304544554,2.6836304089862253,0.0,1
U3268,30,Low,Ads,8.99,1,0,Declining,4.050473516370246,Series,0.5365787927667155,1,2.6780118917175835,2.5252900310704613,3.219686143394366,12.878581818122719,1
U3269,37,Mid,Standard,19.99,1,0,Increasing,12.763968134780065,Movies,0.2625230472343869,0,1.6643407293736372,7.158673878971815,1.1481791465574456,2.6471088302040062,1
U3270,42,Mid,Premium,26.99,0,0,Increasing,14.388442134950273,Movies,0.32051665525713846,0,1.1412098445724046,8.244554666113956,1.0,14.498433128271214,1
U3271,32,High,Standard,19.99,1,1,Stable,4.470627929819424,Series,0.9648756780958199,0,1.4830157011210268,6.761180415748203,2.808826498207859,26.231342893384067,1
U3272,24,Mid,Standard,19.99,0,0,Stable,4.992578460550847,Movies,0.1416289570067639,0,1.075858905732224,8.8057236665883,2.046723593769094,9.38064694376884,1
U3273,45,Low,Standard,19.99,1,1,Stable,6.712426487155661,Movies,0.3909218447551981,1,3.0896466542676446,6.210939649625859,3.0631109666622143,40.616441825480706,0
U3274,43,Mid,Standard,19.99,0,1,Stable,2.6578119411149697,Series,0.74226119283748,1,2.084611883722088,6.230733539117927,3.2876741711576596,0.0,1
U3275,24,Mid,Standard,19.99,0,0,Stable,7.0380903204188465,Series,0.5431248317315287,1,2.1789337565136577,6.192525676205774,1.0,15.022720757469939,1
U3276,51,Low,Premium,26.99,0,1,Stable,9.371487028059969,Movies,0.4332164742483157,0,1.065595301011882,8.218846134925101,1.36296479754344,22.551194540541573,1
U3277,49,High,Standard,19.99,0,0,Stable,4.122725967528501,Movies,0.049079637463311954,0,0.9334618552459866,6.575278898499656,2.074856917297955,3.3667085686107576,0
U3278,36,Low,Standard,19.99,0,0,Stable,7.254213929950175,Series,0.8650086292630359,0,2.3168489463636326,4.440492529246,1.1762898019903603,4.94601442993217,0
U3279,35,High,Standard,19.99,1,0,Stable,5.836458590009373,Series,0.8262297422882181,0,1.5432058011408596,6.346863395851046,1.7270352807727827,27.075454526195923,0
U3280,41,High,Premium,26.99,0,0,Stable,10.279891897507834,Series,0.5803148201252701,0,1.3340435840016702,6.366894885945797,1.0,41.14078295078617,0
U3281,24,Mid,Ads,8.99,1,1,Declining,3.860416275733898,Series,0.42403282693898625,1,2.014267439295399,5.075332065019588,1.7614055406144926,42.55239023359569,1
U3282,35,High,Standard,19.99,0,0,Stable,10.037986175497167,Series,0.7585796295173814,0,1.8565558801347966,7.5451665137210435,1.233968343168271,13.840996003961635,0
U3283,18,Mid,Standard,19.99,1,1,Stable,5.805089858377546,Series,0.37037610673958743,1,1.9726156159926418,5.682971792560115,2.5446239535496997,34.21598522409292,1
U3284,45,Low,Standard,19.99,1,1,Stable,8.542351610668259,Movies,0.1490751868180797,0,1.3603895953900136,6.910574038027456,3.102420166373642,17.174651152697834,1
U3285,18,Mid,Premium,26.99,1,1,Stable,7.503891236725398,Movies,0.33927810178626333,0,2.40147577585391,6.519520555362972,2.6087453911826906,29.000377281659897,1
U3286,53,Low,Ads,8.99,0,0,Increasing,8.585182000457095,Series,0.9036083133976032,1,1.725648239391441,4.048452656717499,4.797745282102447,15.472247238597276,0
U3287,31,Mid,Standard,19.99,0,0,Declining,3.4189428618920488,Movies,0.47811637118706374,0,1.5697872272245852,3.5408998033639687,3.138863800780608,4.383785879646659,0
U3288,32,Mid,Premium,26.99,1,0,Stable,7.646190842635786,Movies,0.2206009660021429,0,1.4442725894524813,4.069473012472621,3.1013497842702424,37.22192184935111,1
U3289,27,Mid,Standard,19.99,0,0,Stable,6.118929475030177,Movies,0.013580411696899441,1,2.6168955572583292,5.33768381718642,2.117897409976288,40.35018644316101,0
U3290,31,Low,Standard,19.99,0,1,Stable,5.620467550383724,Series,0.6083040827263628,0,1.1575482012576104,8.683054073775683,1.893142436885229,12.950519234185785,0
U3291,52,Mid,Ads,8.99,0,0,Stable,9.94544548275144,Series,0.6502843571803195,1,1.9446465497081804,5.405176482717332,3.4731075650308814,29.239538522653312,0
U3292,18,High,Ads,8.99,1,1,Increasing,10.642590682479682,Movies,0.3354439836822393,1,2.435895775176501,6.247509307842916,1.9469700436425488,16.259911275078117,1
U3293,50,Low,Standard,19.99,1,0,Declining,6.287277903814406,Series,0.9612783360463352,0,1.07198535488262,7.246031550427423,2.2349212392681794,44.17091758427353,1
U3294,39,Mid,Ads,8.99,1,1,Increasing,7.825204444163212,Movies,0.3236146220783108,1,0.9010172135772632,4.782293866899302,2.0278162330509244,0.0850866108604258,1
U3295,20,Low,Premium,26.99,0,1,Increasing,8.442064958750086,Series,0.14357592516484607,0,0.8877670061046113,4.670655536172508,2.739957984562758,15.8605532835499,1
U3296,22,Mid,Standard,19.99,0,1,Stable,6.502846665297777,Series,0.5185720883647222,1,2.1099998005232905,7.603158239046188,3.0915279757884147,0.6329160073693814,0
U3297,55,Low,Ads,8.99,1,1,Stable,7.674477825001954,Series,0.6909289157094858,1,1.6532905077169195,6.636340533522748,3.2643275516492403,0.0,1
U3298,23,Mid,Standard,19.99,0,0,Stable,8.283606903685012,Movies,0.42737946175039454,0,1.3754934082460095,4.372022297079271,1.8962477286367034,16.609290439906268,1
U3299,21,Low,Standard,19.99,0,1,Stable,6.939497259376856,Series,0.5646643427529938,0,0.9212019115691991,4.675308790557945,2.3821598572693437,12.594843895726294,0
U3300,48,Low,Ads,8.99,0,1,Increasing,6.622065017458077,Movies,0.28155636278543555,1,2.27393666154927,5.67063341035456,2.5313659113993126,5.864268676305629,1
U3301,39,High,Ads,8.99,0,0,Declining,6.521140914053097,Series,0.20007542304035308,1,3.600723611866064,6.159241711223372,3.6642026136621304,28.04631046111927,0
U3302,23,Low,Standard,19.99,0,1,Declining,5.066807736416672,Series,0.6171541512443067,0,1.913501286814074,7.98795542606188,1.0,33.58498620487504,0
U3303,37,Mid,Standard,19.99,0,1,Declining,2.1183272424580384,Series,0.5322754447842075,1,2.6548951643018657,6.563990022482582,2.2114454528879848,24.154422995390878,1
U3304,22,Low,Standard,19.99,0,0,Stable,2.7294104998406237,Movies,0.39984997640869185,1,3.3855373407841194,3.5329869669886964,1.5569313410107162,0.0,0
U3305,48,Mid,Standard,19.99,0,0,Declining,5.595794350920947,Series,0.6982578548040581,1,2.256448447044313,3.927442904625246,1.6674714588853532,22.073957968203374,0
U3306,47,Mid,Standard,19.99,1,1,Increasing,6.511578603366888,Movies,0.5982136744089281,1,2.262555309127387,6.119445040293761,1.3495102673093862,21.95671953166453,0
U3307,41,Low,Standard,19.99,0,1,Stable,7.862124258792906,Movies,0.15888697973722635,0,0.7722018668189701,5.785561956492047,2.7391212844728963,7.8930483788149886,0
U3308,39,Low,Standard,19.99,0,1,Increasing,6.673145073408197,Series,0.34120356909685695,1,3.0668931022014414,3.812056074009444,1.0,22.150269978466465,0
U3309,56,Mid,Standard,19.99,1,1,Declining,5.266371544990014,Movies,0.23520665377511984,1,3.474195559442337,7.605794115198924,2.0615444504934333,11.916404938254193,1
U3310,34,Mid,Ads,8.99,1,0,Stable,6.243196944075817,Movies,0.20288135098873852,0,1.753704825974085,1.0041369387259218,1.0,8.155954570088625,1
U3311,20,Mid,Premium,26.99,0,0,Declining,8.50384162054661,Movies,0.18491808505674445,1,3.1540316555891783,6.171248278756493,1.507493424236446,3.8073781079389857,1
U3312,40,Mid,Standard,19.99,1,1,Declining,6.9006313156372885,Movies,0.6389812881736505,0,0.5,2.4060790766880693,1.986256733304216,28.0121011796367,1
U3313,60,Mid,Premium,26.99,0,0,Stable,9.69459380037566,Movies,0.37968317430765886,1,3.703817809148556,7.261396913575584,1.7943582578494477,33.52115714821211,0
U3314,22,Low,Standard,19.99,0,1,Increasing,9.072143307357198,Series,0.9944786925256164,0,1.2478284018619865,4.97001994394314,2.881148061664878,16.30413048807771,0
U3315,30,Low,Ads,8.99,0,1,Stable,8.644721878229763,Movies,0.34938591539504743,0,2.4779840704693132,6.995453183183608,3.4496651035571455,29.816623561606214,0
U3316,39,Low,Standard,19.99,0,1,Stable,7.183300155202284,Series,0.36562471018680776,0,2.1658252170214407,4.71801160556104,4.158159490396491,36.31770553438233,0
U3317,34,Low,Standard,19.99,1,1,Stable,9.939182734867453,Movies,0.18836508316044606,0,1.6862127055436142,8.15148714963843,2.1924851856114786,19.575681872044303,0
U3318,23,Low,Standard,19.99,0,0,Declining,4.8548758694874525,Series,0.8048910694087916,0,1.128482347492852,1.768399916339054,3.3610846444235074,17.071081930152996,1
U3319,48,Mid,Standard,19.99,0,0,Stable,4.205021319278412,Series,0.3732296526078952,1,2.3949434761274317,7.258979302607182,3.663946881541158,23.63555422564487,0
U3320,62,Mid,Premium,26.99,1,1,Declining,1.0027569494921225,Series,0.7115753288527757,1,1.1539852629237173,4.284303468250686,1.7237352335135834,7.946991149906074,0
U3321,37,High,Standard,19.99,0,1,Increasing,14.004933358693545,Series,0.5286494941694678,0,1.765399705395153,6.250199863765783,3.4330933627116273,24.562621386558785,0
U3322,24,Low,Standard,19.99,1,1,Stable,7.957008948301719,Movies,0.1640348854670478,0,0.5,6.334179852239239,1.0,19.81314616965129,1
U3323,18,Mid,Ads,8.99,1,1,Stable,8.088513700083483,Series,0.8773039464296448,1,2.120786675670402,2.7151575964164882,2.4977056978004755,2.3196458261499924,0
U3324,38,High,Premium,26.99,0,0,Stable,9.979295684583164,Movies,0.23228679273599595,0,2.071618701906978,7.494829994796225,3.805461435344296,2.46010298659456,0
U3325,48,Mid,Premium,26.99,1,1,Declining,1.6965301125480892,Movies,0.1844857950799265,0,1.6603624392258147,6.287404948595949,2.2993164002274757,6.176371721299217,0
U3326,40,Low,Standard,19.99,0,0,Stable,6.282797569536385,Series,0.5842213840894354,1,1.382051143315116,5.733882114306514,2.0096105180895503,24.15176144833985,1
U3327,34,Low,Ads,8.99,0,1,Increasing,8.291790511154899,Movies,0.24835246143162698,0,0.6298472513374801,6.270356309107883,2.0045742300722265,13.951847242592141,0
U3328,27,Low,Standard,19.99,0,0,Increasing,11.226825699621045,Movies,0.7929971801199737,0,1.0012821789391124,5.750463069287887,3.6684642286243907,17.69960611631514,0
U3329,21,Low,Ads,8.99,1,1,Declining,3.6147195497982345,Series,0.8120714586751159,1,2.3470254701621887,7.16935788915039,1.0,34.395829754462596,1
U3330,45,Mid,Standard,19.99,1,1,Declining,2.59725251297042,Series,0.4818615155089674,0,1.7382754122555752,4.557155625907644,1.8089968934580731,23.313785684781607,1
U3331,45,Low,Ads,8.99,0,1,Stable,4.579302698005786,Movies,0.2549325777483137,1,2.662482864496504,7.172367463464841,3.0423170410777005,10.289865486823317,1
U3332,18,Low,Standard,19.99,0,0,Increasing,12.448254228816062,Series,0.19611034498645225,0,0.7706228951482738,6.644595571060482,2.517891095742351,6.154842046185806,1
U3333,54,Mid,Standard,19.99,0,0,Increasing,6.772403718590647,Series,0.627480730218289,1,2.6712397624611244,5.155964677211728,3.386869937568103,21.661269040931415,1
U3334,41,Mid,Standard,19.99,1,0,Stable,5.895965031356377,Series,0.4505881314122385,1,2.73520220868626,9.19248904782496,2.8822618094816113,6.347171007080886,0
U3335,51,Mid,Standard,19.99,1,1,Stable,8.26899630145581,Series,0.6176022764319867,0,1.5442600849876835,6.403203271605748,1.7281232407771498,33.036334095639184,0
U3336,18,Mid,Premium,26.99,1,1,Increasing,6.903163775295301,Series,0.2067451810191539,0,2.53909232382793,5.890000153683259,2.7814646688958584,20.949281097523933,1
U3337,18,Mid,Ads,8.99,1,1,Declining,1.5901031544887165,Series,0.5946487328022116,0,1.6631594796316191,6.6479216352458685,1.0,19.550077906069234,0
U3338,33,Low,Standard,19.99,0,0,Increasing,4.254896478825303,Series,0.9397342612466988,1,2.8806937795647296,5.290465422181704,1.0,6.540448827910062,0
U3339,41,Mid,Ads,8.99,0,0,Declining,4.886385206569083,Series,0.6108282322464653,0,2.237929178636882,7.902200982926011,1.588490795907996,25.432450113632477,1
U3340,56,Mid,Ads,8.99,0,0,Stable,7.994656860730443,Series,0.44506356258989177,1,2.810070261829689,5.457284820603916,2.279895046212213,31.541342375840042,0
U3341,43,High,Ads,8.99,1,1,Declining,4.59550951229916,Series,0.5959066550180349,0,1.0244721605886875,7.138856562183982,1.3883714080460192,16.364747862904878,0
U3342,32,Low,Standard,19.99,0,0,Stable,7.860885407618138,Series,0.5871502527627828,0,1.9213514356305685,3.363439986237743,2.374380398582543,29.138715521620114,0
U3343,22,Mid,Standard,19.99,0,0,Increasing,4.1614874219770925,Movies,0.7883666281512582,1,2.0591634741077436,1.9083592018371909,2.2585274119518077,13.14197102502921,1
U3344,49,Low,Premium,26.99,1,0,Stable,3.9093929180637836,Movies,0.28343161415586265,0,0.8086958279324152,6.30526705759764,1.0,17.25263999918527,0
U3345,23,Mid,Standard,19.99,1,1,Declining,9.507871832588481,Series,0.35934133935542856,1,1.7618134474796507,4.732387011660197,1.6603208161004335,43.03239741578971,1
U3346,54,Low,Ads,8.99,0,0,Declining,7.46556854427336,Movies,0.3542916348454876,0,1.9156744731298743,5.114674003496992,3.141037822378136,13.542237771450647,0
U3347,31,Low,Standard,19.99,1,0,Stable,8.537943783797035,Series,0.6391066475678597,1,2.6721474636363713,1.0,2.686514416004033,24.47621980825548,0
U3348,54,High,Ads,8.99,1,1,Stable,5.680550658531121,Movies,0.4624591932708312,0,1.8304180292841092,8.901251077496529,1.5035458545079785,13.330856936909134,1
U3349,43,Mid,Standard,19.99,0,0,Stable,6.523987618539099,Series,0.7511523700462772,0,1.6125454168170346,5.7091139638908,2.8189023327154454,21.36527845191001,1
U3350,33,Mid,Ads,8.99,0,0,Declining,4.9966453657328,Series,0.9911052171019592,1,2.4133083757139207,8.169149055780426,3.955174229674907,26.35353463765845,0
U3351,28,Low,Ads,8.99,0,1,Stable,9.628692227433048,Series,0.48086725966549226,1,2.490806895600508,2.714841949626372,1.7755428458586824,7.190051246121145,0
U3352,30,Low,Standard,19.99,0,0,Increasing,10.208348299335276,Movies,0.21269005116436304,0,1.5955392382531706,5.697297869027174,2.94143543160364,9.537760580281228,1
U3353,40,Mid,Premium,26.99,1,0,Stable,8.051827602575603,Series,0.22917270456907035,0,0.9987550310266025,6.315038778300048,2.7836033222605305,24.812001812484716,0
U3354,35,High,Standard,19.99,0,1,Stable,6.664690129765001,Movies,0.4823307533431447,1,1.5258198939318441,5.767934240110846,1.7226156437306805,19.939537273350407,0
U3355,27,High,Premium,26.99,0,0,Increasing,11.377995200520253,Movies,0.17253712691217116,1,2.008930961909815,5.966995420304716,1.0672021987409348,32.06969860609031,1
U3356,33,Mid,Ads,8.99,0,0,Stable,7.604645494862546,Series,0.778352855982924,1,2.626474010239754,2.7201699328071784,3.850666529413524,21.239030227514615,0
U3357,35,Mid,Premium,26.99,0,0,Stable,7.08804546549136,Series,0.5016730172828309,0,0.9760813590628463,6.134022901819309,3.2886246430172026,40.322032455661635,0
U3358,18,High,Standard,19.99,0,0,Stable,5.513831655627458,Movies,0.6951915943520734,0,2.3648083234337056,3.8146392756440166,1.9219576131490193,26.36182107340247,0
U3359,40,Mid,Ads,8.99,1,0,Declining,4.772856515796735,Series,0.3132986222039863,0,1.5206316083466442,4.2645710459906665,3.4135416601182795,40.543812027439394,1
U3360,23,Mid,Ads,8.99,0,0,Stable,4.840934592440089,Movies,0.5545851006705389,0,1.359743744955196,5.53301552311929,2.7548584778201266,38.27425601334858,0
U3361,21,Low,Ads,8.99,1,0,Increasing,8.879582982039135,Movies,0.5307685125625573,1,1.9361976105048277,4.796176419535737,3.406212792313898,10.295966980103191,1
U3362,18,Mid,Standard,19.99,1,0,Declining,5.177822715929799,Series,0.7053152876928438,1,2.8494422072054673,4.911163830196786,1.0,35.76473171730219,1
U3363,18,Mid,Ads,8.99,0,1,Increasing,1.786444846181059,Series,0.376547260202492,1,1.5728346642338893,7.747951591711182,1.7917084568765083,29.283236657595126,1
U3364,18,High,Standard,19.99,1,1,Stable,6.539320921798993,Series,0.7062301640617108,0,1.457885718916057,5.187900246714351,3.773438582032412,28.443716369930378,1
U3365,26,Mid,Premium,26.99,1,0,Stable,4.648239590790815,Movies,0.375374948159341,1,2.038682192043702,4.70620988797454,4.851979709898847,32.2201213642268,1
U3366,58,Low,Ads,8.99,0,0,Stable,7.997278651033389,Series,0.2339487579174669,1,2.3725577856498132,5.253958469666902,1.8102260722258796,14.289840587603443,0
U3367,28,Mid,Standard,19.99,0,1,Stable,8.27431948710199,Series,0.9116545979469325,1,2.591763915445438,3.2770248348498354,1.7928163000468451,21.94154272298152,1
U3368,37,High,Standard,19.99,1,0,Increasing,7.720980547004047,Movies,0.28087771681660173,0,0.7271688385087176,5.825124619893614,2.8830619862467772,12.953435895573099,0
U3369,39,Low,Premium,26.99,1,0,Stable,8.098044174243832,Series,0.8962435392048771,1,1.2974407924082745,6.943681056005951,2.5442604458034066,45.71814000174544,0
U3370,36,Low,Standard,19.99,0,1,Increasing,10.773200809005182,Series,0.5864677099796033,0,0.8341736074563351,6.127967348302927,2.733281585706987,8.965807519797712,0
U3371,34,Low,Standard,19.99,0,0,Stable,6.540568321176464,Series,0.7964652126597477,0,1.739620871028626,5.573313627277013,1.0,2.6587346286935016,0
U3372,20,Mid,Standard,19.99,0,0,Stable,10.068573950607316,Movies,0.1780949776519436,0,1.486566695737391,6.702954893341069,1.9612590752147017,8.189574561304877,0
U3373,52,Mid,Ads,8.99,0,0,Increasing,6.824775188980495,Series,0.6428869908656968,0,1.0985493367239414,4.391775383400081,3.005349114045786,17.340003619633055,0
U3374,56,Mid,Ads,8.99,0,0,Declining,7.942731406506333,Series,0.6287883986255354,1,3.4808882601910507,5.578495612908141,1.0,17.25835483417443,0
U3375,18,Low,Standard,19.99,0,1,Stable,6.549601141633589,Movies,0.2852797945214734,0,1.9425491819322493,8.296616111112296,1.0,28.681841362572428,0
U3376,22,High,Ads,8.99,0,0,Declining,3.3133472935480652,Series,0.4261554372170666,1,2.9260771909668577,4.911848509860624,1.0,18.371935473151666,1
U3377,31,Low,Standard,19.99,0,1,Increasing,7.945354572586853,Series,0.0,1,1.8654767655407298,6.715772116722187,2.85072445176272,12.062469344004919,1
U3378,23,Low,Ads,8.99,0,1,Stable,4.801221544541353,Series,0.4308481183012829,0,1.8161738100836324,6.765797067830651,1.270386334058101,23.795245559117106,1
U3379,41,Mid,Standard,19.99,0,0,Increasing,11.353673602167609,Series,0.7401018227151467,1,2.504424892457545,3.984644420602725,1.0,31.978007766347066,0
U3380,26,Mid,Ads,8.99,0,0,Increasing,4.191693065774171,Movies,0.0709540902219673,0,0.9388675524675192,6.875883312600712,2.254981472819469,20.48556958031491,1
U3381,60,Low,Premium,26.99,0,1,Declining,7.779217107537653,Series,0.36237327203427616,1,2.237539590711679,4.286303475214704,1.0,28.42385136437785,0
U3382,49,Low,Premium,26.99,1,0,Declining,3.128265596507079,Series,0.31302743832705865,0,0.7807826643469883,6.3581257806552145,2.651596966689373,19.00057692514121,0
U3383,37,Low,Ads,8.99,1,1,Stable,8.673306743691908,Movies,0.39177762326211124,1,1.8719092377359754,4.254079027228315,4.613926930562437,14.88210497317719,1
U3384,47,Mid,Ads,8.99,0,0,Stable,7.0484517221209355,Series,0.42131868298134834,0,0.7279121293944764,6.06212059414236,1.8313013269774745,26.380180914743836,0
U3385,48,Mid,Standard,19.99,0,0,Declining,5.541630566099192,Series,0.8440685954400273,1,2.873932477911046,5.758447658859591,1.0,20.743575363431013,1
U3386,28,Mid,Ads,8.99,0,0,Declining,3.8199132574452723,Movies,0.4969239414238549,0,1.2645370895562524,5.723876313015953,1.7471043515173674,30.05303737044738,1
U3387,25,Mid,Standard,19.99,0,0,Stable,7.705616000666264,Series,0.6400248127901926,1,1.7350406969908791,6.0439223757993386,2.6899617001727387,36.506615151110346,0
U3388,35,Mid,Ads,8.99,0,0,Declining,5.2699485771017285,Series,0.6607899333151707,1,2.6104245975702676,4.438689360886204,2.5900209732629276,16.640088142344187,0
U3389,45,Low,Premium,26.99,0,0,Increasing,4.6262667954920165,Movies,0.1974103854700596,0,1.3007516582022927,3.1673019243102165,3.038438146447024,25.762826561912412,1
U3390,36,High,Premium,26.99,1,1,Increasing,6.112499991200226,Series,0.44746147480105136,1,2.930303288760033,5.663212930632361,1.606205469379974,30.816180564131955,1
U3391,18,High,Standard,19.99,0,0,Stable,5.918175777980387,Series,0.7422053093164027,1,2.380002025357997,7.705586578839519,1.9199659285386546,22.923608515838026,0
U3392,25,Low,Standard,19.99,0,0,Declining,3.490006963747101,Movies,0.5326784047274084,0,0.5814061544007223,6.666487872701369,1.0,24.121620360603394,0
U3393,34,Low,Premium,26.99,1,0,Declining,7.505621890767303,Movies,0.4904524743827092,0,1.0516281686670017,6.394495367339869,2.8140513150672577,19.720709385254803,0
U3394,34,Low,Premium,26.99,1,1,Stable,7.014028367694999,Movies,0.25588346871532025,1,1.6056830684272305,4.478226109317988,1.0,21.065079597268078,1
U3395,58,Low,Premium,26.99,0,1,Increasing,6.663985957080355,Movies,0.27173558449594326,0,1.5815039522983925,5.872982424587441,2.4000591285928654,24.262412588192916,1
U3396,18,Mid,Ads,8.99,0,0,Stable,6.018460351993921,Series,0.4136486436389941,1,2.9506765020809453,3.8390085383217545,1.3287602710729103,10.706568942487287,0
U3397,41,Mid,Ads,8.99,0,0,Stable,5.991073832905867,Movies,0.503650767451577,0,0.5280093467606006,4.652824243958534,2.113132760806267,0.0,0
U3398,52,Mid,Standard,19.99,0,0,Declining,4.423901055989869,Series,0.20770888759193984,0,1.237751973145951,6.214197208147612,3.158427366327617,16.947441010310587,0
U3399,62,Mid,Standard,19.99,0,1,Stable,4.849341190560801,Series,0.15915273902859278,1,2.9916505346529583,1.8666733354980902,1.7628157498708392,15.970141622001837,0
U3400,30,Mid,Ads,8.99,0,0,Stable,5.372137778805362,Movies,0.0,0,0.5204486128311682,8.959079548696293,1.4603417358029671,37.44128580462727,1
U3401,40,Mid,Ads,8.99,0,0,Declining,6.533213822328421,Series,0.17146214346113403,1,2.0389905055580853,2.8316594186251196,2.202580043612054,21.55410828592524,0
U3402,41,Low,Premium,26.99,1,1,Stable,7.3706862067338275,Series,0.8714281802996291,1,2.29986218077434,9.277430617243729,1.5575147302380756,24.744285780539414,1
U3403,37,Low,Premium,26.99,1,0,Stable,6.695324906919599,Series,0.7573610727140547,1,2.9404661508270595,3.822194534321358,1.258183987870206,13.0612834659127,0
U3404,33,Mid,Standard,19.99,0,0,Stable,7.0052456346301994,Movies,0.11028067966338917,0,1.5723446161456933,3.8024373292506404,4.066589345067723,10.849528638736615,1
U3405,40,Low,Premium,26.99,0,1,Stable,6.908878486849179,Movies,0.32881341866251074,0,1.6745173989386353,4.704799795459663,1.0,7.984316402474661,0
U3406,18,Low,Standard,19.99,0,1,Increasing,8.372606685805067,Movies,0.6431580747696729,0,1.601229990431247,4.6211537267684,2.8538581305996082,2.87746698846718,0
U3407,43,High,Premium,26.99,0,0,Stable,8.034209677414959,Movies,0.4500397241824846,0,1.1134342531588095,4.289977360491315,2.064400131031627,26.71715346436732,1
U3408,36,Mid,Standard,19.99,0,0,Stable,7.886319971695852,Series,1.0,1,3.2860442826487852,4.758860742824907,1.3741653512288643,21.679569148750836,0
U3409,32,Low,Ads,8.99,1,0,Increasing,4.284711080318354,Movies,0.32714677318143637,0,0.9645453958394965,5.683430283112384,2.5474008860205797,35.72713327400319,0
U3410,59,Mid,Standard,19.99,1,0,Increasing,8.605313442272271,Movies,0.21896821072548692,0,0.5,3.7051595115516673,2.234404888947175,24.596607046666207,1
U3411,26,Mid,Standard,19.99,1,1,Stable,3.9883612013184697,Series,0.38377816666257714,0,0.5,7.181427797451606,3.520530079292391,20.91450991288093,0
U3412,30,Low,Standard,19.99,1,0,Declining,6.271154406911413,Movies,0.354728931159889,0,1.2415545428892432,8.324436869625742,1.0654978245105915,0.0,1
U3413,58,Low,Ads,8.99,1,0,Increasing,11.30299967055085,Movies,0.5372128783173935,0,1.1342276257139994,1.6105868665706295,1.6838607494275613,40.89971780876401,0
U3414,25,High,Premium,26.99,1,0,Declining,3.7784422047166077,Series,0.619825006653858,1,1.9781812851486533,9.210775467191889,3.2116024143737674,18.469970091961425,0
U3415,28,Low,Ads,8.99,1,1,Increasing,8.649723133995852,Series,0.5283610000713972,0,1.37510218941817,7.045079618805012,1.9950381785871258,0.0,1
U3416,33,Low,Ads,8.99,0,1,Declining,0.7771194057555082,Movies,0.6013040870634425,1,3.02025676230839,6.015121343065247,2.746753078240231,20.709422225359408,1
U3417,45,Mid,Standard,19.99,0,0,Increasing,11.918369442276079,Series,0.7057784192266009,0,1.5270140848106584,4.351536945765984,3.414802943906082,8.269193591348952,0
U3418,37,Mid,Standard,19.99,0,0,Stable,8.419347480502804,Movies,0.3273127006760184,1,2.6891301221449178,5.83323247723998,2.7621917625985066,7.840815649267675,0
U3419,19,Low,Standard,19.99,1,0,Stable,9.300170523475053,Series,0.44668174531098226,1,1.6521274536559303,7.2949060298255075,1.5888679418516034,21.198038101888383,1
U3420,28,Low,Standard,19.99,0,0,Stable,9.9730882806742,Series,0.549111441693641,0,1.040275405374456,10.0,1.8490084217314025,10.950327779424878,1
U3421,27,Low,Standard,19.99,0,1,Increasing,5.327672121069675,Movies,0.4445494445513811,0,1.6501778642285343,9.883867178592237,3.4232845267811127,30.320265159810866,0
U3422,34,High,Standard,19.99,0,0,Declining,6.7760884032768836,Movies,0.19393022477698174,0,1.3540060299755907,2.4427609157977312,2.355212081369066,16.61444337553256,0
U3423,40,Low,Standard,19.99,1,1,Declining,7.9586088888369195,Series,0.3532694122465015,0,1.5385310657776468,5.084357977620684,1.9962756257400098,22.79882045487523,1
U3424,40,Mid,Ads,8.99,0,1,Declining,2.0108442579415278,Series,0.5039697486796635,0,1.6068619396733248,5.655048556211952,2.583609978901875,24.79906446738965,1
U3425,18,High,Standard,19.99,1,1,Increasing,8.48636636446286,Series,0.5901580615844523,1,2.399714042618715,8.187111211727085,1.0,21.022017241266514,1
U3426,47,Low,Premium,26.99,1,1,Stable,6.273196033541152,Series,0.8726580330331555,0,2.090953088327833,5.332289727945899,1.963247158489547,20.57187737155893,0
U3427,38,High,Ads,8.99,1,1,Stable,8.710923728382996,Series,0.3679925260274961,1,1.9810783670753327,3.989501686120524,2.121464303016116,19.69959633405286,1
U3428,51,High,Standard,19.99,0,0,Stable,2.2121178673118402,Series,0.6453496193865698,1,1.8085450369318128,5.6075778117359505,2.105117019984778,35.92203945081719,1
U3429,40,High,Premium,26.99,0,0,Increasing,14.447873088696582,Series,0.5444857053385537,1,1.2410187179213148,4.729330259873592,1.8057324805399702,28.126734620352824,1
U3430,48,Low,Standard,19.99,0,0,Stable,6.774925871610813,Series,0.5544118428154545,1,2.749161974600359,7.473027164256116,1.8911996818465886,9.710174749398941,0
U3431,40,Mid,Standard,19.99,0,0,Stable,8.832188804034292,Movies,0.6578732605768514,1,1.9579674430813143,10.0,2.08603208776577,4.6619662681973715,1
U3432,51,Mid,Premium,26.99,0,0,Stable,6.8795255246168185,Movies,0.3662424274650735,1,3.0596035516977493,7.32111805173496,3.66027775231479,8.471846845263647,0
U3433,41,High,Ads,8.99,1,1,Stable,7.984250101959348,Movies,0.16728901765684423,0,1.4239762230875894,7.401705231174702,1.0,23.133774721423663,1
U3434,33,Low,Ads,8.99,0,0,Declining,0.3571634827677004,Movies,0.527749344309121,0,1.1305835680143779,7.971176530421156,2.898972857461781,4.747354363225481,0
U3435,62,Mid,Premium,26.99,1,1,Declining,4.23023525439858,Series,0.7630481366613725,0,0.7726810920357737,6.409081397686052,2.1132347309041912,10.166438617808996,0
U3436,45,Low,Premium,26.99,1,1,Declining,6.6955224226873575,Movies,0.14976577761567725,0,1.7232557935705106,4.702513363114367,2.1381985271547865,1.883768772023032,1
U3437,41,Low,Standard,19.99,0,1,Stable,7.577464693427389,Movies,0.11141265406259102,0,1.2730562862278352,4.899563563303257,1.7938049431070606,29.17898895873894,1
U3438,19,Mid,Standard,19.99,1,1,Stable,3.726317814546485,Series,0.682103944941414,0,1.4339011181790076,7.6920050312482715,2.7018078139084065,25.953983120273314,1
U3439,19,Mid,Premium,26.99,1,1,Stable,7.122849787753226,Movies,0.3434062162516755,0,1.602220668945688,6.077875098403513,3.15020703079443,28.5439532128578,1
U3440,38,Mid,Standard,19.99,0,0,Increasing,6.543773022415485,Movies,0.25588345905821447,1,2.459451780388515,3.5354462866044285,1.0,12.30247317072078,1
U3441,36,Mid,Ads,8.99,0,0,Stable,5.189161497653124,Movies,0.561259701597674,1,1.7901089739190594,8.118244084505797,4.293939461323067,0.0,0
U3442,27,High,Ads,8.99,0,0,Stable,3.9586114533665646,Series,0.4815438607928484,1,2.612760820808742,3.9517694357433184,2.344121699408935,7.9817491193894305,0
U3443,36,Mid,Standard,19.99,0,0,Stable,8.23740524381426,Movies,0.4343125805006775,0,1.7101003708878475,3.2452362341423644,2.3096860506015338,1.832933618804212,1
U3444,54,Mid,Premium,26.99,1,1,Declining,7.22602888787127,Series,0.8349288735901575,1,2.5161374217098804,3.746209241144377,1.0,1.7066203252221577,1
U3445,43,Mid,Premium,26.99,0,0,Stable,11.24028626832569,Movies,0.2821738279703629,0,1.6161741867589352,6.112772677719089,1.628996975132981,31.64329641343305,0
U3446,21,Mid,Premium,26.99,1,1,Increasing,4.577854824771215,Series,0.23418025305415507,1,2.7353265879347997,7.44544834325674,3.5590669504249624,15.037496405751384,1
U3447,33,Mid,Premium,26.99,0,0,Declining,6.534744322452951,Movies,0.2693864433210301,0,1.101968573201852,6.009400590690297,2.2686765917664555,21.472144843457375,1
U3448,25,High,Standard,19.99,0,0,Stable,8.666342740841817,Series,0.6378567483150877,0,1.0832213561810167,4.3862857498560395,2.6157579824803907,31.23809367381545,1
U3449,30,Mid,Standard,19.99,0,0,Declining,3.8389906455639835,Movies,0.5506011885525615,0,2.4133934837622286,3.8841484937740898,1.738808370587872,5.765605010349137,0
U3450,30,Mid,Standard,19.99,0,0,Stable,5.164843229181338,Movies,0.24576786195282024,1,3.0954559780006248,7.0422411725500105,4.170767305079007,25.37093637873182,0
U3451,29,Low,Standard,19.99,0,1,Stable,4.82851535806614,Series,0.9446186892926428,1,2.271076467702499,5.31458225331425,2.0467390517273873,0.5695185224045325,0
U3452,19,Low,Standard,19.99,0,0,Increasing,7.417940269619354,Movies,0.09023552425325165,0,1.6414144778976303,6.182008733186423,3.330510868463719,21.029888654924527,1
U3453,33,Mid,Ads,8.99,1,1,Stable,7.405243191711899,Movies,0.38282873290946423,0,0.8311575845802079,5.219458765805518,2.0487293206828605,30.811584292014157,1
U3454,28,Low,Premium,26.99,1,1,Stable,9.720224021013625,Series,0.552167393258159,0,1.0005593687823802,6.098882106067792,2.5475363991108058,4.32817264371371,1
U3455,18,Low,Standard,19.99,0,1,Increasing,12.316015014030349,Movies,0.6194181786279958,1,1.551854209038238,6.280495856405391,2.552199617381729,27.942648266940353,1
U3456,59,Mid,Standard,19.99,0,0,Stable,3.769166111462675,Series,0.30527056384361156,0,1.4428306907998865,10.0,3.124567782258821,20.69821780013497,1
U3457,48,Low,Standard,19.99,0,0,Stable,5.422313502798977,Movies,0.4351269516271846,0,1.4486825841046282,6.304975678779838,2.9387710469493364,12.548015262712727,0
U3458,30,Low,Standard,19.99,0,1,Stable,9.599280748618941,Series,0.5511536736210578,1,2.9502956632010653,4.725221041675426,1.725930943225752,3.5943054414971662,1
U3459,35,Mid,Ads,8.99,1,0,Increasing,6.8067215022147955,Series,0.905828189937198,0,1.1939830328382224,5.851225394135787,3.3590385553340028,20.901667922845913,0
U3460,20,Mid,Premium,26.99,1,1,Stable,6.886171673179648,Movies,0.18428826375548363,0,1.833293953053607,3.600732838518125,1.2098614956013378,23.92608186060999,0
U3461,55,High,Ads,8.99,1,0,Increasing,3.8841331961577437,Series,0.6830636524988873,0,1.626456664162603,3.5831466577258615,1.0164547486089546,14.190803128823122,1
U3462,57,Mid,Ads,8.99,0,1,Declining,7.3060668310258965,Movies,0.18236169191243026,0,2.5296156026088066,7.999353704755871,1.9085819809696352,6.2279884403004,0
U3463,36,Mid,Standard,19.99,1,0,Stable,3.174503588297224,Series,0.6376124354845698,1,3.3002695849199206,6.1083205898866995,2.5934012027516706,27.14956626185855,0
U3464,47,High,Standard,19.99,0,1,Stable,3.7143788384267618,Movies,0.2761270254538455,0,2.046078363870112,7.738017016976816,1.1777417679916713,32.21456523171373,0
U3465,37,Mid,Premium,26.99,1,1,Stable,9.101634121673406,Series,0.522954048948515,0,1.7178413083361153,2.2501679814165056,2.122170026097298,29.443785345978668,1
U3466,18,Low,Premium,26.99,0,0,Stable,10.840123359133115,Series,0.20251293904587042,1,1.7634647668003307,3.548942785730098,1.0,37.068795450942446,0
U3467,30,Low,Premium,26.99,0,0,Declining,4.41877783055017,Movies,0.43291681287161937,0,1.4463970087158962,6.096456251074388,1.9304384345233563,10.181362467407649,1
U3468,36,Mid,Ads,8.99,0,1,Declining,4.90627437627435,Movies,0.13355217260962995,0,2.4237776118856855,3.8512806941713,3.171836793261904,1.0176053276689174,0
U3469,29,Mid,Ads,8.99,0,0,Stable,8.816559119565976,Movies,0.12666407698962168,0,1.5534773706896017,2.6520542647617886,1.3564059442283438,22.927289603638947,1
U3470,32,Mid,Standard,19.99,1,0,Increasing,9.868343444092147,Series,0.28894331888824504,0,0.889110718218864,3.342178472941489,1.0,13.16449517410705,0
U3471,33,Mid,Ads,8.99,1,1,Increasing,7.880345461870007,Movies,0.13879012832020254,0,1.4679847339506595,4.8576723246892834,2.5786248408023256,29.851773691932262,0
U3472,34,Mid,Premium,26.99,0,0,Declining,4.029092757228614,Series,0.7000959532658372,1,1.7062370995551153,6.326203985541959,1.4124087190745813,5.556261375739094,1
U3473,35,High,Standard,19.99,1,1,Increasing,4.299606127545049,Movies,0.44023465769728176,0,0.8719029006566037,8.930317998981394,4.622852419921053,6.433897474796593,1
U3474,22,Mid,Premium,26.99,0,1,Declining,5.46588354424044,Movies,0.48274219210824576,0,1.5064496310439282,3.3948145497126343,2.391987225622828,18.816770617453628,1
U3475,26,Low,Ads,8.99,0,1,Stable,6.816166355861048,Series,0.3946038214310378,1,2.7437275547284368,3.498202785943043,3.2246272018976385,20.099922183972915,0
U3476,19,High,Standard,19.99,1,1,Declining,4.124307641774639,Series,0.6429563251145447,1,1.8212468179356,2.5981240674286545,1.0,26.097689517548915,0
U3477,46,Low,Standard,19.99,1,1,Increasing,5.994555613312834,Series,0.4769232933991758,0,1.0202217658889128,6.646229111081484,2.6573686668168994,16.819643339142807,0
U3478,18,Mid,Ads,8.99,0,0,Stable,5.198938293413139,Series,0.7909459376676631,1,1.4441749452990909,5.749619789422171,1.1939055108735055,0.0,0
U3479,48,High,Standard,19.99,0,1,Stable,8.2367538410134,Series,0.6852027909688604,0,1.235352994731997,3.570333861400635,2.0208918089225563,59.42230170110989,1
U3480,51,Mid,Standard,19.99,0,1,Stable,8.763327296818094,Series,0.46869633465727756,0,0.5,3.8383545288690293,1.4477292627176288,18.40228408679723,1
U3481,31,Mid,Standard,19.99,1,1,Declining,4.345767687418767,Movies,0.5581151070636474,1,2.120512999005031,5.252142622387219,3.2397050846807125,52.662337669068904,1
U3482,18,Mid,Standard,19.99,1,1,Stable,6.135040853507242,Series,0.7014688681282649,1,2.347746212377766,5.3652836074781085,2.521151613623622,16.488656945290696,1
U3483,30,Mid,Ads,8.99,0,0,Stable,5.292703906771593,Series,0.322599434617235,0,0.5,3.42063940907963,2.3174102369515386,5.365855625423947,1
U3484,34,Mid,Standard,19.99,1,1,Declining,6.873640087148516,Series,0.2656955637336848,0,0.7963710414807066,5.854375557153361,3.5610618706981008,14.192042614139286,1
U3485,22,Mid,Ads,8.99,0,0,Increasing,9.092987308967722,Series,0.3304628358946764,1,2.263944993404187,2.747486095120818,2.2158654210181563,31.20609524701927,1
U3486,28,Mid,Ads,8.99,0,0,Stable,7.7358019586545295,Movies,0.6798363433053276,1,2.1820538077697496,5.598026080462556,3.230386807249995,25.431113014176795,0
U3487,53,Mid,Ads,8.99,1,1,Declining,5.7169402601869255,Movies,0.1469074747927139,0,1.2248185362457302,5.144845528549882,4.000596278859431,21.691333461297646,1
U3488,42,Low,Ads,8.99,0,1,Declining,4.384596758932126,Movies,0.7252280415363642,0,1.4440064480850296,6.302218269440713,2.3401487789210824,17.2641480570397,1
U3489,23,Mid,Standard,19.99,0,0,Declining,2.669279800313157,Series,0.3865362833891214,0,0.5,7.9225583128808985,2.459534863109689,19.55210312247237,1
U3490,18,Mid,Ads,8.99,1,1,Stable,5.007733688628162,Movies,0.11522698894453112,0,1.6543300336376998,4.758647038307073,3.154546610963624,16.21244222320094,0
U3491,31,Mid,Standard,19.99,0,0,Stable,9.255771065294903,Movies,0.5259904962126525,1,2.1087635459827694,5.500798054136624,3.636755685538552,32.361991372620274,1
U3492,32,Mid,Standard,19.99,0,0,Declining,3.5486313702988563,Series,0.7851046621804872,0,1.0019013489561541,1.5386393492080819,2.3282045246270537,28.991453874744586,1
U3493,40,Mid,Standard,19.99,1,0,Stable,6.179275360503299,Series,0.7111650347267238,1,1.1810867169856367,9.443441732077932,1.5625657797320958,6.691414455753748,1
U3494,28,Mid,Premium,26.99,1,1,Stable,4.7312189292575795,Movies,0.4852220587583289,0,1.166211415916211,1.778814106810982,3.06656792799183,0.27103607968405186,0
U3495,41,Mid,Standard,19.99,1,1,Stable,4.567866962147186,Series,0.4396756449283333,0,1.5560151282891526,5.334262489727932,2.7716739578758243,3.286960692860637,0
U3496,58,High,Standard,19.99,0,0,Increasing,6.692505008913832,Movies,0.5166006390961299,0,1.3707860677162842,1.0,3.0569541939321847,13.724697228295993,0
U3497,44,Low,Premium,26.99,0,0,Declining,8.376814368488917,Series,0.6479993343437204,1,2.4024877125604944,3.8486798057588993,2.898741506948833,20.65378596193186,1
U3498,34,High,Standard,19.99,1,0,Stable,8.316074782384858,Series,0.5269449220832215,1,2.0965738015518625,8.9708953862376,2.4067664996442812,17.341490178295423,0
U3499,32,Low,Standard,19.99,0,0,Stable,5.946422257152754,Movies,0.3689239795569535,0,1.2697257390637011,7.789419581297254,2.4645921753957363,25.562049176800286,0
U3500,30,Low,Standard,19.99,0,1,Declining,7.165753589103991,Movies,0.5621291636298557,0,0.746269335941766,7.470023595118629,2.9022450677233094,17.825619351672664,1
U3501,49,High,Standard,19.99,0,0,Declining,4.695402253407107,Movies,0.4283701205915633,0,1.2976169806535056,5.114495387353444,1.0,37.14849597484348,0
U3502,27,Low,Standard,19.99,0,0,Stable,9.708680093983677,Movies,0.0,0,1.0544492406615331,8.801857172226388,3.5296804450618957,24.105547566659244,0
U3503,35,Mid,Ads,8.99,0,0,Increasing,15.63519105118864,Movies,0.5282455742583754,0,0.7376003993129758,6.014721326384405,2.6499788492187393,18.21550243166829,0
U3504,35,High,Ads,8.99,1,0,Stable,9.056323478532383,Series,0.7629277426925098,1,2.7528315435712756,6.879686579140515,1.3538646163405779,0.0,1
U3505,28,High,Ads,8.99,1,1,Stable,7.189101910445155,Movies,0.27418706407188914,0,0.5124999524040056,10.0,2.3851139782497834,22.203492540438234,1
U3506,18,High,Standard,19.99,0,0,Stable,8.398619747032718,Series,0.6233496586438246,0,1.5621427994228854,7.680644416761562,3.51859009119738,23.98970640444927,1
U3507,38,Low,Ads,8.99,1,0,Stable,7.0301424385644244,Series,0.6225479502318664,0,1.593574071268205,5.369084189421369,2.4902768015999976,9.436275907354872,0
U3508,34,Mid,Standard,19.99,1,0,Declining,1.3280032720499149,Series,0.20410808480464626,1,1.9836567019497138,6.520857750735657,1.4679435279398927,4.125226549716189,0
U3509,41,Low,Standard,19.99,1,1,Declining,3.690749171575911,Movies,0.26966593818117807,1,2.918245378522717,8.308268610407913,1.0,31.13676027178766,0
U3510,28,Mid,Standard,19.99,0,0,Stable,5.096816808693566,Movies,0.27740458441061844,0,1.0258299439574943,6.744942289958556,4.664893202347331,6.377251292874218,0
U3511,49,High,Standard,19.99,0,1,Stable,5.646417916338255,Series,0.5682546262293409,1,1.93330638709238,7.06612516350423,1.0,19.986816990807036,0
U3512,24,Mid,Premium,26.99,0,0,Declining,8.587342865278888,Series,0.49483044722647107,1,1.5797868562847084,8.07586926480571,2.536913459800275,18.35909102225152,1
U3513,55,Mid,Standard,19.99,0,0,Declining,7.244299485709317,Movies,0.4825683538446764,1,2.294933930874523,10.0,1.6134710575942623,23.35889036731871,1
U3514,18,Mid,Standard,19.99,0,0,Declining,5.881769602883295,Series,0.4381742202870686,1,1.7248053539489079,3.630390197754597,3.2424401019257045,6.465127499881103,0
U3515,40,Mid,Premium,26.99,0,1,Stable,8.624685900902715,Movies,0.5320154332047105,0,0.9041768785590805,6.904158761875591,1.0,16.553602754041275,1
U3516,40,High,Standard,19.99,0,1,Stable,3.215773028188288,Series,0.72314841667942,0,1.2673128959549322,6.419173668228191,3.8083705948973723,6.390792753542604,1
U3517,25,Low,Standard,19.99,0,1,Declining,6.4563674261790585,Series,0.8720836775603182,0,1.288246309018765,4.728616871456719,2.0749382302007,18.889482749844326,0
U3518,40,Mid,Ads,8.99,0,0,Declining,6.879248632404336,Series,0.9467598068274108,1,3.053560179070139,4.205235257190396,1.9798563046961217,24.048853599396608,0
U3519,50,High,Standard,19.99,0,0,Declining,0.520505624625434,Movies,0.6980903642831118,1,2.858619711206216,8.804108912758863,1.88673534418123,28.744978344920035,0
U3520,18,Mid,Premium,26.99,1,1,Declining,6.530473507558798,Movies,0.11287640712639427,0,1.575496120683967,3.4555189058163434,1.6074063876698168,35.93768151467472,1
U3521,41,Low,Standard,19.99,0,0,Stable,4.1518527146658295,Series,0.6688371671190256,0,1.226725191479537,2.6819039210677666,1.8312989219839335,14.837064659696333,1
U3522,18,Mid,Standard,19.99,1,1,Declining,1.059989287107936,Series,0.4564427487373182,1,2.0575904274922534,4.37402856742701,2.918353977818148,14.625010272872105,0
U3523,23,Low,Standard,19.99,1,1,Stable,9.652636433719156,Movies,1.0,0,1.2867037383303614,1.9361962376589132,1.0,33.27163034093124,1
U3524,54,Low,Premium,26.99,1,0,Stable,4.985901904775316,Movies,0.472814271796958,1,1.9662305860012876,3.8082364168034073,1.4510176229917469,24.901228079635054,1
U3525,28,High,Ads,8.99,1,1,Stable,5.568106521231245,Movies,0.6332623979387588,1,1.879441877194579,3.394887060222511,3.6951393408418474,32.84534202583807,1
U3526,20,Mid,Standard,19.99,1,1,Declining,6.97920908551469,Movies,0.43707390069969776,1,2.2527241115410894,5.672092500981965,2.1095687872107534,41.430217126753135,0
U3527,32,High,Ads,8.99,0,0,Declining,4.389523455495198,Series,0.0729113828593726,1,1.7729698435271506,8.39096688113343,1.6275679223658526,7.87664270392033,0
U3528,59,High,Standard,19.99,1,0,Declining,4.639669252541835,Movies,0.19328699367675514,0,0.8915372837803631,4.321483735640401,1.0,27.71156626747718,0
U3529,18,Mid,Standard,19.99,1,1,Increasing,8.393739280686212,Series,0.4628834118627384,0,1.777437044482362,7.230203124327428,1.0297673889188435,10.809504399330953,1
U3530,22,Low,Ads,8.99,1,1,Increasing,10.042796312924356,Series,0.5219729444872747,1,1.4721925448255466,7.002525238911747,3.1822041512377925,36.76164638599112,0
U3531,52,Mid,Standard,19.99,0,0,Declining,4.547331167218648,Series,0.671913660050686,0,0.7801111975643426,1.059057116630565,1.3773827609008087,3.746738896209642,1
U3532,57,Low,Standard,19.99,0,0,Stable,7.228252148718201,Movies,0.450266544882873,0,1.9366369132599994,4.396155740893096,3.004533756895532,29.01182778354688,0
U3533,33,High,Ads,8.99,1,1,Declining,3.992883749174588,Series,0.07453271205668188,1,2.064716474217958,4.747975613408479,1.2194853721397638,11.356635735314228,0
U3534,20,Low,Standard,19.99,1,0,Declining,5.703639179758724,Movies,0.3026160871647874,0,1.9880130063698882,6.2629155196918225,2.0742539408212,24.65308553852261,0
U3535,60,Low,Ads,8.99,1,0,Stable,7.627686063809135,Series,0.5028247757228681,1,1.5995809275049737,6.640131312477342,2.1309121155530035,33.21737832274723,1
U3536,54,Mid,Standard,19.99,0,1,Declining,8.795771675368364,Series,0.8762076647404983,1,2.3442693024517,6.1616533664971325,1.4463442771768455,10.27198611279199,1
U3537,43,Low,Standard,19.99,0,1,Stable,6.237498100652595,Series,0.7184489208160864,1,2.7630963298392177,3.710013946383492,2.2769569790328217,0.3797350735074616,1
U3538,25,Low,Standard,19.99,0,1,Stable,6.63166896439004,Movies,0.3133844955192393,0,0.8470142325825598,4.23335989064371,1.0,14.892178653074058,1
U3539,34,Mid,Standard,19.99,0,0,Stable,7.477648651874083,Series,0.6447361647725363,1,3.3045996894274756,2.4935149444058275,2.1114876926617283,13.351024537257596,0
U3540,33,Low,Standard,19.99,0,1,Increasing,11.89330693294416,Movies,0.012595392456254573,1,2.0657901302172474,5.632770802889504,2.6451656164466173,2.586461204946799,1
U3541,38,Low,Ads,8.99,0,0,Stable,4.816829693645598,Series,0.7322704089663614,1,2.605453970576443,4.765628883445821,1.3650573321996196,0.0,0
U3542,52,Mid,Premium,26.99,0,0,Stable,7.207153043550136,Movies,0.2708922158814455,0,0.9609726937077484,6.565335273612179,2.413001522094845,32.59994116436437,0
U3543,45,Mid,Standard,19.99,0,0,Stable,1.984347927889866,Movies,0.1885242454476486,0,2.0458069248862936,6.893759444166983,2.3534774760767863,35.899396319868195,1
U3544,22,Mid,Ads,8.99,0,0,Declining,4.456936166555209,Movies,0.6128463679672513,0,1.4516798551429932,4.832456979804434,2.3936488795770474,10.777260054699791,1
U3545,51,Mid,Premium,26.99,1,0,Stable,9.145454060198722,Movies,0.4047161645355186,0,2.348639950313638,6.064197348277485,1.0,14.488658270733431,0
U3546,38,Mid,Ads,8.99,1,1,Increasing,6.821572690958046,Movies,0.2169138139638609,0,1.8895360056423764,5.068361755586235,2.295170995880189,27.693290322428375,0
U3547,43,Mid,Standard,19.99,1,1,Stable,7.353675230570624,Movies,0.22912137075010397,0,1.7185164468462197,3.2730244598266203,1.0,27.881967820240277,0
U3548,52,High,Standard,19.99,0,0,Increasing,7.413283276849192,Series,0.6731812679280987,0,0.8224414786353571,3.8996754179106303,1.5705586438922097,39.34945628848721,0
U3549,21,Low,Standard,19.99,1,0,Declining,3.2811956045326345,Series,0.6576342592947924,1,2.3503124683702135,1.0,2.196140104729069,25.459423750405797,1
U3550,34,Mid,Premium,26.99,0,0,Declining,6.942971996536203,Movies,0.3558850102848889,0,1.1416613413767145,4.708509221812971,2.4083434839114264,5.695687632412412,1
U3551,28,High,Standard,19.99,1,1,Declining,2.9094826203086925,Movies,0.10932872228080909,0,1.3131136292196042,4.312911899815084,1.0,27.492923462586962,1
U3552,18,High,Ads,8.99,1,1,Stable,7.585930587726186,Series,0.3889071959781476,1,2.3886324668010954,3.3097264692366704,1.9158297751834652,9.626277530678445,0
U3553,39,Low,Premium,26.99,0,0,Stable,7.616703241532318,Movies,0.20033720436674837,0,0.8496512650506716,7.138358103928115,2.994546840615139,17.212707978684904,0
U3554,65,Low,Premium,26.99,1,1,Stable,5.296400965922753,Series,0.5607707138494529,1,2.206062523795932,6.552562069396888,1.2203109815760884,31.350405780155192,1
U3555,18,Mid,Standard,19.99,0,0,Increasing,9.467055770872886,Series,0.591737787378432,1,2.242166701402592,6.60749481829665,1.0,7.135212251727072,1
U3556,34,Low,Standard,19.99,0,0,Stable,5.130104325064046,Series,0.5680057948530238,0,0.7948857955564244,6.883248471646789,2.729567621238706,17.121535878527943,0
U3557,42,High,Ads,8.99,1,1,Stable,8.043583749818316,Series,0.5771510077859033,0,1.7002085916510965,5.49641556809607,1.2577923342423294,3.2906940281187183,0
U3558,36,Mid,Standard,19.99,0,0,Stable,4.370108570714212,Series,0.976249119584214,1,2.433491127965808,5.47584701154239,1.560905504968563,6.135886193875281,0
U3559,33,Mid,Ads,8.99,0,0,Declining,4.320788993616318,Movies,0.5198500173186342,0,1.706626604959064,7.1604162977890615,2.330601959774465,11.437639489926159,1
U3560,19,Low,Ads,8.99,1,1,Stable,6.4944566806842,Movies,0.5876433513096473,1,2.5923311241710594,6.834546034369606,2.277258618023114,37.56259077020491,1
U3561,37,Mid,Standard,19.99,0,0,Declining,7.225910676421339,Movies,0.44285279831279595,1,1.2718247066728834,7.554831278400707,3.2215399955225346,18.40044543107626,1
U3562,25,Mid,Ads,8.99,1,1,Declining,5.280086143423784,Series,0.6144805344632496,0,0.8833474220403758,5.412784054418331,1.9581565801981853,49.72899691790212,0
U3563,18,High,Ads,8.99,1,1,Stable,8.910026980224119,Series,0.6819916479228425,1,3.291926788981136,3.5272406710120334,2.2683053803009408,29.458793816890783,0
U3564,49,Low,Standard,19.99,0,1,Increasing,10.664073145469636,Series,0.645164034523088,0,1.6925445503766299,5.974206434481488,1.0,29.78492976688679,1
U3565,46,Low,Ads,8.99,0,0,Stable,8.096606001791518,Movies,0.5115956417223105,1,1.3270164588911633,4.343494847602483,2.82821461163212,4.872995371716668,0
U3566,35,Mid,Ads,8.99,0,0,Stable,6.336133619539864,Movies,0.15497190667031321,0,1.5350055162642433,6.807071177150956,1.5086161019980975,16.15808903844209,0
U3567,37,Low,Ads,8.99,0,1,Stable,9.041811767049772,Movies,0.4949494189232854,1,1.8008510472315584,6.075600851979417,5.0,4.28398151703842,1
U3568,47,Mid,Ads,8.99,0,0,Declining,4.287659181395995,Series,0.6334117337554603,0,0.5,5.602881993159101,1.986395114426157,14.282140220094163,0
U3569,37,High,Standard,19.99,0,1,Increasing,3.8105235602096776,Series,0.23858259247017216,1,3.29432540112919,4.715946636231035,2.624395083936801,12.515826745537915,1
U3570,45,Mid,Premium,26.99,0,0,Stable,6.570425663066215,Series,0.6171443373262185,0,1.3376629089734555,7.501352855079154,2.8377076525620732,17.49712669250152,1
U3571,31,High,Standard,19.99,0,1,Declining,5.9069528092881365,Series,0.3387564398221632,0,1.4084891904901893,7.34780033367386,2.1113264332807,27.906346005600067,1
U3572,50,Low,Standard,19.99,1,1,Stable,3.7867485625743735,Series,0.49300046532278996,0,0.671614441247322,4.379023038556998,2.6367601735219615,14.856892390384001,1
U3573,38,Low,Ads,8.99,1,1,Declining,3.2297952825592287,Series,0.5681618680490117,0,0.7234312518344059,3.043234119320961,4.455447818369357,28.12240591902863,0
U3574,37,Low,Ads,8.99,1,1,Declining,2.5388231196452886,Movies,0.04857962623166551,0,0.5041814023000047,5.858890778987494,1.4462471586345114,0.40909292791571517,0
U3575,19,Low,Ads,8.99,0,0,Declining,6.573434209417927,Movies,0.3392517634187557,0,2.008488040846798,7.871805059995434,1.0,23.379168064636197,1
U3576,38,High,Standard,19.99,0,0,Declining,8.345725274024991,Movies,0.36369361541410167,0,0.5,2.9764223746495255,1.0,12.771396313083898,0
U3577,25,Low,Standard,19.99,1,1,Stable,6.580601691573568,Series,0.751014746359377,0,2.1083924841603805,6.4407244128937915,3.197261493548543,21.041816176906472,1
U3578,27,Mid,Standard,19.99,0,0,Stable,8.063060726136518,Movies,0.259246929943159,0,0.8066181225833102,3.8580508638753486,1.7209423844280958,28.355131670774988,0
U3579,25,Mid,Standard,19.99,0,0,Stable,8.011038731799447,Movies,0.4048950008638978,0,0.6860603732800871,3.466191537131282,4.53191168582729,0.7017417269398223,0
U3580,22,High,Ads,8.99,1,1,Stable,10.107593892879922,Series,0.5809174501772378,1,2.266776597816129,7.362369043686661,2.92711325105079,35.62908327098485,1
U3581,60,Low,Standard,19.99,0,0,Stable,5.694894192094786,Movies,0.26634585275967126,0,0.9578953141586684,6.800683326060001,1.5469743711204043,15.676215941013776,1
U3582,50,Low,Standard,19.99,0,0,Declining,4.560242070483351,Series,0.26588454097192604,1,2.358377323043645,5.195419146697468,1.4214828760608915,40.343131950894445,1
U3583,58,Low,Standard,19.99,1,0,Stable,6.3184627011518835,Series,0.5776799385341004,0,0.8614217363032598,7.078999694006823,1.7537325785600713,18.852146867161323,0
U3584,20,Mid,Standard,19.99,1,1,Declining,5.1507344800805255,Series,0.7489024994805006,1,2.1119103501725403,6.867039354188218,1.0,33.850655179110404,1
U3585,35,Low,Standard,19.99,0,0,Stable,12.008633604233617,Series,0.4132566418829766,0,0.9208034131053328,2.527504114661605,2.477744281570225,18.717046235371186,0
U3586,19,High,Premium,26.99,0,0,Stable,7.061622230394627,Series,0.5564432277403453,0,1.7306128617331566,5.66854283628952,2.8935231662525016,21.20674316654339,0
U3587,26,Mid,Premium,26.99,0,0,Stable,5.29057869478588,Series,0.585902534714473,1,2.6075737948342845,8.32561050947649,1.2326705681956123,19.39467879926986,0
U3588,23,Mid,Standard,19.99,1,0,Increasing,5.536508319320642,Movies,0.5704881263563527,0,1.423859610719518,6.44762807892476,1.0,15.365674908593336,0
U3589,49,Mid,Standard,19.99,0,0,Stable,9.505290014626095,Series,0.606021564771208,0,1.8267737114505862,1.0,1.289444433947615,14.911838902916903,0
U3590,30,Low,Ads,8.99,0,1,Declining,3.281490992043842,Series,0.6576174750626181,1,2.4579077145927934,3.358701591501865,3.1972272820857617,20.706763645896523,0
U3591,47,Mid,Premium,26.99,1,1,Declining,6.3271739183981905,Movies,0.3482687905872921,0,1.389399710964776,7.491547937585927,3.0032210672785125,24.580122393456193,0
U3592,42,High,Standard,19.99,0,0,Increasing,6.960926012224116,Movies,0.25153883500530466,0,1.240023137407679,4.385669814964206,2.4153371359084934,20.802811315295525,1
U3593,62,High,Ads,8.99,1,1,Stable,4.466614526833656,Movies,0.12310521648849793,1,1.8702511110806548,7.742678281323597,3.8418699197661317,24.230126887030778,1
U3594,18,High,Standard,19.99,1,1,Increasing,10.815598800905464,Series,0.5429855805190769,1,1.8715745867383209,9.592204967269016,1.0,0.0,0
U3595,50,High,Ads,8.99,0,0,Stable,5.738510266472937,Movies,0.4286718608918414,1,2.3882725045073454,5.0241043713524975,1.9916217484262024,28.847837341898117,0
U3596,48,Low,Standard,19.99,1,0,Increasing,10.27627691771668,Series,0.6246152735999154,1,2.9107440753806326,4.264320932689272,2.7602162069963954,9.089054117931854,1
U3597,23,Low,Standard,19.99,0,1,Increasing,10.497848822538131,Movies,0.6459033859428308,0,1.5851818719849722,3.487696832521029,2.9897690863096855,0.0,1
U3598,47,Low,Ads,8.99,1,1,Stable,8.092530490024938,Movies,0.5391704073234359,0,1.582309080885276,7.016486738360914,3.0037549110149673,40.17029167019097,0
U3599,39,Low,Ads,8.99,1,1,Declining,4.463702632113627,Movies,0.5981115801042952,0,0.7469219353817135,4.294639838804892,2.923917643679257,34.92238309647358,1
U3600,32,Low,Premium,26.99,0,0,Stable,8.372367113009416,Series,0.19354467806974285,1,2.61369911754,4.695526926828949,3.5194927111410044,17.874200301844933,1
U3601,25,Mid,Standard,19.99,1,0,Increasing,6.232361014655751,Movies,0.6658668504767908,0,1.1003962704746248,3.282857576699175,2.961168421253302,30.83555922635022,1
U3602,26,Mid,Premium,26.99,1,0,Increasing,1.6377292468075986,Movies,0.4033623190654291,0,1.387868313293752,4.634870979535704,1.0455855128383342,14.025279825437334,1
U3603,59,High,Standard,19.99,0,0,Declining,6.413784346240216,Series,0.6817850924843603,0,1.576007434914363,4.08656762554382,1.7451629995731182,12.367136473987689,0
U3604,35,Mid,Standard,19.99,0,0,Stable,7.33118100967494,Series,0.7792054691322361,0,0.7218964000731194,1.5360334717918587,1.0,10.86811628353081,0
U3605,44,High,Standard,19.99,0,0,Increasing,7.169765267958088,Series,0.6042634616827253,1,2.3944422292938743,3.8226493892955133,3.196314575735576,10.323109991890465,0
U3606,25,Low,Ads,8.99,0,1,Stable,4.05769447604991,Series,0.3859238904993364,1,2.441757400200057,6.992379247956077,3.3945836480554994,14.891051454283698,1
U3607,25,Low,Ads,8.99,1,1,Increasing,2.89026510349397,Series,0.8894815266259344,1,2.8991808581160012,8.19799130538481,1.0,9.432600543857694,1
U3608,47,Mid,Ads,8.99,1,0,Increasing,9.155230044626917,Series,0.44635558797522257,0,1.0415622700147962,5.28666049346792,1.8200300407859524,0.0,1
U3609,18,Low,Ads,8.99,0,1,Increasing,13.946357897189857,Series,0.4028565241034975,0,1.2693928360815727,5.567390330010998,1.0,15.798874552363955,0
U3610,30,Low,Premium,26.99,0,0,Declining,4.72288516713804,Movies,0.30313981699883236,0,1.3849821410180587,6.071964925560508,2.078984968989469,6.369568170108749,0
U3611,35,Low,Ads,8.99,0,1,Declining,4.277329226616909,Movies,0.272799213090693,0,1.0416070346819912,9.425221666268609,1.373003827040105,21.567241581733917,0
U3612,36,Low,Standard,19.99,0,0,Declining,4.951264315008314,Movies,0.3507613668456251,0,1.0324761227506591,3.4802992420107617,1.0322906476644464,15.122110227095023,0
U3613,32,Mid,Standard,19.99,0,0,Increasing,15.53761533572631,Series,0.580358344072228,1,1.9558144640260653,2.97571461849401,2.175234150913313,25.617755535098134,1
U3614,39,Mid,Ads,8.99,0,1,Stable,8.503808453306267,Series,0.8694259535138482,0,1.2361384835039793,5.396810293312106,4.081848559894782,18.156637912278622,0
U3615,43,Mid,Standard,19.99,0,0,Declining,3.1328494965992215,Movies,0.4418645198104421,1,3.348252331150766,6.288418830336224,2.9951158997252483,2.8028924231027332,0
U3616,43,Mid,Ads,8.99,1,0,Stable,7.056207807804206,Series,0.4284406041734143,0,1.2539622869437503,5.433265320683493,1.948264906832736,2.8063754598390744,0
U3617,23,Mid,Standard,19.99,1,1,Stable,7.664873822309882,Series,0.455899148308481,1,2.592523995956474,2.7709165072181725,2.1514281332346177,3.1080595586698454,1
U3618,31,Low,Ads,8.99,1,1,Increasing,5.830983400263465,Series,0.5223622704683837,0,1.3157964429881226,7.269614895834264,4.078324113306927,7.63429846061379,1
U3619,49,Low,Standard,19.99,0,1,Stable,8.518273244685119,Series,0.5231597990459016,1,2.115484138918004,5.223724252610421,3.4586391771941236,9.567506415554318,0
U3620,45,Low,Standard,19.99,1,1,Stable,5.364382405711292,Series,0.4970511726373085,0,1.2879011489837968,6.6087545321148395,1.8893366739770745,29.032092348230016,1
U3621,18,Mid,Premium,26.99,1,0,Declining,1.9781084653198584,Movies,0.1296515963912812,1,2.761607366186066,8.605583299996848,2.701177006274804,20.2353954823657,0
U3622,39,Mid,Premium,26.99,1,0,Increasing,9.228400661519334,Series,0.6580804274872305,1,2.2679195385567237,2.573424485550545,1.2014084492788748,0.0,0
U3623,18,Mid,Standard,19.99,0,0,Declining,4.83568828101929,Series,0.5088790994922373,1,2.203439282402747,2.0632805630549638,2.224758371426045,7.493214493880055,0
U3624,35,Low,Standard,19.99,0,0,Stable,6.997956195594611,Series,0.4096397081909914,1,2.1591359801330854,6.631129192894158,2.964213550985108,17.560283935896948,1
U3625,57,Mid,Standard,19.99,0,0,Declining,3.4707107646744246,Series,0.697095039018538,1,1.7039119158192346,1.4310450975017943,3.2203508685720985,5.948696046816284,1
U3626,23,Mid,Standard,19.99,0,0,Declining,3.749774764257918,Movies,0.5195643997546582,0,1.8200450785945521,4.700244228880505,1.5598658800005354,18.97230944454744,0
U3627,24,Mid,Premium,26.99,1,1,Declining,7.256893320738222,Movies,0.3008725804399544,1,2.0318383574801797,4.35740634119703,3.2017566076933592,7.931814126255004,1
U3628,44,Mid,Ads,8.99,1,0,Stable,7.8821712300014966,Movies,0.7062972729037031,0,2.0347047648416328,6.219704630826439,2.348440630383059,16.390090267767242,1
U3629,18,Mid,Standard,19.99,0,0,Stable,5.08650784684543,Series,1.0,1,2.4468235984337126,4.1677833270282045,1.9114706148887366,11.17172768598548,1
U3630,27,Mid,Standard,19.99,0,0,Declining,1.098606211159785,Series,0.6993780306722551,1,3.143531233507489,6.483932358003314,4.109280683605061,19.346243655554957,1
U3631,42,Mid,Standard,19.99,1,1,Declining,3.17116719577558,Series,0.5062378561611298,1,2.1800343858655253,3.3660216193285044,1.8396619194616346,35.28932323744941,1
U3632,27,Low,Ads,8.99,0,1,Increasing,9.47189721648057,Series,0.6537907108753516,0,0.933411212037167,3.015841627720153,1.0920353166610468,28.715473906474124,0
U3633,32,Mid,Standard,19.99,1,1,Declining,3.7361365632911165,Movies,0.10511138695054545,0,1.821613844446622,5.53856589072151,1.5275665520501525,5.025521687413278,1
U3634,43,Low,Standard,19.99,1,1,Declining,3.5806995896463585,Movies,0.17562727848693427,0,1.019492891956107,5.710562953187724,2.925662156119621,48.13483704176861,0
U3635,40,Low,Premium,26.99,0,1,Stable,5.821679122138674,Series,0.2634621723198199,0,1.9427684093401627,6.090414180772331,1.2132943364007551,32.169419541258705,0
U3636,38,High,Standard,19.99,1,1,Increasing,8.781877311791137,Series,0.47430700349970695,0,1.589356874918268,8.45915307398095,3.0293636513131292,9.7690922264074,1
U3637,30,High,Ads,8.99,0,1,Declining,6.569255825916698,Series,0.353495949961755,1,3.1786775073426576,8.061219952165178,1.3465166143956133,7.6042524905131685,1
U3638,39,Low,Ads,8.99,1,1,Increasing,8.99874238816292,Series,0.7248113463831374,0,0.8117641007744507,6.403234398091926,2.1249271465544517,22.085897912564313,1
U3639,33,Mid,Ads,8.99,1,0,Stable,7.123874043035301,Movies,0.20016829488193824,0,1.7782554406436133,7.118786457661857,4.410147005536256,26.452982429735364,0
U3640,40,Low,Standard,19.99,1,1,Stable,6.550279272234359,Movies,0.405324258303316,1,1.8543516991698783,6.024278085587186,1.3174997665338624,39.20581891839018,1
U3641,29,Mid,Standard,19.99,0,0,Declining,4.001286335690522,Movies,0.49958128814468644,0,0.5,7.859004736754523,1.0,24.101454405090248,1
U3642,32,High,Ads,8.99,0,0,Stable,8.78848174263986,Movies,0.5842684823017044,0,1.7479583491163033,6.227765167031213,3.5674889926807536,10.035016980170209,1
U3643,23,High,Standard,19.99,0,0,Declining,6.4848041356883925,Series,0.5293150917377939,0,1.2967990317519484,4.395515027654863,1.0,11.911686577264168,1
U3644,34,Mid,Standard,19.99,0,0,Stable,11.090559835332101,Series,0.6621274997879587,1,2.8774484325021157,3.9950699132157625,1.3875926090563349,25.51936158252006,0
U3645,25,Mid,Ads,8.99,1,1,Declining,6.221128596778506,Series,0.668500300112701,1,2.355207794810599,7.801962526177638,2.9287327790142905,1.9145456064722808,1
U3646,21,Mid,Ads,8.99,0,0,Stable,6.0031713563850735,Series,0.8544182763044363,1,2.312885129457491,5.133829484262485,2.8886810011752857,35.93581077822033,1
U3647,38,Low,Premium,26.99,1,0,Increasing,6.28604607266943,Series,0.7567116158167893,1,3.1986220812027546,9.33359440766706,1.0,11.46444920297806,0
U3648,37,High,Standard,19.99,0,0,Stable,8.905890521423233,Series,0.8606689977573421,1,2.370976132621075,3.291119957013224,1.8569084604442934,29.51417514750693,0
U3649,44,High,Standard,19.99,0,0,Declining,3.37002623137978,Series,0.2670697083438769,1,2.014699859433348,8.002879754689516,3.0521930727156916,32.39311540290055,0
U3650,29,Mid,Standard,19.99,1,0,Stable,8.619473373044142,Movies,0.2171457979856298,0,1.2558124421538535,4.647027671329612,4.228515410055945,54.658910304354734,1
U3651,39,Low,Standard,19.99,0,0,Stable,5.480172012214772,Series,0.8063633668447854,1,2.394583132055298,6.314531649436544,1.0,14.33662867090143,0
U3652,41,Low,Standard,19.99,1,1,Declining,5.6983167675745605,Series,0.716140367379565,0,0.5,2.8965382784151674,3.2681385275446084,14.665255541156185,1
U3653,40,Low,Standard,19.99,0,0,Stable,4.880497570267275,Series,0.5749908908554939,1,2.5946630978826306,1.823010319014288,1.5380072592439649,14.044625782956997,0
U3654,25,High,Premium,26.99,1,0,Declining,6.559770708664162,Series,0.5051900233279976,0,1.9794522672310322,8.459971281917605,3.2416252477505423,20.08473349335739,1
U3655,36,Mid,Premium,26.99,0,0,Stable,4.532656688981502,Series,0.7577369089257858,1,2.2706067270748895,4.6226313896351465,1.159656869264156,10.26516314324438,1
U3656,39,Low,Standard,19.99,1,1,Stable,7.545914659013404,Movies,0.0,1,2.0475454047523423,7.470742413439265,1.969964869206999,32.54306283810348,0
U3657,35,Mid,Ads,8.99,0,1,Declining,4.604320131545976,Series,0.758438237062547,1,2.5326605112016347,4.1871093461324485,2.5874064898201596,30.09794361131499,0
U3658,18,High,Standard,19.99,0,0,Declining,5.20361287445252,Series,0.618137653208163,1,3.346128434563815,7.47345639495712,3.154244172638707,14.9160762222757,0
U3659,36,Low,Standard,19.99,1,1,Declining,4.208392331676732,Series,0.502232096481547,0,1.5345974310681916,4.642753552930619,2.7703082698237447,9.471832145491778,0
U3660,61,High,Standard,19.99,1,1,Increasing,7.742220157887027,Movies,0.45048818038062904,0,1.4071868238249543,3.0790444611614394,1.7707698883548133,12.765741700256957,1
U3661,30,High,Ads,8.99,0,0,Stable,7.309562408019543,Series,0.5227901835429767,1,2.065652450797211,6.792969781900845,1.6977354755315357,12.370730304049173,1
U3662,26,High,Ads,8.99,0,1,Declining,2.9957232438202963,Series,0.605803746945174,1,1.6583021571680767,7.389201042124693,3.9789816205872945,23.925481881048903,1
U3663,39,Mid,Standard,19.99,0,0,Stable,4.983955876666647,Series,0.5907508398219284,1,2.3140445497644193,6.780863811759561,2.4771973670010077,20.316950320034266,0
U3664,38,Low,Ads,8.99,0,0,Declining,4.282901000723177,Movies,0.4989059847966928,1,2.324946056372085,5.210494161934614,1.7245255796070658,27.86279776592359,0
U3665,49,Mid,Standard,19.99,1,1,Stable,6.2050597205619855,Series,0.6318363642366526,0,0.5,2.0022859056743387,2.7380540341392496,35.84820566251818,1
U3666,19,Low,Standard,19.99,0,1,Stable,4.989207072391251,Movies,0.0,0,0.9366081769462369,3.362106175617902,2.8228303409765347,21.583879995684566,1
U3667,43,Low,Standard,19.99,0,0,Increasing,11.772644078743994,Series,0.3215812394993553,1,2.995316757056491,4.095978984314129,1.0,25.11668528269626,1
U3668,42,Mid,Ads,8.99,1,0,Declining,4.33105316313679,Movies,0.13316675936021458,0,1.1709652117766887,4.983477184757474,2.6862742598670692,47.47561822730679,0
U3669,33,Mid,Ads,8.99,0,0,Stable,6.546675594007778,Series,0.6913089333557163,1,0.8265045609416339,7.761598264462252,1.0,24.84811856278858,0
U3670,39,High,Ads,8.99,1,1,Stable,4.344943348060907,Series,0.7113704843045509,1,3.2607052084427264,5.265270904992327,1.555146921500329,12.123916752282923,1
U3671,47,Low,Ads,8.99,1,1,Increasing,15.21490756383636,Movies,0.6840714369508409,1,1.7650945534016484,1.2867531881740577,1.2137175809070582,17.180109728902433,1
U3672,45,Mid,Standard,19.99,0,0,Stable,11.854134791109825,Movies,0.14711391780648758,0,1.0648663522964057,1.0,2.0708247808328473,0.0,0
U3673,21,Mid,Standard,19.99,1,1,Stable,5.439202843191303,Movies,0.6118505939775633,1,2.937352473061134,4.110488289719353,1.762900019967689,24.545574029093572,0
U3674,44,Mid,Ads,8.99,0,0,Stable,9.452172762338195,Series,0.21242426700464384,1,1.8547559302206418,4.473351505841876,1.9998435883087367,11.40588298806423,1
U3675,34,High,Ads,8.99,0,1,Stable,6.816373232524819,Series,0.6035515914982242,0,0.5,6.2112952882716606,1.0,7.310707105985106,1
U3676,35,Mid,Ads,8.99,0,0,Increasing,13.811308778439319,Series,0.6490406800089388,0,1.4087827649821978,2.59500527244838,2.123877754360839,7.618999474973663,1
U3677,35,High,Premium,26.99,0,0,Increasing,10.008699259201158,Series,0.6483180513138859,1,2.7781052928480077,2.734650590641691,1.0987122599221089,31.721472125145823,1
U3678,33,Low,Standard,19.99,0,1,Stable,7.199524337534798,Series,0.5380808964485907,0,1.0654447009224295,6.407179987252743,4.483512770653843,14.893866750267241,0
U3679,49,Mid,Premium,26.99,0,0,Stable,2.0014609207628364,Series,0.6235791183720898,1,2.2262937120249533,8.168412214585256,1.8003601024575224,27.171882324126262,0
U3680,33,Low,Premium,26.99,1,1,Increasing,6.364182079719951,Series,0.3529560858729402,1,1.592122255075155,1.572924195448644,1.942188632958469,22.628883938587464,0
U3681,21,Low,Standard,19.99,1,0,Declining,5.041041339149885,Movies,0.5230322973592845,0,0.8022682092371083,3.962121918472562,2.895046829061222,20.404205558543357,1
U3682,30,Low,Standard,19.99,1,1,Declining,5.397332505407958,Series,0.6499580866906881,1,2.1069936200618673,7.7224792642844875,3.5224936773327844,13.401135241152195,0
U3683,37,Low,Ads,8.99,0,0,Stable,4.570332572125231,Movies,0.42244668269637375,0,1.624306114531533,7.366151657805611,1.0223825575794294,23.948892659566518,0
U3684,49,Low,Standard,19.99,0,0,Declining,3.5424569426474424,Series,0.5441967076891838,1,2.358664845797879,3.6486170947901573,2.773046525435596,12.88918363639159,1
U3685,42,Low,Ads,8.99,0,1,Increasing,10.660341051752459,Movies,0.2844040750502332,0,1.8100246495492796,7.819756171380782,3.1662700310642293,19.87750273047118,0
U3686,24,Low,Premium,26.99,0,1,Stable,4.233578540533285,Movies,0.45494617883305355,0,2.126805487548968,5.589814084001791,2.3846605928506124,31.274897335020576,1
U3687,64,High,Ads,8.99,0,0,Stable,7.267459447447079,Movies,0.6679947699914817,1,2.8319433020887885,6.820102866426622,2.364625300970949,33.80416583329235,1
U3688,38,Low,Standard,19.99,1,1,Stable,9.475907062978111,Series,0.3212737818801542,0,0.505018279042991,4.091932931844822,1.6880577599849942,12.767559920443254,1
U3689,50,Mid,Ads,8.99,0,0,Stable,7.770939258223642,Movies,0.06118596504122181,0,1.158110982116102,6.084833209371595,1.8778207861538911,22.466216291408035,1
U3690,33,Low,Premium,26.99,0,1,Stable,7.670973486331954,Series,0.6532410624777847,0,1.738497825635788,3.1683835457365714,2.092227315240464,25.011279350773748,0
U3691,41,High,Ads,8.99,0,0,Declining,0.9596971016444726,Movies,0.2835599827291365,0,1.2402275271546872,4.405306728010905,1.7740808820209482,20.849178510725764,0
U3692,45,High,Standard,19.99,0,1,Stable,5.356174447164207,Movies,0.37482115433449875,0,0.5,4.906243783375068,3.088075331140831,27.16275935918754,1
U3693,49,Mid,Standard,19.99,0,0,Stable,11.108403667182081,Movies,0.3452421370801321,0,1.0240105394345842,5.780254482403286,1.328152590716552,27.295838811529713,1
U3694,47,Mid,Standard,19.99,0,0,Declining,3.8016761649081356,Movies,0.4744018735707387,1,0.9365289697414441,10.0,3.05547598120594,40.05171640920712,1
U3695,45,Low,Standard,19.99,1,1,Stable,9.528952419094136,Movies,0.29276731395601113,1,2.1335026253734104,10.0,3.5277997023266954,43.87526698947996,1
U3696,31,High,Premium,26.99,0,0,Declining,3.778318221287434,Movies,0.10835764202014642,1,1.8890472353024221,4.724189947427817,2.569828575155192,16.022058057711952,0
U3697,28,High,Ads,8.99,1,0,Increasing,8.16653849547161,Movies,0.19202920778160565,0,1.1196770394859905,8.459198412039147,1.0,37.92359066316103,0
U3698,38,High,Premium,26.99,0,1,Stable,8.031173690707037,Movies,0.31790966902110074,0,1.8907375857054012,3.2816948209429655,2.812197014884913,23.26913684333598,0
U3699,46,Mid,Standard,19.99,0,0,Increasing,9.302079047982028,Movies,0.09900590622572042,0,0.6342993218301695,6.298554252163412,1.556283999090283,15.87013393716742,0
U3700,32,Low,Premium,26.99,1,1,Stable,7.76302490200216,Series,0.5926292186498031,0,0.9408920843908584,4.128695753572219,1.6723412160419753,25.285077180336437,0
U3701,47,High,Standard,19.99,0,0,Increasing,6.544829235819039,Movies,0.3621509311429003,1,1.6149425434904336,4.598073494054981,2.5619603731132417,15.203962457512027,1
U3702,52,Low,Standard,19.99,0,1,Declining,2.727459621062487,Movies,0.27843928002577034,0,1.8356680397706393,10.0,3.3054065716017527,17.487848177734804,0
U3703,24,Mid,Premium,26.99,1,0,Declining,3.2282567712189976,Movies,0.3918444267583588,0,1.8656186100025045,4.726033294149661,1.0,4.841538490393887,1
U3704,24,Low,Standard,19.99,0,0,Declining,3.9353637170752664,Series,0.2771442838275379,0,1.4800376329387859,4.200315616066899,2.257572620875755,18.965095478858053,1
U3705,33,High,Standard,19.99,0,1,Stable,6.541437235885177,Movies,0.15936313228735224,0,1.4541448013190967,3.4993586046057557,4.191746552431852,29.192132196302296,0
U3706,38,Low,Ads,8.99,1,0,Declining,7.0745507612796406,Series,0.37146022273927903,1,1.5797970647037698,3.961466539983733,1.1010190529679427,26.646714986512073,0
U3707,28,Low,Ads,8.99,1,1,Stable,7.174682912050097,Series,0.7759713475894847,0,1.399594493405837,2.656441143967719,1.9995917365424853,22.364329735150545,1
U3708,51,Mid,Standard,19.99,0,0,Stable,7.96919420501717,Movies,0.8112328005161269,1,1.626853751888878,5.945702647120027,1.584008218345698,38.840966023361254,0
U3709,40,Mid,Standard,19.99,0,0,Stable,7.283202025160264,Movies,0.17383608400554507,1,2.324716372511766,5.9097350009046155,2.9033249599776068,43.60932611497576,1
U3710,35,Mid,Standard,19.99,1,1,Stable,4.7691314929424475,Movies,0.30295155260651263,0,1.1283257494504104,6.1754345062895695,1.0,23.979243879989482,1
U3711,18,Low,Ads,8.99,0,1,Declining,5.034539052011298,Movies,0.21131415147690372,0,1.0029165585099649,5.477147570243016,1.0,37.172586746164896,0
U3712,19,Low,Standard,19.99,0,1,Stable,7.261564220383072,Movies,0.3942450481615887,0,1.3141511795299885,4.365241016533641,3.0320365026138822,22.190149000022366,0
U3713,38,Mid,Standard,19.99,0,0,Stable,8.519846442682615,Series,0.47831827011596895,0,1.638630950409321,4.186310597358471,2.438658294073199,19.055893612880855,1
U3714,18,High,Standard,19.99,1,0,Increasing,5.794235791069605,Series,0.6565559753494374,0,2.187728459050022,5.818007309845925,1.0138051905332357,29.530175444514345,1
U3715,47,High,Premium,26.99,0,0,Stable,2.919178269703279,Movies,0.48300532334431734,1,2.6305909625869335,5.396970975826333,2.1315276100629776,17.153994458285872,1
U3716,33,Mid,Standard,19.99,1,1,Increasing,9.528791445511493,Movies,0.10523501242184846,1,3.6667938830627316,4.228467573586675,1.0,0.0,1
U3717,73,High,Ads,8.99,0,0,Stable,7.707700003176761,Series,0.6543028631049936,1,2.420555022214131,4.926801744616796,3.1222837861688624,14.89510718707611,0
U3718,62,Mid,Premium,26.99,0,0,Increasing,8.461845581048857,Movies,0.0,0,2.191943664959412,8.578897530301003,2.478286795333658,0.0,0
U3719,32,Mid,Standard,19.99,1,0,Declining,5.056041801453582,Movies,0.29869320711190933,1,2.561350452596568,9.440345196702877,1.4853386767618932,13.345239969875713,1
U3720,33,Mid,Standard,19.99,1,1,Stable,8.75754475716561,Series,0.5352639149038461,0,1.4198947908808017,5.059537444479255,1.6198457680533669,11.457687023943146,1
U3721,46,Mid,Ads,8.99,0,1,Increasing,7.623583270417473,Movies,0.30417258989698154,0,1.215886002312469,4.0324431368136455,1.740806245458999,11.529425692293152,1
U3722,55,Mid,Standard,19.99,0,0,Declining,4.442718315682842,Series,0.5375879087217569,1,2.4794605746212643,5.413801011777818,1.1249906364939917,5.380963142066223,1
U3723,18,Mid,Ads,8.99,1,1,Stable,7.158072889227664,Movies,0.25101457588672227,0,1.5157892494615823,7.771763406427329,3.5399848254400874,3.613704197876414,1
U3724,18,Low,Standard,19.99,1,1,Increasing,5.340555962491972,Series,0.546843564321023,1,1.4495283236884289,5.4126556348311885,3.3631429912970168,10.236109347288126,0
U3725,27,Low,Ads,8.99,0,1,Stable,6.696205549904491,Series,0.64762753835537,1,2.7200324322964935,6.21018091856515,1.7987369965612212,13.548048341748746,1
U3726,41,Low,Ads,8.99,0,1,Declining,4.872513365331588,Movies,0.4032514414775497,0,0.5580030936682491,4.1849325783490325,1.8854912777853392,14.422742673222277,1
U3727,40,Mid,Ads,8.99,1,0,Stable,10.274084428640549,Movies,0.37303986893992647,0,1.6505856768365832,3.1666203888873845,1.0770700243210933,21.10699667808289,0
U3728,47,Low,Ads,8.99,1,1,Declining,4.403768684743079,Movies,0.23528051527070482,0,1.5994767155584781,7.023107062142405,2.039382145048805,26.47644470272797,1
U3729,20,Low,Ads,8.99,1,1,Increasing,9.600033719833402,Series,0.8160673296509565,0,2.010623762879076,5.889689324738759,2.689245758358814,5.882432371717405,1
U3730,18,Mid,Standard,19.99,0,0,Declining,6.837235210779484,Series,0.90507101673164,1,1.7827385072475237,6.811671721527352,3.3811930588989454,7.504089448778579,0
U3731,45,Mid,Ads,8.99,0,0,Declining,3.325030549379144,Movies,0.09231713699094962,0,0.8064487009704957,2.078413684649212,1.303869660894022,37.97674167975772,1
U3732,25,Mid,Standard,19.99,1,0,Declining,7.751480773752332,Series,0.632853831189984,1,2.9643551299587427,9.16528581693751,1.0,27.088097894537988,1
U3733,18,Mid,Ads,8.99,0,1,Stable,10.527740464114556,Series,0.5063716134951015,1,1.6550964456280939,6.004560438748006,1.1928520745779272,8.692657417785862,1
U3734,36,High,Premium,26.99,0,0,Increasing,8.913311137053974,Series,0.7851196105789999,1,1.5960600152291269,1.8855355146789052,2.756214687505399,2.9589325790170093,0
U3735,44,High,Premium,26.99,0,0,Declining,3.92114787708124,Movies,0.3474811597582984,0,1.4043089547013035,7.473816091669271,2.1564908573073405,12.018149871217807,1
U3736,33,High,Ads,8.99,0,0,Declining,8.254238848780776,Series,0.6106355895806272,1,2.2719850742252046,4.753222528023924,3.1923830337793593,14.962039734814812,1
U3737,29,Mid,Standard,19.99,0,1,Stable,8.591261745536297,Movies,0.44899356467828877,0,1.3776776677667828,5.561015859516743,2.241588492794586,26.182354674430986,1
U3738,33,Low,Ads,8.99,1,1,Increasing,9.245907613991509,Series,0.5404922082939488,1,2.6226360206290984,4.544554893688337,3.815706069938428,0.0,0
U3739,30,High,Premium,26.99,1,0,Stable,9.853687639231405,Movies,0.6854962154796,0,1.5716551539876449,5.30420746342676,1.0,6.424492374251827,0
U3740,18,Low,Standard,19.99,0,1,Stable,9.64198437709864,Movies,0.4519479456633101,1,2.25327628381796,5.404959520596082,1.0,39.59946757361291,0
U3741,26,Low,Ads,8.99,0,0,Stable,6.3274860920835545,Series,0.786321498994966,0,1.324076643261808,2.159859373997754,3.5532224935636467,18.19475699481343,0
U3742,41,Mid,Ads,8.99,0,0,Declining,5.4974597065983,Series,0.5558888808071736,1,2.259808838624257,7.231524358204544,1.4042131843819912,18.7481042417744,1
U3743,38,Low,Ads,8.99,1,1,Stable,8.153584975851913,Movies,0.32542886768281254,1,2.321164614888602,5.725736771509439,2.3375908051676966,11.226844761839434,1
U3744,37,High,Standard,19.99,0,0,Stable,7.0574600597757025,Series,0.7623249719128009,1,1.4675306575969111,6.392379023679572,2.3343900725995845,27.46413623769922,0
U3745,23,Mid,Standard,19.99,1,0,Increasing,4.827388227287159,Movies,0.49223645365191715,0,1.6781949800401228,7.131901901843219,2.52681745172588,0.0,1
U3746,32,Mid,Standard,19.99,0,1,Increasing,6.185221488905261,Movies,0.10026629353347458,0,1.8245166894943192,5.741719072266844,1.7262762190277672,12.90033424031419,1
U3747,18,Mid,Standard,19.99,0,0,Stable,4.283474429079545,Movies,0.3755265192965638,1,2.6824575330015716,6.162187164171124,1.248133549310831,0.0,0
U3748,37,Mid,Ads,8.99,1,0,Stable,7.985848606048008,Movies,0.44476758911328523,0,1.580251617916809,2.559155317232965,1.1681283991771747,17.762263580188478,1
U3749,52,Low,Ads,8.99,0,1,Stable,4.6312953657525116,Series,0.5739398750006605,1,1.705639309730381,3.839254266506595,2.8036637833287026,12.647328776590445,0
U3750,18,Mid,Ads,8.99,0,0,Declining,5.38483614163486,Movies,0.4257855131366652,0,0.5923710375004066,5.670025122433845,2.971498660095248,0.0,1
U3751,27,Mid,Premium,26.99,0,1,Stable,10.663807652550314,Movies,0.3324011504308608,0,1.7154463888272404,5.871409489089114,1.949910163616267,30.126506078574707,0
U3752,38,Mid,Ads,8.99,0,0,Stable,9.855540369824293,Series,0.1506498112088711,0,1.3142842197344733,6.301414932865921,1.6032007104627546,26.280961971075616,0
U3753,50,Mid,Standard,19.99,0,0,Increasing,3.4877500591980635,Movies,0.08782171200556671,1,2.401719429876801,8.312092385928944,2.7686709310066977,30.357249876322943,1
U3754,29,Low,Ads,8.99,0,1,Declining,2.4425970584579875,Series,0.7949968868385637,1,2.428694971728452,5.311582139698834,1.0,0.0,0
U3755,26,Low,Ads,8.99,1,1,Stable,5.446967151640283,Series,0.5511239499155337,0,1.4285263829486181,6.225786137738922,4.14969810687617,5.955957928135639,0
U3756,18,Low,Standard,19.99,1,0,Stable,4.661952621561264,Movies,0.3879381990484863,1,2.6879244407130427,5.617981684338603,2.6523757558874994,32.424955908946316,1
U3757,36,Mid,Standard,19.99,1,1,Declining,1.692371245356533,Movies,0.34926863940176067,0,1.2522858642101633,5.000558628405158,2.0405249431826427,27.726105338138254,0
U3758,59,High,Standard,19.99,0,0,Stable,6.978319320549518,Series,0.4349403402342722,1,1.1569439148966398,5.078336840214655,3.029901377629984,34.842523554572665,0
U3759,38,High,Standard,19.99,1,1,Increasing,11.115301648249691,Series,0.5065843056353883,1,2.7130433085493277,3.9314288155645887,2.830663680770096,15.12064319229803,1
U3760,34,Mid,Standard,19.99,0,0,Increasing,11.862102116168662,Series,0.6657898953676334,0,1.5887733132066777,5.2659792343006995,2.435054439918694,16.687867916380604,1
U3761,38,Mid,Ads,8.99,0,0,Stable,6.051047658512381,Series,0.6861992271394359,0,0.6526777189346172,5.062241773868672,1.0,25.39351330745099,0
U3762,34,Mid,Standard,19.99,0,1,Declining,4.4561925993688165,Series,1.0,1,1.6003719540288086,5.196617807738309,2.610950096125958,1.7864995137481472,1
U3763,25,Low,Standard,19.99,1,0,Increasing,10.067031735374266,Movies,0.2544515642444775,0,1.741495636634681,2.016196498753022,3.6558857980202437,20.34969406708908,0
U3764,44,Low,Ads,8.99,0,0,Stable,6.783028876321702,Series,0.9341278316651783,1,2.971444173156629,5.302117579522377,1.6447812107113888,48.42059678020796,0
U3765,37,High,Standard,19.99,1,1,Stable,8.621213552191604,Movies,0.17791702341989268,0,0.5,3.7458931491464362,3.1586490054947154,13.705940530267853,1
U3766,35,Mid,Ads,8.99,0,1,Declining,5.860729725669027,Movies,0.4477200387490716,0,1.5204215299397403,5.376295731417293,3.049035432119413,0.0,1
U3767,23,High,Ads,8.99,0,0,Declining,4.247391152971942,Movies,0.38557452390636693,0,1.189676824781699,3.3104607090310507,2.494074136145843,22.93317953840198,1
U3768,50,Low,Standard,19.99,0,1,Declining,1.2867273766931135,Movies,0.3248268897649628,0,1.3370821160397228,5.599853773436152,2.370164843836584,7.1860807084630665,1
U3769,42,Mid,Premium,26.99,1,0,Stable,9.998063210963988,Series,0.5988683096274589,1,2.3787666792542415,4.9060642917602815,2.7598454897718447,16.716196499170984,1
U3770,28,Low,Premium,26.99,0,0,Declining,3.6278354211113566,Movies,0.2254770016188219,0,0.9189286365311882,4.2474371707416445,2.615831931853104,31.050824424416128,0
U3771,47,Low,Ads,8.99,1,1,Declining,5.715117291460521,Movies,0.5307809110927693,0,1.6263351342511825,6.078674247463266,4.090860398106629,24.6973243161541,0
U3772,29,Mid,Standard,19.99,1,1,Stable,3.166816662561805,Movies,0.18147699188221827,0,0.9559252806468431,6.250952093088335,3.166755222231091,12.13775884498985,1
U3773,25,Low,Standard,19.99,1,0,Stable,6.97736683322839,Movies,0.4135051840629788,0,1.6735064037333662,5.401380933428281,2.9071123887743155,28.06190672411445,0
U3774,25,Low,Ads,8.99,0,1,Declining,5.200523921724398,Series,0.751171666715476,1,2.881417492313073,6.637576326533106,3.2571934367503994,0.0,1
U3775,18,Low,Standard,19.99,1,0,Declining,5.297204145095324,Series,0.8768406186775437,1,1.7767046097722663,4.673406024097172,2.9077978471856767,20.36528497353838,0
U3776,40,Low,Standard,19.99,1,1,Declining,11.027586565435993,Series,0.7943538937795954,0,0.8761403189454156,6.299904122049626,1.0,13.392030548710917,1
U3777,18,Mid,Premium,26.99,0,0,Stable,5.737763252413134,Series,0.7144858892795448,0,1.3568277680432033,5.415552461983868,2.08324611480424,0.0,1
U3778,20,Mid,Ads,8.99,1,0,Declining,6.641328453913386,Series,0.4724536073700013,1,3.2021939638257013,3.5013366942228084,1.5804306505518335,3.4714505936412117,1
U3779,18,Low,Ads,8.99,0,1,Stable,8.046464904418755,Movies,0.19284496953871705,0,1.0036454879241585,3.8972954373061093,2.5279695104738003,17.8246285327279,1
U3780,33,Low,Premium,26.99,0,0,Declining,3.6427220146648276,Series,0.372284222974064,1,2.0580821211458638,7.830803549334378,1.643289012195018,26.96049527329692,1
U3781,33,Low,Standard,19.99,0,1,Declining,6.61133880636186,Movies,0.10314688611465087,0,1.4605360711022597,8.652678242330914,2.7911181982572644,18.261256847897204,1
U3782,31,Mid,Premium,26.99,0,0,Stable,6.671358126138395,Series,0.5997191923711314,1,2.694068253537723,6.926507427445273,1.7788817776101045,14.447178803323567,1
U3783,22,Low,Ads,8.99,0,1,Declining,6.750486435153437,Series,0.4545166595266956,0,1.5634836655145028,4.333622826353878,3.897683236598697,27.71740773852367,1
U3784,20,Mid,Standard,19.99,0,0,Declining,8.92192524684343,Series,0.8398451268979198,0,1.3161468093389932,8.355447009565241,3.8500700798527534,21.290922389191866,0
U3785,40,Low,Standard,19.99,1,1,Stable,7.3015977812682,Movies,0.23420768168791417,1,2.1166886151736706,6.725098003421198,1.0,29.96729536274791,1
U3786,28,Low,Ads,8.99,1,0,Stable,6.437749541863098,Movies,0.3688511674743365,1,2.4990936839915263,6.17129326770524,2.5228714857645773,24.89316119498219,0
U3787,38,High,Standard,19.99,1,0,Stable,9.103112367620826,Series,0.5470712463119656,0,0.5,9.184619179305503,1.7381205195021916,9.455694488203966,0
U3788,24,Mid,Standard,19.99,0,1,Declining,7.793306331868683,Series,0.3192285125231698,1,3.42155229864085,3.780049039900516,2.4520140844434977,26.050896480420224,0
U3789,37,Low,Ads,8.99,1,1,Increasing,6.350227381823852,Series,0.8178881663160636,0,1.2070970413045088,7.045971818799991,2.786689450149977,29.53135953101924,0
U3790,50,High,Ads,8.99,0,1,Increasing,7.641128731385774,Movies,0.4890964169289986,0,1.391148873931003,3.8707982855478322,1.0,34.80209961334086,1
U3791,42,Mid,Standard,19.99,1,0,Stable,8.350846543682524,Series,0.7621044177846097,1,3.5596278867097304,4.286740065657588,1.226394597904634,11.674341965477499,1
U3792,30,High,Standard,19.99,0,0,Stable,6.735935979170561,Series,0.7189893320497908,1,1.8552134634141884,10.0,1.350834278861866,13.64248646534761,0
U3793,38,Mid,Premium,26.99,0,0,Increasing,6.137003961039639,Movies,0.19810299300097597,1,3.6992706209661113,6.504727004966318,1.6485820235096338,28.56469659830033,0
U3794,32,Mid,Ads,8.99,1,1,Declining,6.081389655790789,Series,0.4519902069526445,0,1.6698305454770144,9.198374524291832,1.677745157465451,28.09865369419157,1
U3795,35,High,Ads,8.99,0,0,Declining,6.342979431413545,Movies,0.4403975282386231,0,1.523269984741257,6.587161528578424,2.99676535870763,11.876167279380972,0
U3796,31,Low,Premium,26.99,0,0,Declining,4.331228488206049,Series,0.9085839131968403,0,1.6219493474205748,6.304839789172562,2.4224914212466135,9.930859591423138,1
U3797,33,Mid,Premium,26.99,1,1,Increasing,9.18404629599371,Series,0.6771957795686399,1,1.795109004587838,4.247804698792352,1.32884471633142,12.803667388199688,0
U3798,37,Mid,Ads,8.99,0,0,Stable,5.846853862107762,Series,0.7956933353701945,1,1.310625988603476,7.455484518279309,1.880373932286894,18.951089435300474,1
U3799,23,Low,Standard,19.99,0,1,Increasing,5.714287722264082,Movies,0.2448255335404173,0,0.7097681590827055,5.550620196481521,1.0,7.346263579715947,0
U3800,22,Low,Ads,8.99,0,1,Declining,4.0058707867436265,Series,0.8195701819939963,1,2.9524498843752918,5.660952617003765,4.219714649831828,23.03677772171713,1
U3801,18,Low,Ads,8.99,0,1,Increasing,9.22179705052772,Series,0.516106321573045,1,1.7386570819133262,4.977744636415918,2.2180690524795037,0.0,1
U3802,18,Mid,Ads,8.99,0,1,Increasing,4.5747323355921115,Series,0.6480318542492399,0,0.5,5.298443976794038,3.192603153488354,8.019739680601857,1
U3803,20,Mid,Ads,8.99,1,1,Increasing,7.727961206243523,Series,0.5267677809242373,1,2.2524100149470705,5.549856488957108,2.993171133506385,20.208226627141254,0
U3804,36,Mid,Premium,26.99,0,1,Stable,7.175660261185477,Movies,0.5278312347353787,0,1.5873511654102233,5.745762612145684,2.1639322471130775,6.967639277917996,1
U3805,24,Low,Standard,19.99,1,1,Increasing,12.583979730374601,Series,0.780552397857028,1,2.3231907709216566,5.398561961901436,1.0,12.979552094918823,0
U3806,41,Mid,Premium,26.99,0,0,Increasing,8.062222935598406,Movies,0.054643783971366156,1,2.6638322181695573,2.3863044194283667,1.6420700114678428,16.47240123744703,1
U3807,35,High,Standard,19.99,0,0,Stable,4.508195299781556,Series,0.8650595668444359,0,1.877506688780219,6.5838839701860445,2.5536146556215513,43.45246662476436,0
U3808,18,Mid,Standard,19.99,1,0,Stable,6.580679974604542,Movies,0.8252818385518388,1,2.642767149483263,5.25395927455364,2.260509259687671,2.3267632610834035,1
U3809,42,Mid,Standard,19.99,1,1,Stable,5.866861391819819,Movies,0.2789334633937419,0,1.2229735961161423,1.0,3.2403747117970383,20.828183492198384,1
U3810,44,Mid,Premium,26.99,1,1,Stable,8.104357110114726,Series,0.5746396856673556,1,1.9734093970120699,2.324230384567346,2.198038660774688,5.701987959953797,1
U3811,23,Mid,Standard,19.99,1,1,Stable,6.324189347275541,Movies,0.5978859588480305,0,1.6854023076323905,4.553087525826205,4.042065333849013,5.251950957341368,0
U3812,40,Mid,Standard,19.99,0,1,Declining,0.0,Series,0.6133534910611431,1,2.465188599803039,8.057192586639358,1.1403553981501264,7.499536166381953,1
U3813,24,High,Premium,26.99,0,0,Stable,14.383249002395608,Movies,0.3492051379933811,0,0.869616741502606,6.715430926118656,2.71768003589939,16.121637880435042,0
U3814,36,Mid,Ads,8.99,1,1,Declining,5.284726583181859,Series,0.9793937467774826,1,3.0813093238925853,4.12569758258489,1.1710661267195552,35.20561805869482,0
U3815,19,High,Standard,19.99,0,0,Declining,5.178383020617158,Series,0.32914056771839456,0,1.4310815752418276,5.118600881302153,3.1140826558520125,32.09803273845237,1
U3816,18,Low,Premium,26.99,0,1,Declining,1.917180056005936,Series,0.44220737397325416,0,1.6264567381700543,7.709086351598579,1.4468980555059443,12.501845293278897,0
U3817,30,Low,Premium,26.99,0,0,Increasing,4.606292202115164,Movies,0.43356459871117164,0,1.1039907326674059,4.267334558583473,1.0,14.802271206315758,1
U3818,33,Low,Ads,8.99,1,0,Declining,4.816102084653935,Movies,0.02609108122485987,0,1.8653575572765142,3.3280890774055374,1.0,25.096016161171143,1
U3819,30,Mid,Standard,19.99,0,0,Increasing,10.00851399693492,Movies,0.27539816331938727,0,0.5073208656641973,7.261097124870225,1.7279332574613961,18.691885783069907,0
U3820,20,Mid,Standard,19.99,0,1,Stable,8.404228278353504,Series,0.5235668739849546,1,3.3052984976064774,7.732137430286142,3.7586366600655974,10.360220950086106,1
U3821,30,Low,Ads,8.99,0,0,Stable,7.474875314636521,Series,0.792354764044463,0,0.5,4.290207187773574,2.941391140874344,25.936995805350477,1
U3822,38,Low,Standard,19.99,1,1,Declining,2.6281155936637313,Series,0.7385706069003838,1,1.4740268806624681,6.475225601510552,2.6468851836222362,37.45164102135248,0
U3823,34,High,Ads,8.99,0,1,Declining,0.0,Series,0.26335455023413556,0,1.4259151189231778,5.418800202940054,2.1349343459148793,30.701123520386094,0
U3824,37,High,Ads,8.99,0,0,Stable,6.79955530124359,Series,0.4613753316630901,1,1.9815463203167736,4.318665850659235,1.0736842904793358,34.278964584490716,0
U3825,26,Mid,Standard,19.99,1,1,Declining,3.932050658781744,Movies,0.21198874318127975,0,1.1358340513656537,7.837464542684646,1.2671944448983248,16.32747112213566,1
U3826,49,Mid,Standard,19.99,1,0,Stable,4.47485655177543,Movies,0.3066848246499318,0,1.0344548095820143,4.172059345716192,1.6482485641364262,5.008381383940618,1
U3827,20,Mid,Standard,19.99,1,1,Increasing,11.484174672316877,Series,0.38049056207813053,1,1.8301547666069455,7.012006404514061,1.557640306967424,0.0,1
U3828,40,Mid,Standard,19.99,1,1,Declining,1.8488465016400233,Movies,0.44032958839433317,0,1.4584887271914386,5.636152573002451,1.5432302776653435,0.0,1
U3829,49,High,Ads,8.99,0,0,Stable,8.233937678913165,Series,0.4611625861392512,1,2.2708629447407636,5.155006762384388,1.2485864540033722,15.559812806285855,0
U3830,40,Low,Ads,8.99,0,0,Increasing,4.769586074947556,Movies,0.4677243872007446,0,1.7424170029292938,4.389548183243273,2.2060812320512966,24.08191469076168,0
U3831,32,Mid,Ads,8.99,0,0,Increasing,9.402266056749992,Movies,0.34942915123366064,0,1.3400859161450236,3.526769464570505,1.4487438559296932,28.11698497206934,0
U3832,28,Low,Ads,8.99,1,1,Increasing,11.801922966055866,Series,0.4053849721979221,0,1.0915921798442658,5.000195514935679,3.3316354053183943,20.917131905583048,1
U3833,47,Mid,Standard,19.99,0,1,Increasing,7.986200053193178,Series,0.8776554605490994,1,2.7646809132779198,4.475163853124945,3.3215735828438246,9.340664035383616,1
U3834,18,Mid,Standard,19.99,1,1,Stable,10.379839669013643,Series,0.8835453268566086,1,1.2006574576365667,5.685032902289602,2.8010201976314395,25.853995716578307,0
U3835,23,Mid,Ads,8.99,1,1,Increasing,14.753658976780512,Series,0.6580690630419559,1,0.7509564934193846,3.1050995809126856,2.6855811752508503,3.622160738042485,1
U3836,30,Low,Ads,8.99,0,1,Increasing,9.711525000058966,Movies,0.3021587574311964,0,0.5060889291734764,5.196650100362568,1.0,4.755042109195392,1
U3837,49,Mid,Standard,19.99,0,0,Stable,8.082770741180546,Movies,0.13874143732504407,0,1.1282391149474695,6.3119258778918415,4.490825417267818,25.355252609883273,1
U3838,39,Low,Ads,8.99,0,1,Stable,9.121417732633038,Series,0.8142226739744861,1,2.534880870908327,4.153452003041913,1.918406939924191,3.2018426610392723,0
U3839,23,Low,Premium,26.99,0,0,Stable,8.088852744970978,Series,0.7645279070046265,0,0.5,6.981964868148296,2.9937136042320485,8.816737059797873,1
U3840,31,Low,Standard,19.99,0,0,Stable,7.874486435197087,Movies,0.18720081099739494,1,2.293033872895272,7.199130269119815,3.032969970107949,6.267764176220767,1
U3841,27,Mid,Ads,8.99,1,0,Declining,3.951861194447824,Series,0.46263745326383676,1,2.0872533187547817,3.085701097231293,1.1587929619569506,20.029630161163322,1
U3842,26,Mid,Ads,8.99,0,1,Stable,3.6252876496445756,Series,0.6913840928351425,1,2.382177266323606,3.983188595242151,1.5721521987467968,25.058466148782884,0
U3843,46,Mid,Standard,19.99,0,0,Stable,4.219809173501046,Movies,0.11491125052976653,0,0.5,2.819143324191192,2.597910093028482,25.3674697540742,0
U3844,18,Mid,Ads,8.99,0,0,Stable,11.764734717523037,Series,0.4748627152501217,1,3.869159994375268,6.346158887739346,1.0,11.03623691507428,0
U3845,54,Mid,Ads,8.99,1,0,Declining,5.644917915610002,Series,0.39188686700547365,0,1.316253513388158,5.755756048353725,2.1106249214325,15.98587043334866,0
U3846,44,Mid,Ads,8.99,1,1,Stable,6.508633037217336,Movies,0.14833319807312956,0,0.6914106222512152,2.2977459545079104,1.0,26.820834260643725,1
U3847,48,Mid,Standard,19.99,1,0,Declining,7.526654518235818,Series,0.4559871011604597,1,2.3776647744579975,4.19590950653362,2.2101343570338297,11.635497310069674,1
U3848,29,Mid,Standard,19.99,1,1,Declining,3.501084054276341,Series,0.7812008309011085,1,3.1969040758364655,6.116643677029876,3.5752016498353956,7.045033388353794,0
U3849,33,Mid,Ads,8.99,0,0,Stable,8.166216534826376,Series,0.2490907039319259,0,0.6566753030890312,5.72590393677053,2.1975947446532222,10.301117703387899,0
U3850,18,Mid,Standard,19.99,0,0,Stable,7.154384067120076,Series,0.6866968559957942,1,1.4031184240639503,7.920307427075592,1.0,10.705635295709058,0
U3851,28,High,Standard,19.99,0,0,Declining,5.920055002207205,Movies,0.40158946656203953,1,2.2291760761834407,3.196160869163185,1.6471361484274731,18.36836859764735,1
U3852,40,High,Standard,19.99,0,0,Stable,6.327180261412287,Movies,0.5436687528169861,0,1.2836485952365937,5.482206463271259,2.815116340261032,17.677511517143497,1
U3853,50,Low,Ads,8.99,1,1,Stable,5.070611385419239,Series,0.6514097974260998,0,1.6547024085708038,3.49648002707765,2.3667936311855455,15.991013237649671,0
U3854,21,Low,Standard,19.99,0,1,Stable,5.354257853720716,Series,0.5242321350667734,1,3.1851757095910087,5.720307035015008,2.6519326236980234,8.398834759360783,1
U3855,30,Mid,Premium,26.99,0,1,Stable,5.432231595479405,Movies,0.18693805491202697,1,2.768000499238414,5.1378922452933855,2.0277396324935273,6.812878380321516,1
U3856,33,Low,Ads,8.99,1,0,Declining,4.994059375355689,Movies,0.5480823347818903,1,1.467387890253057,6.043515813791416,1.4342412076469915,25.79033448729232,0
U3857,18,Low,Ads,8.99,1,1,Stable,3.887729639052114,Series,0.6993896168510585,1,1.657374898768675,4.681695889931354,2.3254215651472374,22.117796751009767,0
U3858,42,High,Ads,8.99,1,1,Increasing,5.257714154933722,Series,0.501372868236757,1,1.8210196102215646,7.024655553869487,2.2679426308931623,12.782203995692907,0
U3859,26,Low,Ads,8.99,0,0,Stable,7.271048595058405,Movies,0.5317823448333321,0,1.688837735728649,4.07063982214523,3.227172861579303,17.31739636859412,0
U3860,32,High,Standard,19.99,1,1,Increasing,8.616974866758255,Series,0.5108243569587771,0,1.6033530500276745,3.469456105041986,1.730127946334872,32.5456332091901,1
U3861,29,Mid,Premium,26.99,0,0,Stable,7.380463068513397,Movies,0.3498116269012008,0,1.9307684921086046,5.95044997981161,2.2487422730667057,17.136929541588497,0
U3862,25,Mid,Premium,26.99,0,0,Stable,6.909912931333782,Movies,0.22910325829107392,0,1.5790567700595233,9.207739688932676,2.0547816305324256,17.92497070568028,1
U3863,34,Low,Ads,8.99,1,0,Increasing,16.55685062066464,Movies,0.4567683808800457,1,1.9235173097307459,2.457357235901655,4.473963814689652,36.32875892220919,0
U3864,32,Low,Standard,19.99,1,0,Stable,7.253476867981747,Series,0.4011617299620239,1,2.1819195935988263,3.210895166641488,1.4470030688623594,30.84413279218072,0
U3865,30,Mid,Standard,19.99,0,0,Increasing,7.862761051538173,Series,0.5402822623867697,1,1.423146952043195,5.963107247956212,1.815374917577057,10.31005884944737,0
U3866,26,Low,Standard,19.99,0,1,Stable,7.202263570723019,Series,0.4690892433497771,1,2.676886532229353,7.754450181102081,1.2425678400545193,30.844717059676995,0
U3867,38,Low,Standard,19.99,0,1,Increasing,12.05986512753099,Movies,0.40274239233240333,0,0.9869700770397434,6.112868902077324,3.5038349908082354,15.960773834657621,0
U3868,54,Low,Ads,8.99,0,1,Stable,6.90074322124507,Series,0.6776975836482065,1,3.034578970913748,4.284006587029658,3.577954965571854,5.392791224839634,1
U3869,36,Low,Standard,19.99,1,1,Increasing,11.054185075908737,Movies,0.12916781458166487,1,2.6601781880924213,6.34059098813651,1.9831019102095944,33.6500090100953,0
U3870,46,Low,Standard,19.99,0,1,Declining,5.792091928804433,Series,0.681286277764949,0,2.268999763124557,6.532664036945482,3.3855938178784726,9.485926142679421,0
U3871,18,Mid,Standard,19.99,1,1,Stable,6.419168846314712,Series,0.3046553232617928,0,1.5098979550408589,4.139620696372306,2.5281015973317342,11.880477370941353,1
U3872,36,Low,Standard,19.99,1,1,Increasing,9.332627396645856,Movies,0.7883946342877921,0,1.5005366251266616,7.149691090792745,2.90202067200559,13.424066561206839,0
U3873,21,Low,Ads,8.99,0,0,Declining,8.197844228384152,Movies,0.2477053861439802,0,1.2087408532725432,5.430966512582007,1.2051464476806475,42.44384412750635,1
U3874,18,Mid,Ads,8.99,0,0,Stable,7.486156590075929,Series,0.8098521329937884,1,2.069254518546928,2.000605468937375,2.3613776878288917,6.57643996722514,0
U3875,26,High,Premium,26.99,0,0,Increasing,6.041936927486789,Series,0.6402332785131667,1,2.1448088952882407,5.2303396321781355,4.072370721071396,10.768375505646002,0
U3876,49,Low,Standard,19.99,0,1,Declining,4.360979145734249,Movies,0.39835910020383414,0,1.799574012371132,4.361874484266507,3.6774525893398633,13.892429439880614,1
U3877,46,Low,Premium,26.99,0,1,Stable,2.7715055005343894,Series,0.3667852148307485,1,1.4908337202907027,8.109783756093961,3.0052997891149262,24.326537270479232,1
U3878,37,Mid,Ads,8.99,0,0,Stable,7.274797413505761,Movies,0.5186881718163275,0,1.3316636013349479,2.842097455352783,3.151063255552825,17.16605041975423,0
U3879,18,High,Standard,19.99,1,1,Stable,9.624124687565628,Movies,0.35972942638287997,0,0.5,4.533753182189525,4.633008453836567,9.992238120770633,0
U3880,32,Mid,Standard,19.99,0,0,Declining,2.317188463732292,Series,0.694027937736878,1,2.5237850893365805,6.014413591373267,2.9857662489526913,25.48551240070254,1
U3881,38,Mid,Premium,26.99,1,0,Declining,5.2994654690160985,Series,0.5818571354309765,1,2.024882230566479,10.0,1.5383168114728925,34.27799548795784,1
U3882,37,Low,Ads,8.99,0,0,Declining,6.970863611738573,Movies,0.37600861258332496,0,1.5518109827505178,9.409848917264275,3.4130109857705397,0.0,0
U3883,18,Mid,Ads,8.99,1,1,Declining,7.182277266392969,Movies,0.1725656811536463,1,1.854501110201097,5.409524971240162,2.1256931484630153,9.821611919301485,1
U3884,24,Low,Standard,19.99,1,1,Declining,7.559602344551662,Series,0.5694217846338552,1,2.1458129459995563,6.198585363166789,2.6887757588144154,24.143243813647768,1
U3885,34,Mid,Premium,26.99,0,1,Stable,3.263492337308993,Series,0.516022158336131,1,2.6794136689298464,6.703969708755196,2.3184939228240906,3.2060384081031046,1
U3886,41,Mid,Premium,26.99,1,0,Stable,8.00986190922362,Series,0.45888576044877705,0,1.3629406390278604,3.4751290174290532,1.4912140119746193,16.1412828156032,0
U3887,18,High,Premium,26.99,1,1,Stable,3.9888696298107895,Series,0.6269051479389827,1,3.225676001570731,5.52028477239193,2.508500731869465,33.248793038327854,1
U3888,33,Low,Premium,26.99,1,0,Declining,3.003335726855058,Series,0.6726773911637031,0,1.0592269344746816,8.21243511976726,3.166874554401332,25.471857361985116,0
U3889,36,Low,Ads,8.99,1,1,Stable,8.642244519217012,Movies,0.4001544019459693,0,1.0160061554648967,5.783226845386693,2.938755636541353,24.252069497215935,0
U3890,45,Mid,Ads,8.99,0,1,Stable,7.316094243703234,Series,0.5795478410327068,1,3.0420750860621766,9.39960959497414,2.679930450883928,26.968073175292187,1
U3891,43,Mid,Ads,8.99,0,0,Increasing,11.179008222718121,Movies,0.432221811006051,0,1.116406733521413,4.60872265325969,1.999356421844847,21.899102475985888,0
U3892,41,Mid,Ads,8.99,0,0,Stable,5.141766790396603,Series,0.648432842396355,1,2.0520690378291757,5.32269504166437,1.0,13.953167888007883,0
U3893,25,Low,Premium,26.99,0,0,Increasing,13.42080933048863,Series,0.6195054408989957,0,1.4915507531697483,5.338597040261233,2.152605131695245,29.57840055446733,0
U3894,18,Low,Premium,26.99,1,1,Declining,6.376667867682102,Series,0.6332302039937916,0,1.2180730699183786,2.897312024276988,2.7542887650066246,12.29001107073745,1
U3895,30,Mid,Ads,8.99,1,0,Stable,8.77859623858692,Series,0.8366005979535872,0,1.1442273369404439,7.711942506094175,1.0,16.0618364053666,0
U3896,47,Low,Standard,19.99,0,1,Stable,4.839666447769728,Series,0.3589852877194699,1,1.884202560381399,4.832506035223396,2.13299575480929,0.0,1
U3897,51,High,Premium,26.99,1,1,Increasing,12.514203720637855,Series,0.5362807660364214,0,1.9811624745073435,6.016231728671038,2.105182057130709,12.266827017301114,0
U3898,43,Mid,Standard,19.99,1,1,Stable,6.367676846719194,Series,0.6676349217245744,0,1.2246783019457705,4.303247531880622,1.2853332489864013,18.94351878235975,1
U3899,40,Mid,Ads,8.99,0,1,Stable,5.7775474597092185,Series,0.2834528195034668,1,1.9627109663712963,8.950326644506003,2.9604167196643,18.31699386883832,0
U3900,39,Mid,Standard,19.99,0,0,Declining,6.250927080091323,Series,0.8765168966652142,1,2.1218698485584415,7.965311967900183,3.1441918288660027,29.08598513721816,1
U3901,28,Mid,Standard,19.99,0,0,Stable,8.166423549575878,Movies,0.4009635751448962,0,1.4774607493765688,5.616701920902791,4.014139223235879,12.745519219161295,1
U3902,33,Low,Standard,19.99,1,0,Declining,3.306362304485325,Series,0.7913803528847481,1,3.1767704118424698,3.051611766645178,2.1718019101306267,13.229311590376943,0
U3903,55,High,Standard,19.99,1,1,Declining,9.11260202038504,Movies,0.5739523757109766,1,2.1985285126481893,6.9879038261135165,3.4915118438962884,11.506030225905725,0
U3904,23,Low,Ads,8.99,0,1,Declining,8.628701152779549,Movies,0.4324905857821305,0,0.8686028533169596,7.665951391728211,1.3807456705190435,20.896329338673084,1
U3905,54,Mid,Premium,26.99,0,0,Increasing,10.815105422435309,Series,0.15348125891118997,1,3.451321552560305,3.6453720677713655,1.8288096253300377,36.55564021436423,0
U3906,31,Low,Standard,19.99,1,0,Stable,7.860806845463377,Movies,0.37953884434604196,0,1.3677754822046297,5.213211962362324,2.879481150445372,0.0,1
U3907,50,Mid,Standard,19.99,1,1,Increasing,9.989358678780889,Movies,0.3923773827057196,0,1.247036306739479,5.653694932243419,1.5439654211764136,12.147932386155542,1
U3908,18,Low,Premium,26.99,1,1,Increasing,4.350010121943986,Movies,0.13262664888571907,0,1.335917298953982,7.673954982519042,2.0378237455924175,13.78820289766404,1
U3909,42,Low,Ads,8.99,1,1,Increasing,9.338422163764388,Movies,0.0,0,0.6772700078245887,5.197310366501349,3.0395560298450714,0.0,0
U3910,26,High,Ads,8.99,0,0,Increasing,9.298624745687244,Movies,0.44233386056027074,0,1.2772971669154616,7.424086244306049,2.1939526612449,16.511193933345442,0
U3911,18,Low,Premium,26.99,0,1,Increasing,7.271964941284857,Series,0.3501619325564128,1,2.7557647805752543,3.954207399967993,1.2803618888000818,13.760248937964537,0
U3912,37,Mid,Ads,8.99,0,0,Declining,4.381301655996832,Series,1.0,1,3.0320721516233746,3.389144430445136,1.6104477244869142,12.733608590681182,1
U3913,47,High,Standard,19.99,1,1,Declining,0.23741521056905412,Movies,0.40262745636263114,1,2.0850737016814,9.163042283147796,1.9266032979425152,4.759725904139895,0
U3914,24,Low,Ads,8.99,0,1,Stable,4.805454139750017,Movies,0.6203023435009818,0,1.3939767097581153,2.875116000879158,2.7875485174177843,16.95144569732961,1
U3915,18,Mid,Ads,8.99,1,0,Stable,8.84365258301458,Series,0.6062326798735562,1,3.0427842472672637,3.9975326606339747,1.875076811841417,4.002638896478114,0
U3916,33,Low,Standard,19.99,0,0,Declining,8.462393803278722,Series,0.7503077655952566,0,1.3187644242738925,7.069905847839111,1.0,7.895352079303295,1
U3917,33,Low,Ads,8.99,1,1,Stable,5.113238629408458,Series,0.6106527862459437,1,2.7316848386717845,4.438693565494054,2.9862742380715153,15.606697389871453,1
U3918,41,Mid,Standard,19.99,0,0,Stable,7.365697309951877,Movies,0.5511145860751347,0,1.5121556363189237,4.385379114774961,2.845444025980933,30.259183626997896,0
U3919,46,High,Standard,19.99,0,0,Increasing,12.29514698819195,Movies,0.0,0,0.9678620606061645,5.10495658945178,1.1344579721136314,22.92398988533839,0
U3920,34,Low,Premium,26.99,1,0,Stable,5.959569948210492,Movies,0.5276295687778843,1,1.750319249665053,1.1880504434170733,1.0666961176313836,25.36635149931249,0
U3921,57,Mid,Standard,19.99,0,0,Stable,8.352496354469231,Series,0.7337528321868433,1,2.9355927411701987,7.741196926519237,3.5510931412623084,41.53920071996258,0
U3922,37,Mid,Ads,8.99,1,0,Stable,6.93242060883968,Series,0.5691696683833958,1,0.695220472304946,5.85176851526527,1.9594033117580076,23.285851011797476,0
U3923,30,High,Premium,26.99,0,0,Stable,9.380803976850698,Series,0.5181672230670413,1,1.898826282461656,3.8771190175714607,2.9535757145053156,5.438108769203,1
U3924,18,Low,Standard,19.99,0,1,Increasing,5.15264778099413,Movies,0.2901795498980459,0,0.6023497654560437,2.067392962373183,1.5060287693975685,11.24700485141389,1
U3925,31,Mid,Standard,19.99,1,1,Declining,2.7908467424646934,Series,0.6565533936763998,0,1.8303969434974066,2.7692864381786473,2.8552755929687157,7.714826083281173,1
U3926,30,Mid,Premium,26.99,1,1,Stable,7.559078337885622,Series,0.8428078729311932,1,3.1188688835156464,2.311394355007133,1.2771470310323783,16.371288561577344,1
U3927,46,Mid,Standard,19.99,0,0,Stable,7.192412199800873,Series,0.4931621584444976,1,1.865400432453076,5.954521274950525,2.6222850311189663,13.063276143449206,1
U3928,40,High,Standard,19.99,1,1,Stable,6.88735220701334,Series,0.2596465817682382,1,3.9589418858926786,5.974484131211838,2.5568953772908145,6.68836208803622,1
U3929,20,High,Standard,19.99,0,0,Declining,6.151668320408966,Series,1.0,0,1.9886082711847564,6.724317403392874,1.0,29.08830711837949,1
U3930,37,Low,Ads,8.99,0,1,Declining,3.1387008708845276,Movies,0.4843149129027378,0,1.3985776530182639,6.965173875103216,2.323977366735747,29.946596129799428,0
U3931,43,Mid,Ads,8.99,0,0,Declining,2.261128776757143,Movies,0.271757677191603,0,2.049994757120583,6.756327760956778,1.4813855570334682,20.153034935810627,0
U3932,53,Mid,Standard,19.99,0,0,Stable,5.999783783942549,Series,0.8377693437994097,0,0.9791358534211969,8.575685332316752,3.293005203085455,5.976621413452586,1
U3933,45,Low,Ads,8.99,0,1,Increasing,7.835164323905704,Series,0.7867387803630209,1,2.134045559796299,7.890482915822755,2.4351957792331604,19.45874027635335,0
U3934,44,Mid,Ads,8.99,0,0,Stable,6.432505637884177,Series,0.6984564747339799,0,1.5316052047145639,7.416788296870673,1.952699773685243,10.65833139667756,0
U3935,35,Mid,Ads,8.99,0,0,Declining,7.538091422707753,Series,0.504589661601101,1,1.884768995590358,5.973559193452695,3.718853445466668,33.4294115699009,0
U3936,39,Mid,Standard,19.99,1,1,Stable,8.540834493598418,Movies,0.48346450379686745,1,1.5294137893410662,6.941477686626058,1.0,3.6518937906320623,1
U3937,49,High,Standard,19.99,0,0,Declining,6.066479738310858,Series,0.817911764738542,1,1.7372048343022346,4.678789642908931,4.127292402416281,25.8912929846234,1
U3938,19,Low,Standard,19.99,1,0,Increasing,9.665998783887934,Series,0.2559854535418309,0,1.2016581845087102,5.0580014480080635,4.075450608422668,25.637899287114443,0
U3939,30,High,Standard,19.99,1,1,Stable,6.131623088568889,Movies,0.39489899639442233,1,2.5815892068528354,8.94282954923329,1.8103107672361696,28.757359900831474,1
U3940,25,Mid,Standard,19.99,0,1,Increasing,6.438164529649665,Movies,0.40963514055549377,0,1.131054767026945,4.385769903574256,3.088397582935893,20.355540615856995,1
U3941,39,Mid,Standard,19.99,0,0,Stable,4.605685158615958,Series,0.6532153322857744,0,0.5,4.23856223984276,2.6853643758160457,14.038765366172875,1
U3942,49,High,Standard,19.99,0,0,Increasing,6.916479448587974,Movies,0.3592367233032354,0,1.5351602552921082,4.775854619304163,1.0,46.71736323113194,0
U3943,27,Mid,Standard,19.99,1,1,Declining,4.914156023278023,Movies,0.5872146150707804,0,1.9366870701395127,4.40138902085675,2.0884773914214003,7.475279278625759,1
U3944,18,Mid,Premium,26.99,0,0,Declining,2.690031599634667,Movies,0.3077366133845672,0,0.9700276049245092,4.570904151406124,1.0,26.61729419994421,1
U3945,30,Mid,Premium,26.99,0,0,Declining,5.339039515473218,Series,0.599442910142206,0,2.1313952970883374,5.984596876332096,1.0,18.221185051193018,1
U3946,45,Mid,Premium,26.99,1,1,Stable,6.61112374552871,Series,0.6631330636156911,0,1.7344365710848784,6.0500659411385875,1.9135297092373085,22.11472600237903,0
U3947,41,High,Premium,26.99,1,1,Stable,6.205403176913594,Series,0.5643860945390367,1,1.6675051643207177,7.32218505130238,1.948214313858582,22.050486587541002,0
U3948,40,High,Standard,19.99,0,0,Stable,9.323065802423274,Movies,0.07279974864976907,0,0.9760452818703791,9.87615443115385,3.4158166878206284,5.01012388987291,1
U3949,31,Low,Standard,19.99,0,1,Increasing,1.618144133331806,Series,0.6428260087377866,1,2.1122120279463186,4.76331935160051,1.4475057309087183,1.8927259560016338,0
U3950,19,Low,Standard,19.99,1,1,Declining,4.23254090943014,Movies,0.3950912754742916,1,2.188833964477656,5.368875843727162,1.805183660427863,2.673659173175153,0
U3951,41,Mid,Standard,19.99,1,0,Stable,2.2951251087410443,Movies,0.2769669837169101,1,0.8369722293493429,1.8241016603501579,3.567334286158105,12.647698355957727,0
U3952,24,Low,Premium,26.99,0,0,Increasing,9.715688018788327,Movies,0.32353701669413953,0,0.9234203142228192,2.9153848174180137,2.0162982588544893,20.978624101362286,0
U3953,61,Mid,Standard,19.99,0,0,Stable,8.524363166397853,Movies,0.0,1,1.967819402812631,5.207577646303816,1.6868566867978039,9.751696139055182,0
U3954,41,Low,Premium,26.99,1,1,Increasing,4.946681387358595,Movies,0.5916812098668269,1,3.434335943216637,6.4271646270481835,3.056855979630702,0.7633708736248899,1
U3955,28,Mid,Ads,8.99,1,1,Stable,4.55388483221722,Movies,0.5302060351721198,0,1.4134628131875386,6.482765552487659,2.730632218764139,29.022626834189474,1
U3956,27,Low,Premium,26.99,1,1,Stable,3.6034003365790888,Movies,0.08243376390349644,0,0.900992309869634,6.734160452383168,2.2999290404021724,0.0,1
U3957,33,Low,Standard,19.99,0,0,Declining,5.1272839854263355,Series,0.4649065509944875,1,2.0368815691983992,8.014933214645673,3.1240518053349438,23.75712884773319,1
U3958,32,Mid,Standard,19.99,1,0,Increasing,7.9776351713879174,Movies,0.6397042722083182,0,1.5125437760576204,8.91137562173348,1.0,8.983199153968659,1
U3959,48,Mid,Ads,8.99,0,0,Increasing,8.16403580882522,Series,0.36902986453580955,0,1.1110230823854936,5.013207181979537,1.6181165747878343,32.61087866133927,1
U3960,37,High,Standard,19.99,0,0,Increasing,7.896085081542355,Series,0.6956917378472267,1,1.9487922865368046,3.895747741835577,4.198336979330371,11.692741496319263,0
U3961,26,High,Premium,26.99,1,0,Stable,5.052801871264122,Movies,0.25159665378391105,0,1.0233957474824866,6.809775519627984,1.0,0.0,0
U3962,57,Mid,Ads,8.99,0,0,Increasing,12.39562207168811,Series,0.6820283913370331,1,2.5878382246249982,7.367647791171265,1.5271810179357646,17.525171648144546,0
U3963,35,Low,Standard,19.99,1,1,Stable,7.5446813602632545,Series,0.610027605031413,1,1.470970989189896,5.771663163643106,1.016563079594002,7.915577028262614,0
U3964,44,High,Standard,19.99,0,0,Stable,4.630672926444792,Movies,0.2933536341445816,1,1.6478603544326524,5.142008930378527,2.2710183142752607,27.730132131105087,0
U3965,27,High,Premium,26.99,1,1,Increasing,6.898359552502495,Movies,0.4277043746502908,0,0.836177564761291,4.491667687689191,2.8049389899169377,21.956849378713457,1
U3966,39,High,Standard,19.99,0,0,Declining,3.255862451065049,Series,0.5013905628303105,0,0.7479531079015099,5.415529111719936,3.3069619454726533,10.451001562953026,1
U3967,38,Low,Ads,8.99,1,0,Declining,7.811855806946124,Series,0.24315342540890506,1,1.805819673287166,6.880136767567054,1.789616116184022,5.967656351771716,1
U3968,18,High,Standard,19.99,0,0,Stable,8.422438545365731,Series,0.41445554624925307,1,2.8381173309149412,4.163476161865833,1.2772138499652763,4.829168712703773,1
U3969,59,Low,Standard,19.99,1,0,Stable,6.747021086154894,Movies,0.1404282750238108,1,2.9218135284441313,3.8980903890467467,1.0,10.969102891942228,0
U3970,50,Mid,Ads,8.99,1,1,Stable,10.414442369907718,Series,0.2791761684158255,1,2.4630242316338444,6.699186397802379,2.2479249547677767,34.364765566932654,0
U3971,30,High,Standard,19.99,0,0,Stable,9.904087190398368,Series,0.6738800132695411,1,2.4288876657458776,3.803910610577803,4.327298667120222,16.274982292496162,0
U3972,21,Low,Premium,26.99,0,0,Increasing,8.30786731757469,Series,0.5654466618778986,0,0.9650090305999846,5.8023275067423254,1.6123030263324685,29.364357272474575,0
U3973,39,High,Premium,26.99,0,0,Stable,6.178869355752381,Series,0.6707882131619639,1,1.0513441213238413,5.696423765381978,2.128219461052006,0.22949334103407892,0
U3974,36,Low,Ads,8.99,1,0,Declining,4.275272088205303,Movies,0.4541502711206751,0,1.3719258166231743,5.5008215267518485,2.3361918860605435,0.0,0
U3975,39,High,Premium,26.99,0,1,Stable,5.094506808062139,Movies,0.5012937673520483,0,1.4488682273830584,4.214683815085329,1.7771529566783568,6.654901003601344,0
U3976,37,Low,Standard,19.99,0,1,Increasing,14.201923345401488,Movies,0.43138434822975624,1,1.895794947429991,8.967811899192423,3.623246959180611,25.885037712614604,1
U3977,41,High,Ads,8.99,0,0,Declining,2.9871749938822454,Series,0.4040782806411562,1,1.6543568792330188,6.296661976705928,3.409322175963129,14.53353393748791,1
U3978,52,Low,Ads,8.99,1,0,Stable,8.73660863085488,Movies,0.46590510505019506,0,0.663292209074873,4.471185309297088,3.018267139371955,28.676145851641426,0
U3979,41,Mid,Ads,8.99,0,0,Declining,6.381086261817659,Series,0.6443609478415412,0,1.3838178529827936,6.161873830279628,3.160534010013405,33.165721941510284,0
U3980,22,Mid,Premium,26.99,0,0,Stable,6.390268043552868,Series,1.0,1,2.3491424990003824,9.164450172903937,1.5147653774446628,6.513288534531009,0
U3981,51,Mid,Ads,8.99,1,1,Declining,8.6200902073289,Movies,0.35158366797460106,1,3.016733791703108,5.679025515530023,1.0521003066768373,28.01195767673471,1
U3982,54,Low,Ads,8.99,1,1,Stable,3.8818073578369434,Series,0.6765799571465865,1,1.8167341639456047,8.566703770495984,1.5226616842483367,34.656448736255136,1
U3983,72,Mid,Standard,19.99,0,0,Stable,6.84061739804222,Series,0.5810348782371395,1,2.1272390052607415,3.2044921282122543,2.4804132900111324,30.402224507788297,0
U3984,21,Low,Standard,19.99,1,1,Increasing,7.532879505178487,Movies,0.35977917013930955,0,1.3086002961755199,3.7977016646794346,1.8754259784360023,0.0,0
U3985,37,Mid,Standard,19.99,1,1,Stable,8.921186300541706,Series,0.5962773291833807,1,1.970084552972325,1.2191988836619698,2.769091447137105,0.0,1
U3986,18,Low,Standard,19.99,0,1,Increasing,10.060697593125504,Series,0.5130752847598695,1,2.8034095465746156,9.451527314453626,2.308219374142324,12.616485271870967,1
U3987,41,High,Ads,8.99,0,0,Stable,3.545409642667015,Movies,0.3854707315509832,0,1.9190730470142707,2.096287072573091,1.0,13.070692927527634,1
U3988,28,Low,Premium,26.99,1,1,Declining,7.478958887492906,Series,0.7243520884246218,1,1.6366597487720336,5.848406951025597,3.440777619778496,28.114374611323658,0
U3989,58,Low,Ads,8.99,0,1,Declining,5.970923445849135,Series,0.5160986641258682,1,2.0251500917536647,8.975276596490223,1.6886773562739816,6.388296427226715,1
U3990,25,Low,Standard,19.99,0,0,Increasing,5.893524414111208,Series,0.7671146577020452,0,1.9622774810627799,7.442326263320084,2.986302099039703,22.988908636416845,0
U3991,18,Mid,Standard,19.99,0,0,Stable,6.300641790427215,Series,0.742862065919959,1,2.4938983812557773,6.252585329313138,1.3523936036285198,5.001572329269214,0
U3992,29,Low,Ads,8.99,1,1,Increasing,5.100345255083754,Movies,0.17394754963467068,0,1.3586058999081094,8.06624724731136,1.3189551437050437,22.1407527742421,0
U3993,18,Mid,Premium,26.99,0,0,Declining,4.65832394876704,Movies,0.1572620548763711,0,1.4706201830173529,4.163224462190714,1.2709955230004844,12.514858245992917,1
U3994,44,High,Standard,19.99,1,1,Declining,5.3002359347196455,Series,0.6896306800213854,0,1.627944721477793,6.535372025008694,1.0,22.30204455452095,1
U3995,18,Mid,Ads,8.99,0,0,Stable,6.330705682732103,Movies,0.23249284300417067,1,2.5334982780573494,5.274704060761674,1.0,13.634085350575571,0
U3996,35,Mid,Premium,26.99,1,0,Stable,6.099071000254291,Series,0.3908578705461013,0,1.4067975062852327,5.23350815744942,2.580618548919669,0.0,0
U3997,18,Low,Standard,19.99,1,1,Declining,1.7745192618976424,Movies,0.6933794892306806,1,2.3057450313296775,5.881176775252443,1.2724924306251024,24.107643093938766,0
U3998,31,Mid,Standard,19.99,0,1,Stable,7.674482923006416,Series,0.40673448714026295,0,1.9741121534603892,7.850640973062816,2.5459287918211873,32.04045318144087,1
U3999,54,Low,Standard,19.99,1,1,Stable,3.1510908062740945,Series,0.29528091036815207,0,1.1668579708936495,8.633079431795164,2.301762012270748,7.969941702468798,1
U4000,39,Mid,Premium,26.99,0,0,Stable,7.062159036474524,Series,0.4432613223157771,1,2.300742210561216,4.965970259660226,3.0800595357599194,27.71435774548269,0
U4001,24,Low,Ads,8.99,1,0,Declining,1.401688351935078,Series,0.6463296387445128,0,2.075996766087208,3.3226153037254704,1.18152017283091,10.639691965407348,1
U4002,34,Mid,Ads,8.99,0,0,Stable,7.101009780972573,Series,0.6147104154668427,1,2.4954359087586844,3.8608401328508584,3.2608442128889443,1.801131581785853,0
U4003,35,Mid,Standard,19.99,0,0,Stable,6.987761990824502,Movies,0.7274426860329664,0,1.2667071298306032,9.395589719994666,1.2941480894738355,10.664293011642199,0
U4004,40,High,Ads,8.99,1,0,Stable,7.806689935357081,Movies,0.19632141044544707,0,1.6153733433277606,8.461552894721503,1.0,15.794242386680631,0
U4005,18,Low,Standard,19.99,1,1,Stable,8.724571433603186,Series,0.6472312813975846,1,2.4363737245439334,3.31743801168399,2.3902554009958754,2.1549649453093487,1
U4006,42,Mid,Standard,19.99,0,1,Increasing,12.142765266752814,Series,0.8256977776778299,1,1.8565308662421254,8.822018251667295,1.3248186478895483,34.19558757443372,0
U4007,18,Low,Ads,8.99,0,1,Stable,3.77991480124814,Movies,0.2181968303013303,0,1.4225508123574082,4.0766816148356035,3.6998179312207213,0.0,1
U4008,27,Mid,Ads,8.99,0,1,Increasing,8.825381840600759,Movies,0.4907448416137943,0,0.8956163488371027,6.829210521715216,2.50098893477394,11.502895503718012,1
U4009,29,High,Standard,19.99,1,1,Stable,11.021881769120107,Movies,0.0,0,2.213386171300648,4.075184399842025,2.1148126310815836,6.932942630569084,1
U4010,42,Mid,Premium,26.99,0,0,Declining,5.238201136995414,Series,0.9517509078821477,0,1.4193884749760073,9.82574000551276,2.401569114649763,34.245606537742596,1
U4011,35,Mid,Standard,19.99,0,0,Stable,5.337303719397373,Movies,0.548951552301443,0,0.8308962947979066,4.359718155863017,1.7026289822460718,0.0,1
U4012,18,High,Standard,19.99,0,0,Stable,6.840597747121328,Movies,0.21386500055820565,0,1.1036845691514536,3.4003800846901155,3.8842793956359927,27.90213095813271,0
U4013,23,Mid,Ads,8.99,1,1,Stable,6.232668119371877,Movies,0.5159635555667432,0,1.6797891253258546,4.586951062831073,1.6518788626742191,20.365816817600674,1
U4014,37,Mid,Standard,19.99,0,0,Stable,4.6470836857356925,Series,0.8626365798919866,0,0.7544354828715056,10.0,2.663304113407258,3.0271989532945938,0
U4015,34,Mid,Ads,8.99,0,0,Declining,6.738208376414016,Series,0.34226628323665426,0,2.660232173076216,6.021108799304476,1.3810367832187505,13.781139433095614,1
U4016,28,Mid,Standard,19.99,0,1,Stable,8.168705116550724,Movies,0.23002442020504382,1,1.426848293796593,3.4435703192222045,2.201658827983062,15.809180076736338,0
U4017,29,Low,Standard,19.99,0,0,Stable,4.330981855775744,Movies,0.6192166827685864,0,1.7628274404256912,3.92323866542639,1.0,25.01942335019075,0
U4018,43,High,Premium,26.99,1,0,Stable,6.813450832366196,Series,0.6134945778879926,1,2.0080344772991268,2.0046410639421888,2.428604334379705,10.260442914025738,1
U4019,28,Mid,Standard,19.99,1,1,Stable,5.867072701635754,Movies,0.43723323313989665,1,1.81468021908705,6.580264716459455,2.2648175120991696,25.57731323499918,1
U4020,33,Low,Standard,19.99,1,1,Increasing,4.195222456425099,Movies,0.36403944572125807,0,1.5688659954591437,2.998914237496383,2.7488458471258355,18.585295373322314,1
U4021,61,Mid,Standard,19.99,0,0,Stable,4.170361085048029,Series,0.7782977687331621,1,2.0276257428227598,7.711317396250525,2.6681310161653715,23.414548656907595,0
U4022,18,Mid,Premium,26.99,1,1,Declining,2.468080352399336,Series,0.7025863281096066,1,3.254931710476915,7.080171129236752,2.229113405449469,7.425337841046197,1
U4023,18,Low,Standard,19.99,0,1,Increasing,8.824710739671609,Series,0.6212434527844005,0,0.5993540625023498,5.2999619796706074,4.239491255434897,15.106494168252134,0
U4024,44,Mid,Ads,8.99,0,0,Declining,4.084093999593287,Series,0.17966147043653602,1,2.637367085025243,7.972242394560865,2.181711800897212,19.32276803102635,0
U4025,26,High,Premium,26.99,1,1,Stable,5.081624075808174,Movies,0.47800212610298837,1,2.1348664898508383,7.35117879404736,2.2391688520698825,18.979761530408847,0
U4026,31,High,Ads,8.99,0,0,Declining,4.216233940758098,Series,0.7458481953318422,1,2.4777673328838747,5.813821046119923,2.114773614886261,17.52533054919595,1
U4027,25,High,Ads,8.99,0,0,Declining,6.495069943690955,Movies,0.1020922254485945,1,2.608456898879281,3.96370167141564,2.402601999367847,43.10759093959902,0
U4028,31,High,Ads,8.99,1,0,Declining,5.713392194544111,Movies,0.1156802183528794,0,0.5,6.327068006326812,1.9139271846990429,24.891533967446996,0
U4029,54,Low,Premium,26.99,0,0,Stable,9.003737615243805,Movies,0.45351971913391936,0,1.417003533209165,6.315396363309107,1.8317339228564082,26.729412016757315,1
U4030,44,Mid,Ads,8.99,1,0,Declining,4.543374270561502,Series,0.6388650136268539,0,1.8445266971910184,6.482909859921798,2.9520616347935222,20.962756738606664,1
U4031,45,High,Premium,26.99,1,0,Declining,8.205114381363288,Series,0.20504128361566787,1,2.579832277772051,5.658064822316533,2.1516014392032834,24.399140547586505,0
U4032,18,Mid,Standard,19.99,0,0,Stable,7.696159767396984,Movies,0.1855956591708844,0,1.1156147505576879,6.154308369897672,3.2540042661495505,20.38326225233783,1
U4033,21,Mid,Ads,8.99,0,0,Stable,6.022165153317219,Movies,0.4127686197804069,1,1.4517170928718164,6.10429963080718,1.0,39.81329645477757,0
U4034,18,Mid,Standard,19.99,0,1,Increasing,9.278855429071108,Series,0.7353353738337736,1,2.6047702273899125,8.22418232881559,3.722818127756321,17.27904398839264,1
U4035,25,Mid,Ads,8.99,0,0,Increasing,5.255772142230548,Series,0.4831361560348396,1,3.4256643052371856,2.9517993932437863,3.095249238839942,27.97611037852671,0
U4036,46,High,Standard,19.99,0,0,Stable,6.387629727504462,Series,0.5705087023003275,0,1.6309345094512957,3.4968230595200045,2.1485619898756068,43.023767789305715,0
U4037,41,Mid,Standard,19.99,1,1,Increasing,10.289922690679823,Movies,0.17412957886107555,1,2.9946313502776154,5.650260000500726,2.122465334967253,25.83659854363434,1
U4038,32,Mid,Standard,19.99,0,0,Stable,8.223339016197178,Series,0.8647847348323061,0,1.7665083697197637,3.9800232862053684,2.8406825039283716,14.585998664690203,0
U4039,34,High,Ads,8.99,0,0,Stable,6.1796755543376065,Series,0.6349176555052019,1,2.0641526812355355,5.921745327955001,1.173641148717221,9.191729629751581,0
U4040,26,Mid,Standard,19.99,0,1,Stable,12.46778085504527,Series,0.4664623434370506,0,1.345243998265414,3.273690294844373,2.2384029806791945,12.053299986236244,1
U4041,37,Low,Premium,26.99,0,0,Declining,4.655584513689423,Movies,0.11873971356503638,0,1.7342615967485104,3.589239526914719,2.355161137472547,22.700517292372353,1
U4042,44,Mid,Standard,19.99,1,0,Stable,3.6432119157136933,Series,0.34662252624020623,1,1.352167909760507,9.620991983286252,1.0,39.41105111624239,0
U4043,18,High,Premium,26.99,0,0,Stable,9.426534384016996,Movies,0.7123109438504661,0,1.6258715245876694,5.041334764136097,2.5479687113906797,25.24349588614465,0
U4044,38,Mid,Ads,8.99,1,1,Declining,6.214254607699354,Movies,0.3152976311609768,1,3.055350693005371,3.1575166720156917,1.0,13.361376479894638,1
U4045,46,Mid,Premium,26.99,0,0,Declining,5.4633776419105,Movies,0.27009578196435025,0,1.27432036786659,5.270354554439856,3.2829661961670786,14.340897753553877,1
U4046,30,Mid,Ads,8.99,0,1,Declining,4.070158217816444,Series,0.5573512370936597,1,2.7884118713411152,7.57284192811871,3.538059603302524,16.206652836237843,0
U4047,43,Low,Ads,8.99,0,1,Increasing,10.180039548079325,Movies,0.2239580427726355,0,1.0228141531932544,7.9110610041170295,3.7105525639786814,1.9124430802127002,0
U4048,68,High,Premium,26.99,0,0,Increasing,13.85704873799289,Movies,0.3285979013842847,0,1.3191171614232462,2.5778567824447425,1.8775650353653406,12.507314309272036,0
U4049,33,High,Premium,26.99,1,1,Stable,7.403265874680292,Movies,0.3569856807209938,1,2.136132594627274,3.965913413957172,1.8635735688992354,11.981351977460267,0
U4050,39,Low,Standard,19.99,0,1,Declining,2.059932826378148,Series,0.6030007064284375,1,2.575887614700075,5.945413668904764,1.0,51.337346808909814,1
U4051,26,Low,Ads,8.99,1,0,Declining,0.0,Series,0.3474804402647091,1,2.237284634758953,5.432051622224383,2.8801969332982273,29.122492623952894,1
U4052,37,High,Ads,8.99,0,0,Increasing,10.153678681915157,Movies,0.5284861960096388,1,1.29429236543155,2.2999875245048593,1.0,5.122959278849409,0
U4053,40,High,Standard,19.99,1,0,Declining,3.0281729174797842,Movies,0.2394081133718866,0,0.9409362799705551,2.6240199941041613,1.0,0.0,0
U4054,37,High,Premium,26.99,0,1,Increasing,8.700861847812588,Series,0.4682673305578372,0,2.271254296178745,3.364793559182459,1.8962622358370214,2.3278492877990686,1
U4055,22,High,Ads,8.99,0,0,Stable,5.381844753973201,Movies,0.20923479669349146,1,2.640521109655081,1.9582245075318783,1.0942711245178998,34.96353365582476,0
U4056,37,Mid,Premium,26.99,0,0,Increasing,6.357273047410206,Movies,0.1395056613737805,0,0.5,4.583057771238083,1.238255182605493,1.8115217775275312,1
U4057,52,Mid,Ads,8.99,0,0,Stable,5.469451733427466,Series,0.6535595330574625,1,3.0246912511305424,7.8889934048978265,2.2470952679398097,37.316829156545005,0
U4058,40,Mid,Premium,26.99,1,0,Stable,5.650249280166868,Movies,0.5289963944680001,0,0.7235893220558466,4.168313531091227,3.0814704306567315,20.8768011979567,1
U4059,46,Low,Premium,26.99,0,1,Stable,8.55247197696567,Series,0.4554021562732373,1,2.8360248858365007,7.664511220839554,2.7394979676687097,15.048251620405377,1
U4060,32,Mid,Standard,19.99,0,0,Increasing,10.720931379409754,Movies,0.0,1,3.0753405047313596,5.559393168149428,2.3894435619800243,4.264477704807113,0
U4061,43,Mid,Standard,19.99,0,0,Increasing,5.37603353156648,Movies,0.14457708047831522,0,1.350845011877224,5.133235786310212,3.3469109536633423,33.16608440207257,0
U4062,38,Mid,Premium,26.99,0,0,Stable,4.856530547265983,Movies,0.26034281014118954,1,1.701864266565001,2.168520925268736,2.3276208220993886,24.554606958729977,0
U4063,23,Mid,Standard,19.99,1,0,Stable,7.758243808938745,Series,0.35371293771374945,0,0.9424180967238075,7.839634035134075,1.6733345180734993,28.801240007099207,0
U4064,38,Mid,Standard,19.99,1,0,Increasing,12.157507096306565,Movies,0.23025366219958576,0,1.614629069648168,5.732854721648986,1.4299299401711099,14.729761629539997,0
U4065,23,Low,Standard,19.99,1,1,Increasing,12.111424079742378,Series,0.4896946351438532,0,0.7322578325204955,2.3002146686500278,2.7523479935687085,25.99975526140634,0
U4066,27,Low,Ads,8.99,0,0,Stable,4.994182318439536,Movies,0.3469019955766145,1,1.9508641106145816,6.26370926165623,1.0989567578177217,35.77942574271593,1
U4067,37,Low,Premium,26.99,1,1,Declining,6.9786228638004495,Movies,0.059009106749541684,1,2.6077363891335774,4.324329222429669,2.548811771884803,25.143242962700732,1
U4068,38,Low,Ads,8.99,1,0,Declining,1.4474607313623,Series,0.7160226745984611,1,1.9092951619415186,5.62264306613091,1.771634217223411,5.331535005072528,1
U4069,20,High,Premium,26.99,0,0,Increasing,8.391346748969882,Series,0.9321877637399579,1,3.15246882946239,5.980268307339394,1.3620198153240581,24.23911727326541,0
U4070,47,Low,Ads,8.99,0,1,Declining,5.974052885217305,Series,0.8858234410960203,1,1.6771523367211374,7.931471368084093,1.3447506883701714,27.05754113861801,1
U4071,41,Low,Standard,19.99,1,1,Declining,0.8423899739166973,Series,0.48319117054034844,0,0.5,3.2454426704966206,3.165344090753201,38.122314506328294,1
U4072,26,Mid,Ads,8.99,0,1,Declining,9.185713848170924,Movies,0.48373103223167185,0,0.9108896160929991,6.64376430010984,1.3424372077117588,25.019831900582492,1
U4073,18,Mid,Ads,8.99,1,1,Stable,9.653390365953232,Movies,0.4600507611804022,0,1.4550617065447633,8.156594882230168,1.920781452477005,31.218189541313624,0
U4074,33,Low,Ads,8.99,0,0,Stable,8.294007944721178,Movies,0.34129496741415377,0,1.7316649561007529,10.0,1.7313362269183727,25.395544099938263,1
U4075,29,Mid,Standard,19.99,0,0,Declining,3.069943584870157,Series,0.6354011282350247,0,1.0958056997323318,7.599119904144526,3.259152661760093,1.740353845380323,0
U4076,36,Mid,Standard,19.99,1,1,Declining,4.863792750845734,Series,0.7366087593718087,1,2.1336618984039033,6.222812922343873,3.73830452833511,27.952615241017245,1
U4077,30,Low,Premium,26.99,1,0,Stable,8.580840339526043,Movies,0.5266751608746882,1,2.2814681667139767,6.050043637594402,3.1088476611837836,19.43963336953718,0
U4078,18,Low,Ads,8.99,0,1,Increasing,5.6320152990005585,Movies,0.18766554731965457,1,3.34514734615819,8.604203339019577,1.8243537504743932,41.963590445124474,1
U4079,30,High,Standard,19.99,1,0,Declining,4.639051537523965,Movies,0.49953827799653655,0,1.4893794763723207,4.927126015149342,2.5422595000339383,0.7287377092537568,0
U4080,31,High,Standard,19.99,0,0,Declining,6.820767699621964,Movies,0.6832925046970891,0,1.0536134187257291,7.091805092302605,1.2903062688537439,4.414245406157109,0
U4081,42,Mid,Ads,8.99,1,1,Stable,4.0108099964539,Series,0.7764363284035078,0,2.3258825491010997,9.888205321279328,2.410422999421087,26.70477062616664,0
U4082,26,Low,Standard,19.99,1,0,Increasing,9.997274133061365,Movies,0.6572925830579721,1,2.306724943030605,5.281251052685403,1.0,36.13931962916581,0
U4083,55,Mid,Standard,19.99,1,1,Stable,3.4904607407576393,Movies,0.0,1,1.0548099384161413,1.472095566053122,2.4352852887869805,16.55681704932403,1
U4084,18,Mid,Standard,19.99,0,1,Stable,5.112306488842693,Movies,0.4691418125256188,1,1.4679039436009251,3.778373228390021,2.1448179739279825,16.620165022179137,1
U4085,50,Low,Ads,8.99,0,0,Increasing,7.4862221829717175,Series,0.6528502539816411,1,2.634942044983245,6.086890818486252,2.6407521426224054,20.485783076240416,1
U4086,32,Mid,Standard,19.99,1,0,Declining,6.027111225437557,Series,0.8054169394447132,1,1.233663665217498,3.8260991239662463,2.187680129705406,12.190271963665326,0
U4087,45,Mid,Ads,8.99,0,1,Declining,3.5984217949875923,Movies,0.12487476848431955,0,1.549025542306339,4.805572046440583,3.03505650910696,29.85044907508507,0
U4088,35,Low,Standard,19.99,0,1,Stable,7.251096782658302,Series,0.49877178164565644,0,0.9100160194719372,4.909908309219057,1.4365056867044563,12.20861929533778,0
U4089,48,Mid,Premium,26.99,1,0,Increasing,6.9383155865753015,Movies,0.5301073465961297,0,1.888858066002864,6.62189860650694,2.9564726149833738,26.40400004175976,1
U4090,30,High,Standard,19.99,0,0,Stable,5.938766455769696,Movies,0.13806628850843358,0,1.3837564332722152,3.6080682989683943,2.672316276070663,2.120900643519107,0
U4091,21,Low,Standard,19.99,0,1,Increasing,12.751984523358447,Series,0.6484628514902762,0,0.5,4.332470609293667,3.2894922772116835,38.622404249161555,0
U4092,52,High,Ads,8.99,0,0,Stable,4.699543643515523,Movies,0.3466122834188902,1,2.848533827596701,8.314094379401787,3.356694887998466,0.0,0
U4093,33,Low,Premium,26.99,0,1,Stable,8.51830794789437,Movies,0.3108138666267972,0,1.9817987759171496,4.536075817585184,1.2480909290650368,5.240935596057847,1
U4094,37,High,Ads,8.99,0,0,Declining,4.997872229050036,Series,0.714539728419378,0,0.6615833451619629,6.951571058628698,2.7170326778564515,45.0413070861152,0
U4095,49,Low,Standard,19.99,1,1,Declining,3.848892622184019,Movies,0.1268998425241267,0,0.8986056594409393,5.527876201091031,1.0343159089102638,19.21224754677069,0
U4096,22,Low,Premium,26.99,0,1,Stable,4.564954335179764,Movies,0.1939766436739748,0,1.5511920913131454,5.453764501903072,3.3596676372553875,10.082356601428362,1
U4097,42,Mid,Standard,19.99,0,0,Declining,2.7075273858018174,Series,0.572150240910608,1,2.709028936920951,6.976283132874025,1.3468755129863257,2.6747379593312868,0
U4098,27,Mid,Standard,19.99,1,1,Declining,3.522709950484107,Movies,0.10976352696581715,1,3.7119473831993375,1.7750754700831584,1.8199766056329953,12.767231079540453,0
U4099,33,High,Standard,19.99,1,0,Increasing,8.549836778336573,Series,0.8461843604666084,0,1.745454276605775,6.386688815768971,2.417554092148615,21.477170691836335,0
U4100,35,Mid,Ads,8.99,1,1,Increasing,10.810528908469204,Movies,0.19024657251399146,0,2.5003920281505767,6.605524672181654,2.9384787813710602,23.84039957571714,0
U4101,18,Low,Standard,19.99,0,1,Declining,4.3995214801552756,Series,0.7572659200081788,1,2.311646584359414,7.1968872071019385,2.5713026930258938,21.867167225571045,1
U4102,25,Mid,Ads,8.99,1,1,Stable,6.533378296235562,Series,0.4248993386105369,0,1.491813333830008,4.749058521781946,2.965635520607732,0.0,1
U4103,51,Mid,Standard,19.99,0,0,Declining,4.83201955335539,Movies,0.4908394412285503,0,1.0159355994107135,5.501051261671448,2.212480571340225,19.667182302690772,1
U4104,45,Low,Ads,8.99,0,1,Declining,5.9535553828774574,Series,0.2782302651106209,0,1.0386985377124671,1.0,2.4440984706766593,22.067768406953014,1
U4105,34,Mid,Premium,26.99,0,0,Stable,8.28960563839302,Series,0.8817230802089016,0,1.373550165291207,4.160317406073062,1.0,22.183585987944106,1
U4106,37,Mid,Ads,8.99,0,0,Stable,4.226069048856305,Movies,0.5770266010213267,0,1.0087479167946822,5.851170600958066,3.226090176405876,18.35356147392327,0
U4107,31,High,Standard,19.99,0,0,Declining,4.435850580513376,Series,0.4894832983754895,0,0.5,8.44132294690829,1.908828972105467,3.2522445721749644,0
U4108,51,High,Standard,19.99,1,1,Stable,9.454808034695843,Movies,0.18487187358457322,0,0.9665996593089239,9.191557826523148,1.7695627817899138,6.941542261349888,1
U4109,32,Low,Standard,19.99,0,0,Declining,2.3677600925600912,Movies,0.4415605025000241,1,2.9460164752401172,4.815104202201006,4.136808149679668,32.55714866046682,1
U4110,37,Mid,Ads,8.99,1,1,Increasing,9.222938671346878,Series,0.29477875563925016,1,2.3436854121339787,7.2480631857265525,1.0,8.69170287537516,1
U4111,48,Mid,Standard,19.99,0,1,Stable,6.658311992406438,Series,0.6069504173588502,1,2.3470456885320723,5.205586603726364,2.2952893336643014,9.335690016216637,0
U4112,25,Mid,Ads,8.99,0,0,Stable,5.866648820126777,Movies,0.18848231301643203,0,0.9182775355471482,2.268082782266772,1.0,14.444884260797938,0
U4113,53,Mid,Standard,19.99,0,0,Declining,8.181565302086716,Series,0.5491379769444051,1,2.4997702068354277,6.710110559545845,2.539501855240229,3.400417619798267,1
U4114,18,High,Standard,19.99,1,0,Stable,7.073671617735749,Movies,0.2212302457852663,0,2.1293291362205955,9.162570492734893,1.5008788113637517,25.60567367971298,0
U4115,54,Mid,Standard,19.99,1,0,Stable,10.022290143888629,Series,0.44032627342124364,1,3.1404238250225043,4.737125959585845,1.0,2.778517774029007,0
U4116,30,High,Ads,8.99,1,0,Increasing,9.01688161573323,Series,0.9409588315249172,1,2.5195213460620485,3.685486192916642,3.2891298560548705,31.00806720904832,0
U4117,32,High,Premium,26.99,1,1,Declining,5.920511778635463,Series,0.7561086966673943,1,1.7877655736246063,5.634737703235726,1.0,1.8624347317799739,0
U4118,18,High,Standard,19.99,1,1,Increasing,7.268335473219058,Movies,0.054027403565570786,1,3.3603188378228444,5.254416873378121,3.148738422588733,14.64503524322757,1
U4119,29,High,Ads,8.99,1,1,Stable,5.867812649404493,Movies,0.17483731904651825,0,1.8296213456308077,10.0,1.2253338885871106,22.12534886048411,0
U4120,22,Mid,Standard,19.99,1,1,Declining,5.818695060497721,Movies,0.5214898058669825,1,1.411493583809467,7.511724241431743,1.735719739660651,27.48681571703768,1
U4121,27,Low,Premium,26.99,0,0,Stable,7.8553949152671825,Movies,0.5437373687609015,0,0.5,5.758780195368444,1.0,15.29991407818893,1
U4122,33,Mid,Ads,8.99,0,1,Stable,8.195974133183709,Series,0.32298346086943075,1,1.4447411301561495,1.0,2.6246408619508834,9.567199530524846,0
U4123,46,Low,Standard,19.99,0,1,Increasing,10.130034860863727,Series,0.7397209697382607,0,1.053165839223747,5.213403018981358,1.6260658847709972,35.028537866928524,0
U4124,37,Mid,Standard,19.99,0,0,Stable,4.327158145991831,Series,0.6530058232266044,1,2.841069692073182,9.204453259427943,1.8334405403354324,20.177610913565502,0
U4125,38,Mid,Ads,8.99,0,0,Stable,5.387262646575168,Series,0.21166600698687954,1,2.8267708804271616,5.6600950208235234,2.1049736408735047,15.952171995790188,0
U4126,21,Mid,Premium,26.99,0,0,Declining,6.69988577229739,Series,0.5193604563213381,0,1.4703599225906487,7.143698920465769,1.0,0.0,1
U4127,24,High,Standard,19.99,0,0,Declining,1.083069269193325,Movies,0.32276733672989943,0,1.2297729604053997,6.283918659918637,2.891102196148567,20.298850094028023,0
U4128,56,High,Ads,8.99,0,0,Stable,7.585214483011207,Movies,0.3596983610734696,0,2.485654022007292,4.526675881512208,1.636499815343996,17.940198355004025,0
U4129,26,Low,Premium,26.99,1,0,Stable,6.776239801861638,Movies,0.08588344253599539,1,2.3203928226843282,8.88263144778123,4.495196835858993,1.729422035524557,0
U4130,54,Mid,Standard,19.99,0,1,Stable,8.699163734944719,Series,0.4473968991630586,1,2.247808799691292,5.877811839145294,1.720402851521622,8.626463770784536,1
U4131,32,Mid,Premium,26.99,0,0,Declining,5.833242372141511,Series,0.4754112522703171,1,1.9954528562668814,4.086259443098653,1.8104274214627614,19.120256980214858,1
U4132,35,Mid,Standard,19.99,1,1,Declining,3.672039440583076,Series,0.49286485666804986,1,3.627195984647427,5.54305008857905,1.0,23.608748761180188,1
U4133,47,Mid,Standard,19.99,0,0,Stable,5.581299923396673,Movies,0.24620051054943676,0,1.660449955105717,8.355093331983541,1.0,5.779218161013176,0
U4134,50,Mid,Premium,26.99,0,0,Increasing,7.431649581009243,Series,0.5734734178171033,1,1.6793071978892686,2.5410967528316415,3.0776868900979633,5.893971029844376,0
U4135,33,Mid,Ads,8.99,0,0,Stable,8.160126094741255,Series,0.6619273230220835,0,0.7235184306492168,6.040532513296972,3.2611440050079583,19.387851126698145,0
U4136,30,High,Standard,19.99,0,0,Stable,2.395572640889511,Movies,0.7048451449029159,0,0.5,5.647269523305574,1.6346001991719523,7.905385400508617,1
U4137,34,High,Standard,19.99,0,1,Stable,7.314758888714123,Series,0.7741777507093133,1,2.241938224640145,2.41978255365112,2.32132408086131,15.591766243576197,0
U4138,39,Low,Ads,8.99,0,1,Declining,3.2339308255452655,Movies,0.6133726779019506,0,0.5507614333585612,7.033535581910517,3.44186587417129,39.30382071816922,1
U4139,45,Mid,Standard,19.99,0,0,Stable,7.381670595614514,Series,0.5038488629952634,1,1.5994383225785458,6.0129034303503905,2.489465574921211,17.488081903980138,0
U4140,35,Mid,Ads,8.99,1,0,Stable,7.688995573006738,Series,0.39921536995141405,1,2.941004809036409,7.257056086760611,2.6848161910826636,30.272999384956126,0
U4141,42,Low,Standard,19.99,0,1,Increasing,4.013020251213938,Movies,0.5102850551094664,0,1.7454981565156849,7.776156480246944,2.2872665726983583,3.053972789100424,1
U4142,54,Low,Standard,19.99,1,0,Stable,6.546267145998738,Movies,0.3467578120230479,1,3.1948411872909874,5.3888799184747125,1.547485164732536,8.785816865011952,1
U4143,39,Mid,Premium,26.99,0,0,Declining,5.311140713600493,Movies,0.49606356002590735,1,1.4178078365285978,4.388792556348711,2.585452699157286,8.531280918443663,1
U4144,38,Mid,Ads,8.99,0,0,Stable,7.175900190550295,Series,0.4235399550829916,1,1.6986079199020905,2.650941107510331,4.0647492850131055,4.752760732404862,0
U4145,18,Low,Standard,19.99,1,1,Stable,6.755598093768071,Series,0.7297154197535285,1,1.922861232201283,4.211323073426204,1.6795796257374982,0.0,1
U4146,18,Mid,Ads,8.99,0,0,Declining,2.5582249603719767,Series,0.5649501027180216,0,2.1200424788466727,5.521895750524962,3.0674658893700784,20.316803820408747,1
U4147,39,Mid,Standard,19.99,1,1,Increasing,5.794115908060374,Movies,0.2578198031063461,1,2.3377292710688145,3.572846367636754,2.38136725171762,22.64264670932194,1
U4148,33,Low,Standard,19.99,0,0,Increasing,4.865858031738449,Series,0.5266488468699977,1,3.3932152750780062,6.666903863802833,1.6102114686154172,6.65186856608684,1
U4149,28,Low,Standard,19.99,1,1,Stable,8.108091141679507,Series,0.6980866834495755,1,2.676466527534561,3.693148354001523,3.0952803461186207,9.05805846902252,0
U4150,37,High,Premium,26.99,0,1,Stable,6.7688583163867975,Movies,0.504828263268878,0,1.2437893182248956,1.9743613245178917,2.9789943048265783,18.935630849137965,1
U4151,34,Low,Premium,26.99,0,1,Stable,6.896493521414574,Movies,0.2767171684558285,0,1.586918970678531,4.344129334587661,2.78039400209617,18.24969601412078,0
U4152,48,High,Ads,8.99,1,1,Stable,3.589013112310212,Series,0.6688619656846658,1,1.2623713963648202,5.868456031136188,3.9486156274762774,30.397076698151363,0
U4153,36,Mid,Ads,8.99,1,1,Declining,4.93279440547759,Series,0.6681632788666355,0,0.5,2.9811095257914406,4.03554718857732,31.604495048420087,1
U4154,26,Low,Standard,19.99,0,0,Declining,6.267274143965365,Series,0.7476673720063253,1,2.455554626393406,3.7234757123788933,2.2539670909423735,9.980244718643052,0
U4155,46,Low,Standard,19.99,1,1,Declining,1.3163208508514415,Movies,0.5473830386566307,0,1.3072010218542578,4.239654465371499,2.0938874662042704,17.18822100538423,1
U4156,32,Low,Ads,8.99,0,1,Stable,5.929187482510059,Series,0.9622442774545426,0,2.2668087673062747,4.502243701213802,1.0,5.990114868106144,1
U4157,41,Low,Standard,19.99,0,0,Stable,3.859301736910389,Series,0.5069659226953975,1,1.4726301634729246,6.095764425443457,3.7332032385239096,36.026882806059376,1
U4158,29,Low,Standard,19.99,0,1,Stable,6.159435850540226,Movies,0.6420019799320369,0,1.4862262260237595,6.7757977620189,2.126966993688043,21.19569643794594,1
U4159,27,Mid,Standard,19.99,1,1,Stable,5.198016204858154,Series,0.623414875012268,0,1.647639283209275,4.551137891181664,1.5911646846462495,29.925169730932478,1
U4160,36,Low,Premium,26.99,1,1,Stable,7.761817667283206,Series,0.3810397589176602,1,2.5056876663760352,3.4221231360730417,1.2665786027994086,13.64081163930075,0
U4161,35,Mid,Standard,19.99,0,0,Stable,7.338479126852784,Series,0.4699031027905455,0,1.8494730024555515,5.773471423114435,1.2594574726391712,30.24910252281745,1
U4162,40,Mid,Ads,8.99,0,0,Stable,9.583008811268089,Series,0.6931920240432428,1,1.9205766536203637,6.535449199095513,3.9587187436009583,26.932260503679124,0
U4163,31,Low,Ads,8.99,1,0,Stable,6.891844301399012,Series,0.7447521423850948,1,2.799338983351067,8.727547775881575,3.0982783652309847,33.34683076825825,0
U4164,18,Low,Premium,26.99,0,0,Stable,7.676975604208547,Series,0.39674642865443405,0,1.5807625554102533,7.792342481491692,1.0,1.8742480990975565,0
U4165,29,Low,Premium,26.99,0,0,Increasing,7.326877555054567,Series,0.44722314867635404,1,2.9995125546705244,2.9823044232997464,1.0,18.89759394516286,1
U4166,44,Low,Standard,19.99,0,1,Stable,4.793870697542842,Series,0.4933766686282174,0,1.0444182147917915,5.218016379477243,2.3218651710158813,31.170488453109286,0
U4167,31,Mid,Standard,19.99,0,1,Declining,6.669524869380173,Movies,0.17732639562038724,0,0.7068983262240993,6.412323324931043,1.1835384330280638,6.771965943228524,1
U4168,32,Low,Premium,26.99,0,1,Increasing,12.72976516064124,Series,0.22398300195050258,1,1.9228662619638555,3.799615150798415,1.9479419717279471,24.262556659908252,1
U4169,46,Mid,Standard,19.99,0,0,Stable,8.411311398476506,Series,0.15613725740733886,0,0.7684708517850037,4.798592169502031,3.753021917325335,24.855991721740534,0
U4170,26,Mid,Premium,26.99,1,1,Declining,5.262456246259065,Movies,0.27363857690032567,1,1.9610132098256194,6.847918526344473,3.269417297003365,26.412570321492208,0
U4171,18,Mid,Standard,19.99,1,0,Declining,3.0518128910294475,Series,0.6504158579252732,0,1.1328583458432304,5.9999428051868495,1.0,22.004852905033843,1
U4172,33,Mid,Standard,19.99,0,0,Stable,9.283256346853893,Movies,0.4811171213517301,0,0.8443042685685762,5.5034568456970705,1.1888826489181392,25.411239608705117,1
U4173,29,Mid,Standard,19.99,0,0,Stable,8.159018631274025,Series,0.32753318520511104,0,1.3038867893993014,4.192901568703231,2.4456953817181595,23.192964323571466,0
U4174,23,Low,Ads,8.99,0,0,Stable,11.049757218658891,Series,0.3309321765214603,1,1.5925897454498648,2.608793354778315,3.3297666871226785,32.21895268404138,1
U4175,32,Low,Ads,8.99,0,1,Declining,2.691152099520187,Series,0.49441427937912874,0,1.2633997883584442,4.875129851048861,1.3781353706647619,9.38760552970169,0
U4176,40,Mid,Standard,19.99,1,1,Stable,8.725133002494761,Series,0.6006684905777143,1,2.0028666537740976,5.317546648781819,2.5685259587255436,22.084955661316453,0
U4177,34,Low,Premium,26.99,1,0,Declining,6.098213009749596,Series,0.8017563200793597,1,2.2272613843236853,2.563144809962315,1.7450823133309081,32.625513914434165,0
U4178,38,Mid,Standard,19.99,1,0,Declining,4.315945599503888,Series,0.7435444138380439,1,2.5360147840599203,5.595941822277111,3.9520636646914165,8.595325654114808,1
U4179,56,Mid,Standard,19.99,1,1,Stable,9.727669760406208,Series,0.5264343657705874,1,2.049061359137711,6.284088283254081,2.82241501922946,9.706669274058761,1
U4180,30,Mid,Ads,8.99,0,0,Stable,7.804690296849096,Movies,0.42203106092355286,1,1.8332224574070586,4.116016494098028,2.0067378561672764,24.292405061279453,1
U4181,38,Mid,Ads,8.99,0,1,Stable,5.126213943076692,Movies,0.18129215217396585,0,0.9727357146673863,6.306889734895123,1.0,34.58511600212517,1
U4182,28,Mid,Standard,19.99,1,1,Increasing,8.644982951176772,Series,0.6148691511299647,0,1.8115616380350346,6.051411781294138,1.1385455937681397,16.38891461992012,1
U4183,24,Mid,Standard,19.99,1,1,Declining,3.1022823857937745,Series,0.5875153413932913,1,3.065789016905644,4.890936502431449,1.0,19.146423247475184,1
U4184,27,Mid,Standard,19.99,0,1,Declining,4.062968569228973,Movies,0.6308604579655976,0,1.042550503560022,4.668058232756048,2.4722471766761482,22.366211146158214,0
U4185,29,Mid,Ads,8.99,0,0,Declining,6.4076523070794655,Movies,0.4487110167650915,0,1.2227334368177427,4.835607270393184,2.866035086065647,12.158724687887887,0
U4186,39,Mid,Premium,26.99,1,1,Stable,8.978548090468433,Movies,0.19584299079945944,1,1.277360799209222,3.787599479567862,2.916456088794386,44.324843092571165,1
U4187,63,High,Standard,19.99,0,0,Stable,7.44242466757873,Movies,0.19788903483746362,1,2.19083563353925,6.189286006316724,1.5860077881847217,6.904459582448716,1
U4188,26,Mid,Premium,26.99,1,1,Stable,5.499850246820936,Series,0.53338169342104,1,1.4290667004313224,3.8094559865077944,3.480075153644215,19.080543112853064,0
U4189,30,Mid,Standard,19.99,1,0,Stable,7.763216840790714,Movies,0.03710679911138459,0,1.0558312766599922,3.9378382917851944,3.783559742966764,19.273408493341414,1
U4190,34,Mid,Ads,8.99,0,0,Stable,8.446799275915273,Movies,0.30399592437064205,0,1.8386862069646106,6.494531055082229,1.5346354604938566,0.0,0
U4191,39,Mid,Standard,19.99,1,1,Stable,3.0557765095205647,Series,0.5712681580703274,0,0.5490501855695964,5.015858240805481,3.3815118875381867,7.8921844982471985,1
U4192,38,Low,Standard,19.99,1,0,Stable,7.232957550061834,Movies,0.44330537579327434,0,0.8489946197390853,5.623393575997119,2.3398587488101,1.7737570377521585,1
U4193,50,High,Standard,19.99,1,1,Stable,6.6196204032013375,Series,0.7224250704297701,1,1.7617415438339754,2.0767702817132037,1.6732374058186321,26.64330797406903,1
U4194,18,Low,Standard,19.99,0,0,Declining,6.907422510819145,Movies,0.3697832818776078,0,0.5,4.453393021607217,3.4311961996468994,0.0,1
U4195,18,Mid,Ads,8.99,0,0,Stable,7.771378329722998,Series,0.27400146267208775,0,1.7313527386274736,8.861540262333676,1.0,29.302550898925787,0
U4196,29,Mid,Standard,19.99,0,0,Stable,7.968703402945572,Movies,0.10579069377045275,0,1.438619016900537,1.938383559706169,1.0,3.8427775520250513,0
U4197,48,High,Premium,26.99,0,0,Declining,4.036178067238076,Movies,0.2289790152801161,1,3.3853125290248736,8.999257317516367,1.803794726865834,29.53823265823457,0
U4198,18,Low,Ads,8.99,0,1,Stable,7.003303434264872,Movies,0.4804582897269778,0,0.8023408003311825,6.02242755756685,1.9714651396994165,1.2425344595961718,1
U4199,18,Mid,Ads,8.99,0,0,Increasing,11.831054909411664,Series,0.7237047942149316,0,0.5,4.434025933487238,1.0,23.088430055546382,0
U4200,41,Mid,Premium,26.99,1,0,Declining,4.870240534059446,Series,0.5501123453810465,1,2.8647912912812057,5.09115812620693,2.6906642021676364,29.221678789740174,1
U4201,37,Low,Ads,8.99,0,0,Declining,5.349339111463148,Movies,0.8219460819533746,0,1.1195810876841552,7.96102690254824,1.4194873632807217,24.877329184144042,0
U4202,21,Low,Standard,19.99,0,0,Stable,3.928085403115868,Series,0.912313517013138,1,2.0200255534702642,1.0,1.0,3.3465753328878556,1
U4203,23,Mid,Standard,19.99,0,0,Stable,6.862919927345569,Movies,0.5979838795703809,0,2.039013204774451,8.330857656474874,2.849671711144648,31.55725360761152,0
U4204,23,Mid,Standard,19.99,1,1,Declining,0.9760000637877813,Series,0.7401316309185265,1,2.4018574174682024,6.031287959600054,1.7705903591659302,24.54943275944998,1
U4205,36,Low,Standard,19.99,1,0,Increasing,7.4515653919252305,Movies,0.4417083507683428,0,1.7520979070381242,7.524486099830139,3.257568697693153,0.0,0
U4206,27,Mid,Ads,8.99,0,0,Stable,7.127031115453798,Series,0.6771152072222146,0,0.9886763241611296,2.0033543346539853,2.6592402979560776,19.32832306979871,0
U4207,40,Mid,Ads,8.99,1,0,Increasing,11.301092383453712,Movies,0.0,1,1.8649132104377093,5.045067830639198,2.002047975676332,52.00453399382333,1
U4208,18,Mid,Standard,19.99,0,0,Stable,5.001680113096048,Series,0.3897431286410583,1,2.0807760897277974,1.0,3.2979741491029504,31.39777933650599,0
U4209,24,High,Standard,19.99,0,0,Increasing,10.121052430410305,Series,0.5555726426502803,1,2.7022199648197187,7.895166460742784,2.620369877696042,12.011867079053243,1
U4210,21,Mid,Standard,19.99,1,1,Stable,9.936986808724257,Movies,0.37557449908218155,0,1.3254500443949744,3.53458242851398,2.180273380993913,24.528395711383396,0
U4211,31,High,Standard,19.99,1,1,Declining,3.7185122685687553,Movies,0.32510869543148135,1,2.580776584939946,3.505191533470435,2.711713864879133,13.28592317950304,0
U4212,28,High,Ads,8.99,0,1,Increasing,4.358841234832028,Series,0.6544553562421996,0,0.5,1.6311411313368587,2.744258029673259,30.174876383155585,0
U4213,44,Low,Ads,8.99,1,0,Declining,5.579679914114177,Series,0.1793398900514721,1,1.1708190040444804,6.388738892103413,1.1056086125835876,8.229563018269882,0
U4214,18,Low,Premium,26.99,1,1,Increasing,5.424008980391122,Series,0.7011328605638667,0,0.5,5.643780851671216,4.558188548571764,32.502884162907776,1
U4215,35,Mid,Standard,19.99,0,0,Stable,5.36200285305296,Series,0.6124275111623991,0,1.1103530728570021,4.004259421686275,2.267643119427243,29.04482088518406,0
U4216,41,Mid,Ads,8.99,0,0,Increasing,11.770010825107459,Series,0.562510008248339,1,1.461404075284268,6.026206466145657,2.2876443550708316,25.711432938919273,1
U4217,57,Mid,Ads,8.99,0,1,Stable,10.753798550753363,Movies,0.5354624069053854,0,2.144827381758491,3.9401354935470634,1.0,42.84987921242009,1
U4218,29,Mid,Ads,8.99,0,1,Stable,4.998619767317029,Series,0.3908933233260887,0,1.289307516839587,1.9814237991452677,2.3285355761467126,30.070136410569383,1
U4219,38,Mid,Ads,8.99,0,0,Declining,3.525160519969173,Movies,0.3026210294744016,0,1.4083442264511712,4.772403977764472,2.371810501318576,30.259010262766235,1
U4220,18,Mid,Premium,26.99,1,0,Stable,6.120262075182361,Series,0.6568836822796975,1,1.64612473016366,8.789436823327957,1.0501985061291974,31.516821277829088,0
U4221,18,Low,Premium,26.99,0,1,Stable,5.904383892949147,Series,0.4293977382780717,1,1.6274071455439005,7.443332729009024,1.1604371949435814,26.565009131594252,0
U4222,45,High,Premium,26.99,1,1,Stable,10.866585027624069,Series,0.19933120438356816,0,2.0756193184380884,6.410742896923479,1.3007048297008459,23.570356395102777,1
U4223,34,Low,Premium,26.99,0,0,Declining,3.938864340624427,Series,0.3693919779309204,1,3.36944739475683,5.988049379223126,1.9049044108723834,9.872781465269513,0
U4224,49,High,Premium,26.99,0,0,Stable,6.224496170947742,Movies,0.33705588255122176,0,1.507911006245751,4.773338218229344,2.413299178434494,10.037591909633754,1
U4225,18,Low,Standard,19.99,0,0,Stable,10.232354946349652,Series,0.5501960512674253,0,0.5,6.97195343680197,1.9770174483970966,23.18460596164334,1
U4226,41,High,Ads,8.99,0,0,Declining,6.153352623078602,Series,0.5963467901666581,0,1.087260934688108,6.630647578031768,2.5027530587010776,25.31044003244468,0
U4227,57,Low,Standard,19.99,0,1,Stable,8.97179846589849,Movies,0.21814463117530786,0,1.4566337432461747,5.333772827864804,2.87527520016641,18.213894314461502,0
U4228,40,Low,Ads,8.99,1,1,Increasing,6.281661380932826,Movies,0.08754723348937443,0,1.186016864973104,5.898160889953518,2.7428880413318315,12.221047783949757,0
U4229,38,Low,Ads,8.99,1,1,Stable,5.939640633648528,Series,0.6274016516415855,1,1.0279003456455116,2.288279126288926,2.564101438811587,16.366706921377872,0
U4230,35,Mid,Ads,8.99,0,0,Stable,4.920563284642079,Movies,0.31669540110272215,1,3.4097093456252723,4.539405505395789,2.4856869235675547,17.36598678943157,1
U4231,18,High,Standard,19.99,1,1,Increasing,11.403784638107448,Series,0.7275669765523326,1,1.798703628173088,3.113786835063471,2.4891906241493147,21.300716848187303,0
U4232,51,Mid,Ads,8.99,0,0,Declining,7.450486415566887,Series,0.4504630434144423,0,0.6294254363254439,3.075641816272341,2.0532364116283586,15.33417995841923,1
U4233,27,High,Ads,8.99,0,0,Stable,5.800451261636974,Series,0.19582960183093612,1,2.281474282410871,6.440546893735924,1.540167922073461,31.988503711236223,0
U4234,41,Mid,Standard,19.99,0,0,Stable,6.271517354191447,Series,0.07910800430997655,1,3.010552078736303,2.970781302821468,2.1068336427520498,16.671667811730202,1
U4235,18,Mid,Premium,26.99,1,0,Stable,6.359019869922684,Movies,0.26970615710378393,0,1.5565082289393573,7.036178100540328,2.8531528712426457,10.280184582991723,0
U4236,20,High,Standard,19.99,0,0,Stable,3.9055520134436486,Series,0.6255818324235592,1,1.510615608092945,7.5640008976335364,2.8474843278479423,17.03043493281592,0
U4237,52,Low,Premium,26.99,0,1,Stable,5.6523558444806925,Movies,0.303537495607634,0,0.5597031955574182,5.376591324267505,2.7078697235597238,4.783346451625693,1
U4238,30,Mid,Ads,8.99,0,0,Declining,6.546532429527202,Movies,0.23696990953575026,0,0.5,4.288967727863,1.7247996312276537,42.15987360972324,0
U4239,52,High,Ads,8.99,1,1,Stable,5.249162991109812,Series,0.2817235173683811,0,1.154197694339662,7.562046277958244,1.9835382118180571,25.866184513722658,1
U4240,34,High,Standard,19.99,1,1,Stable,7.1859637244099765,Movies,0.0,1,2.016145439364078,6.6047385703472035,1.9873559757957704,17.8485038590153,1
U4241,18,High,Standard,19.99,1,1,Declining,2.383962051071687,Movies,0.4234549561989199,0,1.5569353023232375,7.890359263821641,1.5929384359790357,34.99749167040952,1
U4242,45,High,Standard,19.99,1,1,Declining,4.711998177742265,Series,0.5544797540421029,0,0.9572448786103263,3.336982173609816,3.093947198334509,15.539460617806792,1
U4243,27,Low,Standard,19.99,0,0,Increasing,7.310036536241976,Movies,0.27729633704798806,1,2.8842244966136783,4.97930276517117,1.0,17.59845391962774,0
U4244,43,High,Standard,19.99,1,0,Stable,4.556657032432465,Series,0.29164980901657617,1,2.6928105131754707,5.062870228626096,4.22200777405607,9.550187329770694,0
U4245,35,Mid,Premium,26.99,1,1,Stable,8.580772192310224,Series,0.4067486800179977,1,1.8626710126976682,5.918849320180412,4.273883951608074,6.71342269487085,0
U4246,18,High,Standard,19.99,0,1,Increasing,11.539882083603057,Movies,0.3590208699019481,0,1.4955872972863897,6.749773539082842,2.250007275697173,20.52990333344738,0
U4247,36,Mid,Ads,8.99,0,0,Stable,5.06092257552805,Movies,0.4069231906930111,0,1.9644860456232447,5.775662660183593,2.605201412276725,30.768216303431004,0
U4248,61,Mid,Standard,19.99,0,0,Increasing,8.351449607418818,Movies,0.3171519735849676,0,0.8196470250440873,8.170805368211141,3.049162776684097,7.460790166792824,1
U4249,40,Mid,Ads,8.99,0,0,Increasing,9.132956049217347,Movies,0.6258498852324781,0,1.1933360641569664,4.750509771409502,1.4420628246779579,15.128727288281935,1
U4250,34,Low,Ads,8.99,1,0,Stable,3.370476425744301,Movies,0.23490122082873988,0,1.1836059038615185,3.401979332147022,2.767602644839133,15.557277488676984,1
U4251,47,Low,Ads,8.99,0,1,Stable,4.205814547211936,Series,0.8573743843019606,1,2.085370977716973,4.16866297609983,3.5190593187445365,27.258581343558262,1
U4252,37,High,Standard,19.99,0,0,Stable,9.572568872733562,Series,0.6433733522583999,1,2.7811377858509108,3.9198456312413867,1.0,12.82277882295865,0
U4253,37,High,Ads,8.99,1,1,Increasing,5.8046193104922885,Movies,0.37162668845749314,1,2.828649547176478,4.588149904849852,1.0,27.037492601534204,0
U4254,21,Low,Ads,8.99,0,1,Stable,9.516366216503393,Series,0.7865045432958796,1,2.5440039146894127,4.961621421115529,2.9501979016504953,26.585030301539977,0
U4255,37,Mid,Standard,19.99,0,1,Declining,2.309172651233338,Movies,0.22517453050316383,0,1.47946755373468,5.046446764346914,1.9299187012771688,10.056435297592417,0
U4256,47,Mid,Standard,19.99,1,0,Declining,6.3176555542808055,Series,0.5341593081650075,1,1.9626749467710032,5.96385499428839,1.8133784598613583,14.483526492173763,0
U4257,24,Mid,Standard,19.99,0,0,Declining,4.377393784979329,Movies,0.10529168679162837,1,2.498316775407387,4.577809130510706,1.8728300371508209,18.965766795394963,1
U4258,52,Low,Standard,19.99,1,1,Increasing,8.4877011925369,Movies,0.5370425043010807,0,0.6574151779142405,7.597602023815078,1.0730283525799529,12.756000480270467,1
U4259,33,High,Ads,8.99,0,1,Increasing,14.567807740601893,Series,0.6671010882470259,1,3.787125207220332,1.623609783902825,1.789801874492718,7.261790515236834,0
U4260,24,Mid,Ads,8.99,0,0,Stable,4.491626731362636,Series,0.8195586703809236,1,3.1101598373988493,1.0462861022368894,1.0,35.788922225869086,1
U4261,46,Mid,Ads,8.99,0,0,Stable,8.189596392522141,Series,0.6409726806293419,1,2.87392202568884,7.502618542463253,3.5087223521885154,0.0,1
U4262,31,Mid,Premium,26.99,0,1,Increasing,10.660468990673467,Movies,0.5706084430382634,0,1.5041686894533253,7.3454651528980275,2.3332632217140064,20.79373103310593,1
U4263,44,Low,Standard,19.99,1,1,Stable,13.709146778332755,Movies,0.20054217514404363,1,2.545509210097268,7.978047100875099,2.306552757295622,34.37439791183431,0
U4264,31,Mid,Ads,8.99,1,1,Declining,2.8457383595362282,Series,0.7974479313940966,0,0.5,6.773453961839361,2.86664298181298,8.331534095398414,0
U4265,34,Low,Ads,8.99,1,1,Stable,5.748030412993127,Series,0.5204370145092719,1,1.5448330801416557,5.505056583672412,4.99021295163061,18.31621142236457,1
U4266,40,Low,Premium,26.99,0,0,Increasing,11.447766857497662,Movies,0.3505063872700487,0,0.733015129119608,4.983142775817967,1.1475085253038437,28.83342884831557,1
U4267,38,Mid,Standard,19.99,1,0,Stable,6.599472281596274,Movies,0.4956711026654027,0,1.3291753563496669,2.2957299937486413,1.0,0.0,1
U4268,18,High,Premium,26.99,1,1,Stable,6.073898086536501,Series,1.0,1,2.131087485117463,5.795341219367899,2.1693134143196433,17.395298895113612,0
U4269,21,Mid,Ads,8.99,0,0,Declining,6.9150229766463305,Series,0.7640105747422097,0,1.7056641762636056,2.6264012352038613,1.0,0.0,0
U4270,46,Low,Ads,8.99,1,0,Stable,6.466863127392559,Series,0.7828692269905143,1,1.7206713881120796,10.0,1.8613376908057129,29.56009228861237,0
U4271,33,Mid,Standard,19.99,0,1,Increasing,6.324422788855747,Series,0.4909244090930108,1,2.915968033808171,3.43590295350781,3.0744883016924374,8.490831603749148,0
U4272,28,High,Standard,19.99,0,0,Stable,8.452420309523962,Series,0.6313995981919176,1,1.807771829542013,5.3491338452093204,3.727992555495245,39.413404793023346,0
U4273,18,Mid,Standard,19.99,1,0,Stable,7.750576016055721,Movies,0.33082654653302673,0,1.0910181815127007,8.512821758300065,1.0,6.540806892462681,1
U4274,22,High,Standard,19.99,1,0,Declining,4.374306808788047,Series,0.881533226910725,0,1.7477223782293425,4.767943175153741,1.2567271507654982,23.395807572001686,1
U4275,18,Mid,Standard,19.99,0,0,Increasing,7.919095443719936,Series,0.5708131609590826,1,2.6027927521429564,4.781438142225895,2.56345933113362,7.483373346166918,0
U4276,33,Mid,Standard,19.99,0,0,Declining,3.1701867901188736,Series,0.8657083704698719,0,0.6742720056195678,1.0,2.9539616360062553,15.152429449978419,1
U4277,27,Low,Ads,8.99,1,1,Declining,6.450193710230684,Movies,0.08967065865612195,0,1.8320303115635221,2.880442371805548,3.010805194799089,17.94884821721277,1
U4278,23,Low,Standard,19.99,1,1,Increasing,7.919676548236875,Series,0.8797554650099684,1,2.3533917795920605,6.623073940976238,3.675116100843068,18.309556139452468,0
U4279,34,Mid,Premium,26.99,0,0,Increasing,6.69046228927899,Series,0.4277198306963621,0,0.5,8.845670284691986,2.9285986044342573,37.858213911756216,0
U4280,39,Mid,Ads,8.99,0,0,Stable,4.428889665616291,Series,0.7707768314841605,1,1.7943908550919114,3.717697591400605,2.0801265087322447,35.12806319203551,1
U4281,60,High,Standard,19.99,0,0,Stable,7.784308715817672,Movies,0.17713390750615862,0,1.0951867386233036,5.8934797663616125,3.2619832489566445,9.007438672388874,0
U4282,18,High,Standard,19.99,1,1,Stable,5.982834042174005,Series,0.7236694514661339,0,0.7153307863460121,10.0,2.2698075206350956,18.514191940597527,1
U4283,48,Low,Premium,26.99,0,1,Declining,0.9746493720218572,Series,0.40748256789654086,1,3.105627586031148,6.633603485166951,2.474718078263047,4.035449565996295,1
U4284,46,Low,Standard,19.99,0,0,Declining,2.5934624207119072,Series,0.8072961882846547,1,2.0751446906364763,7.452149611858584,1.7057766841478461,1.303915388606363,1
U4285,25,Mid,Standard,19.99,0,1,Stable,6.532806128682035,Series,0.7690490931874255,0,1.5300914905725556,3.9678515046285945,2.356755293462294,9.997076148981257,0
U4286,37,Low,Premium,26.99,1,1,Declining,4.588924670165665,Series,0.4798625151469003,0,1.4032938315962367,8.604746734367126,1.0,38.19997737950633,1
U4287,29,Mid,Premium,26.99,1,1,Increasing,8.269373248888048,Movies,0.46561690179790227,0,1.6528726900848794,4.1153784424355155,3.234729232745675,0.0,1
U4288,37,High,Standard,19.99,1,1,Declining,4.234487776864878,Series,0.7894865296644916,0,2.1365253207825012,3.7639900199936727,1.1908763183127264,24.915654290495176,0
U4289,53,High,Standard,19.99,0,0,Stable,4.048292554527178,Movies,0.16533618927526716,1,2.705420330243197,8.458756819885792,1.3119396078390566,23.52401870885049,0
U4290,42,Mid,Ads,8.99,0,0,Stable,5.250902951701898,Series,0.3931994311483066,1,3.345568505711338,4.226123268968496,1.0,9.081474342372523,0
U4291,41,High,Standard,19.99,1,0,Stable,9.367553972968203,Movies,0.1357390538062242,0,1.6511259596153525,5.4926501211695,1.3774981992162716,25.739829058146356,1
U4292,29,Mid,Premium,26.99,1,1,Stable,9.072456253706132,Series,0.35739945992488065,0,1.3657659719689041,8.752370777961445,1.2415851241135505,25.68514994009066,1
U4293,18,Low,Premium,26.99,1,0,Increasing,10.733855347032154,Series,0.38478143079728244,0,1.4607280520869306,3.6717580979842954,2.4172819711391886,17.550345900072678,0
U4294,32,Mid,Ads,8.99,1,0,Stable,7.979005208081337,Series,0.7849576418306641,1,0.7247788773953776,5.026382867750315,1.0,16.19532172697595,0
U4295,49,Mid,Standard,19.99,1,1,Stable,8.809511816130984,Series,0.711569964252799,1,2.026906723731103,4.279577890739089,1.7559404393105438,15.05381541301097,0
U4296,18,Mid,Standard,19.99,1,1,Stable,4.758410525015799,Series,0.2607995625616775,0,1.2282087223348452,4.842542768118307,1.5199125456699556,7.872847733252758,0
U4297,22,Low,Premium,26.99,1,1,Declining,5.065856733513898,Series,0.49796660291874967,1,2.5628325813334256,5.578483898047467,1.0,19.984694055540338,1
U4298,36,Mid,Standard,19.99,1,1,Stable,4.759465698706079,Movies,0.1184326822553432,0,1.2872451903226256,8.180195632489118,2.438114735882217,11.93864977263693,0
U4299,23,Mid,Standard,19.99,0,0,Stable,4.794171060469454,Movies,0.5223060393017696,0,1.4669379905140103,8.784581866503455,1.980760144624879,19.938295121749196,0
U4300,25,High,Ads,8.99,0,1,Increasing,10.104194813240824,Movies,0.2600708527627835,1,1.5060860330687706,5.8116794993590855,2.239936630424561,10.679301788450388,0
U4301,29,Mid,Standard,19.99,1,0,Increasing,11.840251317407626,Movies,0.04111451543588995,0,0.5093285638783945,4.046834631818653,3.030192652719595,10.112664165877154,0
U4302,18,Mid,Ads,8.99,0,1,Declining,4.612301731154924,Series,0.6340330135541159,0,0.7084339118488748,6.8560751924846315,2.20753404650537,11.463135837177092,1
U4303,23,Mid,Premium,26.99,1,1,Declining,8.298000864419002,Movies,0.47129842162627306,0,2.085597220424872,5.510530397474987,1.8670353683326404,33.22817648241864,1
U4304,43,Low,Standard,19.99,0,1,Declining,5.423568654091073,Series,0.40926031335231294,1,1.5392606851825814,5.575795378094575,3.1226153060732655,1.4713334284039732,0
U4305,19,Mid,Standard,19.99,0,0,Increasing,6.669643402750466,Movies,0.29701681666371604,1,1.826836997360926,3.4363536719828183,1.8743114405105468,39.271002911192156,0
U4306,18,High,Standard,19.99,0,0,Declining,2.826542896252656,Series,0.41952090307195106,1,2.3630920869720953,2.2658291307437644,1.6954048433477262,27.216978487197757,1
U4307,27,Mid,Premium,26.99,0,0,Stable,9.036262968369432,Movies,0.5988094784237564,0,0.5041885282536587,5.462160046051472,2.869561728639972,0.0,0
U4308,43,High,Ads,8.99,0,0,Stable,7.25691823147963,Movies,0.2637283726256136,1,1.7765931035760967,3.3610824871951746,1.4199771389078755,11.060425409958427,1
U4309,32,Low,Ads,8.99,0,1,Stable,8.352094756338964,Movies,0.20563236054751977,0,1.6383908981837148,4.439465270316976,3.367233703380763,0.0,1
U4310,29,Low,Premium,26.99,1,0,Declining,0.0,Series,0.5897349012301715,0,1.0809787999215115,8.465326170187621,2.3603992557190905,25.762259841861205,1
U4311,35,High,Premium,26.99,0,1,Declining,5.489344068693876,Movies,0.3084901340066184,0,2.1417431163673015,5.3596860825430825,3.7689886651075906,33.31974163821351,0
U4312,18,High,Premium,26.99,0,0,Stable,5.9764516230075255,Series,0.7376986787732007,0,0.5,7.714184898145277,2.1400982244118563,20.75031078072687,0
U4313,40,High,Ads,8.99,0,1,Declining,2.212480928166271,Series,0.8432094451857776,1,2.0926380860513816,6.092285985496754,3.1482609197980524,32.628638186350464,1
U4314,39,Mid,Ads,8.99,1,1,Declining,4.874635314103149,Movies,0.5947246502044999,0,1.0811109477576142,6.667673171069247,1.0,20.204077040476534,1
U4315,30,High,Ads,8.99,1,1,Declining,7.183627067308912,Movies,0.273618527881505,1,2.29463950738576,4.3999262716013074,3.4820938821087823,29.651748348694507,1
U4316,47,High,Ads,8.99,1,0,Stable,11.532456572839436,Series,0.661022726629531,1,1.5639418415327286,7.8058229323752455,2.889290473367429,21.503713546169905,1
U4317,21,High,Standard,19.99,0,0,Stable,7.484304814645021,Movies,0.6476999820580898,1,1.951713273093918,6.121656530527049,1.5545358256081738,18.16852146973369,1
U4318,48,Mid,Ads,8.99,0,1,Declining,3.5817068200769553,Series,0.905399761675001,0,1.6945617153270331,4.971196280158589,3.064929147626841,27.28397941006868,1
U4319,36,Mid,Standard,19.99,1,0,Stable,5.460994886963066,Movies,0.17481876906129284,1,2.1383592134722402,6.120599859203731,1.0,16.12414764929773,1
U4320,30,High,Ads,8.99,1,0,Declining,6.926264724130398,Series,0.7184490433286689,1,1.6581632568759366,4.0695150244923415,1.702668568776517,35.48330199894603,0
U4321,34,Mid,Standard,19.99,0,1,Stable,5.006251761694216,Series,0.6846411145543654,1,3.5480301559396388,4.9126357699218595,1.3489108395965068,14.214499822499732,0
U4322,33,Mid,Premium,26.99,0,0,Declining,6.244854759055526,Series,0.78527750888894,1,2.329459886400226,5.389457132896617,3.1199962877339984,24.805934402318982,0
U4323,49,Mid,Ads,8.99,0,0,Stable,7.587362379919235,Movies,0.5987235135675575,0,1.6066719783092605,4.448622202615079,3.4483289623586675,9.520004714450346,0
U4324,22,Mid,Standard,19.99,0,0,Declining,5.366202783765758,Series,0.39180479814115887,1,2.7584865875210887,8.617440219837977,1.7510495031768003,0.0,0
U4325,25,Mid,Ads,8.99,1,1,Increasing,4.295644230357623,Series,0.4618643389930849,0,1.2646210886077955,4.669634172913879,1.0,22.295446325465765,1
U4326,47,Low,Ads,8.99,0,1,Declining,4.286083595547351,Series,0.7815217512615185,1,1.8261538172715894,9.665039628377478,1.2231256131211263,0.0,1
U4327,27,High,Standard,19.99,0,1,Increasing,4.6255266259271615,Series,0.6296061509699973,0,1.399598837953724,5.634534302357605,2.2920726235108573,43.789974885259525,0
U4328,45,Mid,Standard,19.99,0,0,Increasing,7.235257796049703,Series,0.15455175848883707,1,1.8799330219089834,5.031340797579761,2.229281541050692,13.75005470701706,1
U4329,55,Mid,Standard,19.99,1,0,Stable,8.834277323041025,Series,0.26674351157084003,1,2.5229412779688163,4.491144213858614,1.859909853102333,17.066777174919643,0
U4330,30,Low,Premium,26.99,1,0,Increasing,12.693173710066695,Series,0.7325146282597956,1,2.201455796004382,6.344818612044223,1.3702971928703753,14.279589142112197,1
U4331,43,Low,Standard,19.99,1,1,Declining,5.427897298981771,Movies,0.5178221845143306,0,1.814707504836842,7.288385864874937,3.8284249476310785,19.68928286912679,1
U4332,21,Low,Ads,8.99,0,1,Declining,3.8593189751320294,Movies,0.08010245914394715,1,1.6150997245940597,1.0,1.5799991180136708,22.082225597096965,0
U4333,44,Mid,Standard,19.99,1,1,Declining,8.176198664720836,Series,0.8198335124255683,0,1.6592584615549477,5.509766662968264,1.3671496811841335,7.921461057807809,1
U4334,37,Low,Ads,8.99,0,1,Declining,3.83281873248764,Movies,0.31057053378166966,0,1.6068901342153246,1.5238089082824735,3.3473273634054124,0.0,1
U4335,40,High,Standard,19.99,0,0,Stable,4.728627016381991,Series,0.3955051740423936,0,1.180488355100887,7.463651374362405,1.9175125681342418,4.790672284796685,0
U4336,27,Low,Standard,19.99,0,1,Stable,8.392965935833567,Series,0.4879408219902952,1,2.738117326441976,7.499372468789701,2.711918014532187,12.176997919368764,0
U4337,18,Low,Ads,8.99,0,0,Declining,5.9154680851394135,Movies,0.1054513547902392,0,1.5094464342113771,5.5819475434538095,1.3248336952290898,21.362672607095337,1
U4338,41,Low,Premium,26.99,0,1,Stable,5.914848178148318,Movies,0.22681780332378737,0,1.633575889684524,5.916788734161016,2.7060831665115446,20.202672515573344,0
U4339,18,Low,Premium,26.99,1,0,Declining,5.200450459139135,Series,0.2262204058222752,0,1.6017580550653512,2.6404688967220196,2.935193941723414,27.038704565240344,1
U4340,31,Mid,Premium,26.99,0,1,Stable,7.884319977703546,Series,0.5852334102003767,1,2.3300722234058995,4.405427673050486,1.083704597500283,0.0,0
U4341,46,High,Ads,8.99,0,0,Increasing,9.611036523155448,Movies,0.46742373758559974,0,1.0018978512981338,4.275639875604622,1.6659262125651821,7.286913991156531,1
U4342,37,Mid,Standard,19.99,0,0,Stable,7.917877909929161,Movies,0.08051500650826127,0,0.9961223950501522,4.601990133024432,1.2951653872341669,12.708542769078353,0
U4343,58,Low,Premium,26.99,0,0,Stable,5.9885702768800515,Series,0.6034040541245894,0,1.192676789776184,7.244348267408917,1.6719741002493582,36.28936650772792,0
U4344,47,Low,Ads,8.99,0,0,Stable,8.052490088479198,Movies,0.18906959436471624,1,2.805886011387498,8.063409327403333,3.801079195126312,50.64615272970633,1
U4345,27,Mid,Premium,26.99,0,0,Stable,7.035115675166564,Series,0.7337601670728477,1,2.6793493291562607,6.721148480805255,2.4568938286817215,1.818610275975466,0
U4346,35,High,Ads,8.99,0,0,Declining,4.0563789569272934,Series,0.1371185817402193,0,1.802990738636585,4.853186988300281,4.148029988062347,31.099478925557857,0
U4347,34,Low,Ads,8.99,0,1,Increasing,8.262345713300176,Movies,0.4923777696097995,0,1.8531391102170165,4.00767325666628,3.682775141152078,19.042709944983525,0
U4348,18,Mid,Standard,19.99,0,0,Stable,6.804196328151164,Movies,0.0,0,1.1915033258756396,5.681048159221148,3.3308901360773535,24.674193455339733,0
U4349,23,Mid,Standard,19.99,0,0,Stable,4.109243325877442,Movies,0.30801193075532124,0,2.281210838385852,6.093044496431801,3.6543804940150997,2.1072483261623436,1
U4350,28,Low,Standard,19.99,0,1,Increasing,7.090022260290215,Movies,0.2082163767034602,0,1.2480099756116492,5.05803519129759,3.3599300426639047,34.26062722742789,1
U4351,18,Mid,Premium,26.99,0,0,Increasing,9.194716546778357,Series,0.5278594146382276,1,2.003662122953054,4.181867984004095,3.904519065912048,0.0,0
U4352,35,Low,Ads,8.99,0,1,Stable,4.298017929222295,Series,0.29412184864451313,1,2.499999788116398,6.730510984679675,2.744660506827403,2.2235869118741682,0
U4353,32,Mid,Ads,8.99,1,1,Declining,3.760152676370839,Series,0.9320275281027564,0,1.5418559854804237,6.927048577748639,2.886322430712156,14.762589998579058,0
U4354,18,Low,Premium,26.99,0,1,Stable,11.769289956743744,Series,0.34268738447793257,1,1.8550639763570036,2.876132622051824,2.857929135166848,10.881142695618282,0
U4355,39,Mid,Ads,8.99,0,1,Stable,4.741483270357612,Movies,0.10846927880485482,0,1.2206739988159434,4.73252828460593,1.7605356001526458,18.30992270559807,1
U4356,43,Low,Standard,19.99,1,1,Stable,6.232372174699141,Movies,0.7089641170171035,0,1.0765142892899202,7.055803385894356,3.0461790303806597,9.783560421970474,0
U4357,37,High,Standard,19.99,1,0,Declining,3.3325654429425375,Movies,0.4145403272151328,0,1.3707714538470548,7.477162426355534,3.4578036387555535,13.72031584776488,1
U4358,31,Low,Ads,8.99,1,1,Stable,6.766259992093326,Movies,0.09914869530788029,1,2.7775154082037865,5.629133622891465,1.5995877299104109,15.787166440342958,1
U4359,42,High,Ads,8.99,1,1,Stable,5.37016331373004,Series,0.5742424648192309,1,2.140454434029779,6.230668631078447,1.3427591425390046,15.319892878468746,0
U4360,43,High,Standard,19.99,0,0,Declining,4.513513753415134,Movies,0.30285410614284025,1,2.6436289931193624,6.0050762853493485,1.648983687271513,19.78298813800253,1
U4361,38,High,Premium,26.99,0,0,Increasing,6.844358894550321,Movies,0.012469832485073773,0,0.6055762082847879,7.408617192082513,3.556738854679959,28.753009957610267,1
U4362,25,Mid,Standard,19.99,1,1,Declining,7.11025563273965,Series,0.44834748119635426,1,2.833871494864899,3.2815803589587342,1.9628806151456732,8.95714454031743,0
U4363,38,Mid,Standard,19.99,1,0,Declining,5.163274075439094,Series,0.5947238576249398,1,2.0279417858450803,6.035210975328211,1.0958658144506244,34.17234774001618,0
U4364,49,Mid,Standard,19.99,1,0,Stable,4.99405468607356,Series,0.8532835811675104,1,2.017243112407046,3.722282901404906,1.1614651148817068,18.590146361041423,0
U4365,27,Low,Ads,8.99,1,0,Increasing,11.52238957149808,Movies,0.31223403135479405,0,1.5001699466766227,7.67616184506932,1.2961710551915244,33.13250957120542,1
U4366,60,Mid,Ads,8.99,0,0,Increasing,6.125200151909661,Movies,0.3272709584771985,0,1.5264507157812652,3.383306112456289,1.4871277126949844,13.889906404714935,0
U4367,28,Low,Standard,19.99,0,0,Stable,3.8718396221766977,Movies,0.18696666580796006,0,1.2438460100270725,6.3169779399309975,1.0,7.605130135998158,1
U4368,35,High,Ads,8.99,1,1,Declining,4.993915025134386,Movies,0.5691781562416469,1,1.76672077640256,3.7329985615015047,2.805613904705245,18.962772438279103,0
U4369,26,Low,Ads,8.99,1,1,Increasing,14.721793273019937,Series,0.7804643503001902,0,1.0602155363412538,7.004848236675228,2.010664889578306,48.76682362923995,0
U4370,37,Mid,Standard,19.99,1,1,Increasing,3.5170076132523374,Series,0.7578669545963035,1,2.3571454503248406,6.378577920659724,2.734451439408078,1.6180876237304922,0
U4371,18,Mid,Standard,19.99,1,0,Declining,2.338024156861806,Series,0.6223677730139163,1,2.5939046859527117,5.9793264475911645,1.0,26.127893554267203,1
U4372,28,Mid,Ads,8.99,0,0,Stable,8.505051326321688,Movies,0.030285287619264634,0,0.8885254578231285,9.421870745336951,3.272424657687685,20.129437004943583,0
U4373,21,Mid,Standard,19.99,0,0,Stable,5.715357200776079,Movies,0.567333979768607,0,0.9799289595774096,4.094943883935235,2.117886218900268,22.84803410166846,1
U4374,36,Low,Standard,19.99,1,1,Stable,8.223897134493086,Series,0.6114659495875563,0,1.4314718177793122,7.352141492741951,2.70001434698875,3.5309411802850974,0
U4375,46,Mid,Ads,8.99,0,0,Increasing,6.4875332791741585,Series,0.5382816957027312,1,2.2500632441233095,7.844025069724129,3.72132569200881,23.485607956549828,0
U4376,42,Low,Premium,26.99,0,1,Declining,5.283924354818352,Series,0.6896918123785263,1,2.3878989698599944,7.352715018795616,2.567849067434935,21.545271330741823,0
U4377,18,High,Ads,8.99,0,0,Stable,10.488947850770977,Series,0.6448379407656032,1,0.7313353542896541,4.145302372569686,4.311603040396997,0.19725893956846008,0
U4378,59,Mid,Premium,26.99,0,0,Declining,2.6108207059562583,Series,0.3861604012876201,0,1.1525438661653777,5.030804382869339,1.0,19.574964715926505,0
U4379,38,High,Ads,8.99,0,0,Stable,9.047521620274608,Series,0.5358404277027911,1,2.811961683495462,4.288072569658048,1.882436675379742,15.084424326147108,0
U4380,25,Low,Premium,26.99,1,0,Stable,8.359413593264174,Movies,0.0,1,1.930475017748023,4.9053997190454055,1.0,13.753847328938173,1
U4381,36,Low,Ads,8.99,0,1,Declining,2.0215114978021824,Series,0.6172053269197915,1,2.591915346614601,3.817659804740375,2.5143993373329545,17.45241084560685,0
U4382,37,Low,Standard,19.99,0,1,Stable,8.117801047483546,Series,0.8660255534602279,0,0.6956276777774365,4.7735141759216395,2.276502091324908,31.052078435337805,1
U4383,26,Low,Standard,19.99,1,1,Increasing,9.218418386587818,Movies,0.0,1,1.3623289584773268,8.435254002791511,1.1078185187386769,23.49772184189891,1
U4384,37,Low,Standard,19.99,0,0,Stable,7.182188019827459,Movies,0.3757256139622952,1,2.5506905475667816,4.861524480742677,4.373508963295648,5.4792741895921395,0
U4385,27,Mid,Standard,19.99,1,1,Stable,7.673035132903406,Movies,0.4836957067589046,0,1.272767523936857,5.711673783982298,1.8405688933702733,23.965292093961178,0
U4386,30,Low,Ads,8.99,0,1,Declining,4.29926831116839,Movies,0.5132713967448933,0,1.1320565245528345,4.049136815102228,1.0,17.468289879123354,1
U4387,26,Mid,Standard,19.99,1,1,Stable,7.140197917884795,Movies,0.2007620478358243,1,2.807879850095647,5.470015150388843,2.8801850793537516,10.605048589360084,0
U4388,18,High,Ads,8.99,0,1,Stable,7.482904850080577,Series,0.3795538540669992,0,1.1440796245366176,7.153341623560859,2.8956771613837677,3.123743994556687,0
U4389,36,Mid,Premium,26.99,0,0,Increasing,11.238173816656586,Series,0.4825896069754933,1,1.9204284508684526,6.4788980632032525,1.7205068623783102,27.683930267004545,1
U4390,42,Mid,Ads,8.99,1,1,Declining,1.9456779332438376,Series,0.8381742059918904,1,1.8555079961589924,8.336586068210265,2.988363777391791,11.154117753866142,1
U4391,41,Mid,Standard,19.99,1,1,Stable,9.58177179298221,Movies,0.00808887093520727,0,0.8238274096137878,3.0803843310414156,1.249755293245612,28.89687048963695,1
U4392,44,Mid,Standard,19.99,0,0,Declining,2.6894193138815736,Movies,0.10680660098963785,0,1.5333238532876687,3.9872643658985742,1.782854714082439,5.081630636491456,1
U4393,38,Low,Standard,19.99,1,1,Declining,6.523256928292774,Movies,0.2582461030948436,0,1.143950969109667,4.674198433448614,2.5937052339896245,41.93726659350442,1
U4394,28,Mid,Ads,8.99,0,0,Stable,7.15889019854556,Series,0.4048657564175727,0,1.8712604712717105,8.549835677284074,3.124336119726997,49.60475792314742,0
U4395,45,Mid,Standard,19.99,1,1,Declining,2.4376873144026048,Series,0.5916654529171923,0,0.5,6.097570623278257,1.9757884342161993,24.507458775575657,1
U4396,18,High,Standard,19.99,0,0,Declining,6.056290939408009,Movies,0.6329051878857508,0,1.7614201357637456,2.665878391843361,1.7175881186029427,33.55713987925381,0
U4397,24,Mid,Premium,26.99,0,0,Stable,5.109186721609658,Series,0.35923631063835126,0,1.4798148077166966,7.684473367759882,2.158783591175075,12.559210181939706,0
U4398,23,Mid,Standard,19.99,0,0,Stable,9.137591110315281,Series,0.5707267647004467,0,1.254587941212319,5.719185317631016,1.0,11.372433244155388,0
U4399,47,Mid,Standard,19.99,0,0,Stable,5.578330322997512,Movies,0.3483498061199047,0,0.6542933668607191,7.280640323298954,1.9204394060941572,32.32875609479933,0
U4400,46,Low,Standard,19.99,0,1,Stable,4.010027804789245,Movies,0.2830827502864078,1,1.304073607695823,8.66710204727606,1.0,19.81683563094561,0
U4401,40,Mid,Ads,8.99,0,0,Stable,10.067690210072591,Series,0.28431500478375565,0,1.6755453118673433,3.5448018783869744,1.3583824165695861,1.5356499044012288,1
U4402,47,Mid,Standard,19.99,0,0,Stable,7.362647342473817,Series,0.4724348955646219,0,1.4210733035852552,8.666466792080332,1.0,18.927448638472892,0
U4403,24,Low,Ads,8.99,0,0,Declining,6.734382251522631,Movies,0.22303272969004082,0,1.4116093660342184,5.351598057780043,2.728256742917209,3.3375297127057664,0
U4404,39,Low,Standard,19.99,0,0,Stable,5.297056242493266,Movies,0.4767007911275156,0,1.2487645795274214,4.672160233264118,1.4690724636960983,15.778123042334215,0
U4405,33,Low,Standard,19.99,1,1,Declining,1.2163789265835985,Series,0.6839158595397009,0,1.7249038164680697,5.809326550356729,3.437902437864105,30.58590723301318,1
U4406,45,Mid,Standard,19.99,0,1,Increasing,14.025607272263331,Movies,0.03962085009384042,0,1.0070640781827755,3.114998640827323,1.0,35.51296845903752,0
U4407,33,Low,Premium,26.99,1,1,Stable,6.987146375642102,Series,0.5225727283966441,1,2.098156912044084,5.460143327876872,1.9564992061511324,21.315303387850143,0
U4408,30,Mid,Standard,19.99,1,1,Declining,5.982703788327093,Movies,0.2499489583632487,1,2.1940426446449885,5.014616190922572,2.2845482546000326,34.056386292554684,0
U4409,41,Mid,Standard,19.99,1,0,Stable,8.313191561196538,Movies,0.7409390567434493,0,1.1931700569682935,3.6236975434455125,2.6900724845044284,12.480705491491808,1
U4410,45,Mid,Standard,19.99,1,1,Increasing,7.993826840952932,Movies,0.40846263606032446,0,1.9682862456328951,4.207216793643744,4.353591280203706,38.4083137169477,1
U4411,26,High,Standard,19.99,0,0,Declining,5.452459095231033,Series,0.3845123161938929,0,0.6727810306963679,7.776240601171972,1.0,9.32462579936487,1
U4412,34,High,Ads,8.99,0,0,Declining,8.187905185010889,Series,0.4446404154796698,1,1.1272576891382868,5.144644371037722,1.4424263276911207,8.289607971656798,1
U4413,22,Mid,Ads,8.99,0,1,Increasing,8.90267631336201,Series,0.524290920160922,1,1.427584257958253,3.538538663837972,4.196986549250818,12.469277705053099,0
U4414,18,Low,Ads,8.99,0,1,Declining,6.88420263283915,Movies,0.4224735150783084,1,2.7101905707148592,6.396318719553884,1.2789214569056764,9.030687970373158,1
U4415,37,Mid,Standard,19.99,1,0,Declining,1.0175060399387568,Series,0.6969841892324475,0,1.2496126882404412,7.033308527100831,2.641755654407077,24.2090400623655,0
U4416,42,Mid,Premium,26.99,0,0,Stable,9.247521260638429,Series,0.640096528538289,0,0.5006397314347094,5.4959970711150365,1.2602348135172377,33.02711379652796,0
U4417,38,Mid,Ads,8.99,0,1,Stable,3.955991403988053,Movies,0.3080469508727471,0,1.3498325151747097,3.031746630115861,1.0,18.186100296627895,1
U4418,18,Mid,Standard,19.99,1,1,Stable,9.018817648067001,Series,0.5727999351619315,1,2.105608774120257,1.0,1.384463147448962,21.7355995072914,0
U4419,30,Low,Premium,26.99,0,0,Stable,7.781262440902543,Series,0.5742061547171763,1,2.6356967577124712,3.6983114227254106,4.177623861453319,1.410776111307861,1
U4420,18,Mid,Premium,26.99,0,0,Increasing,8.712237971778366,Series,0.2434180205428228,0,1.697133201722398,7.60851678721519,1.0334458719232067,19.155153774764152,0
U4421,51,Low,Standard,19.99,0,0,Stable,6.80082355758414,Series,0.5877416756712639,1,3.810895373009312,7.425686791798257,1.901784344643002,39.24886666318893,0
U4422,21,Mid,Ads,8.99,1,0,Increasing,8.241806719927997,Series,0.48454918884112547,0,0.7089245899327667,3.907905908942703,1.9453659199859776,34.95230796009075,0
U4423,50,Low,Ads,8.99,1,1,Stable,5.358660961112873,Series,0.26943395584305374,1,1.1823439043607815,5.028163538259264,3.116341960360713,4.862688416657935,1
U4424,46,Mid,Ads,8.99,0,0,Declining,4.588047442739907,Movies,0.833576515607297,0,1.5945587717930603,6.895605566661297,3.328886634192348,12.742267160845348,1
U4425,24,Low,Ads,8.99,0,0,Increasing,15.624177232527266,Series,0.6622607211974237,1,2.892027582214077,5.223094085487855,2.3077535313731845,58.87840901321063,1
U4426,21,Mid,Ads,8.99,0,0,Declining,7.604613421569459,Movies,0.35262065165565937,0,0.662152807522828,7.372640123465279,1.0,23.017205172945822,0
U4427,39,Mid,Standard,19.99,0,0,Stable,5.257993642955132,Series,0.5257744018808421,0,0.6626355903509769,5.305549485581365,1.310768184050537,36.18368346021842,0
U4428,24,Low,Ads,8.99,1,1,Declining,5.535374804654577,Series,0.7460444917297372,1,2.5066197722061743,6.4631953098888495,1.0019806781274068,37.12528430631822,1
U4429,36,Mid,Ads,8.99,0,1,Stable,7.191958326472863,Series,0.3675399481585971,1,3.328689691460175,4.854445793166388,3.3586819254809264,4.611159833107072,1
U4430,29,Mid,Ads,8.99,0,0,Increasing,8.573119670970986,Series,0.5374591416114374,1,1.7740347499460194,3.9321484112554916,1.2789450755989842,26.6865434405289,0
U4431,18,Mid,Standard,19.99,1,1,Stable,4.9944448867250415,Movies,0.15956582346518522,0,1.3435333976728696,7.831395021489209,3.8834924654823073,20.247450817570886,0
U4432,18,Mid,Standard,19.99,1,0,Declining,5.891795969613304,Series,0.7443125707342706,1,1.1605131639510964,2.4960627997598115,2.6081889659022344,38.90002395701622,0
U4433,37,Mid,Standard,19.99,1,1,Declining,6.692143259829273,Movies,0.1846517708294692,0,1.2007072294651342,4.300607574582251,3.3347978243788248,41.54584785288183,1
U4434,28,Mid,Ads,8.99,0,0,Stable,5.33220262986644,Movies,0.5702655623267394,1,2.2318113504091674,5.311313833701722,4.4557711182071635,8.018728859835097,0
U4435,28,Mid,Standard,19.99,0,0,Declining,8.911082834578416,Series,0.5801449224792421,0,2.033770222702087,7.217319199539652,1.2561729906060304,59.29823515006856,1
U4436,43,Mid,Ads,8.99,0,1,Stable,10.04400649847111,Series,0.7548980193654112,0,0.9466611031305119,3.742230850834602,1.0,20.028370217607492,0
U4437,49,Mid,Ads,8.99,1,1,Stable,8.096331117902466,Movies,0.4299717768741749,1,2.7118462362953153,5.753688130371519,2.3869990089905953,25.587553664691256,1
U4438,31,Low,Premium,26.99,0,0,Stable,4.536560594662373,Movies,0.5618489667991038,0,0.9141190504094399,2.7269610202067307,3.1540763633057898,0.0,0
U4439,30,Low,Premium,26.99,1,0,Stable,7.802817251969124,Movies,0.1629646807942953,1,2.354199356702697,6.380765444015725,1.5351166718785514,30.099710548598246,0
U4440,41,Low,Standard,19.99,1,1,Stable,7.56395600312893,Series,0.7811246369893281,1,3.546392712419034,9.147427518772684,2.236386361220694,0.0,0
U4441,18,Low,Premium,26.99,0,0,Declining,6.0263105524369935,Series,0.22748226935414728,1,3.375860857592985,1.580863016564698,3.4170382081531647,16.27287713932703,1
U4442,37,Mid,Standard,19.99,0,0,Stable,10.180928544579473,Movies,0.35862535242273713,0,2.2802839691118653,4.045227743634594,3.318059898487064,11.36534273064413,1
U4443,41,Mid,Ads,8.99,1,0,Increasing,8.472077836150138,Series,0.49081561353939707,1,2.538543324776838,7.173871320872267,1.6182258183321565,23.59348771218533,0
U4444,43,Low,Premium,26.99,1,1,Declining,9.095653159311487,Movies,0.0690917232009926,0,1.1948687682055652,10.0,2.4713431273066098,20.15191137373696,1
U4445,18,High,Ads,8.99,1,0,Declining,5.8130086919875,Series,0.42129557500133186,1,2.470955408976418,6.676129201960229,1.264283575093026,25.043278320238038,1
U4446,25,Mid,Standard,19.99,0,0,Stable,6.41907364867747,Movies,0.22186885474413323,1,2.5796289635037173,4.041123886839214,1.0,32.9511899628138,0
U4447,24,High,Ads,8.99,0,0,Declining,9.798754413412823,Series,0.5606896635792268,0,1.4946573615446577,5.202844844260252,3.5582235788154737,5.952402145374926,0
U4448,36,Mid,Standard,19.99,1,0,Declining,6.65978380004018,Movies,0.24503006963016144,0,0.9443067295229677,3.046293219273941,1.0,15.547129890616233,1
U4449,40,Mid,Standard,19.99,1,1,Stable,6.090532226085054,Series,0.6160051947079309,1,1.8490641302582662,7.110263720763594,2.390992309336004,7.854770809241439,0
U4450,52,Low,Standard,19.99,0,0,Declining,5.168433177892885,Series,0.433968336882286,1,1.9422452509178327,7.5922100342853405,1.8297056486459184,6.9515133993297535,0
U4451,29,Low,Ads,8.99,0,1,Declining,6.270466043709068,Movies,0.2546284597997332,0,1.8351577134932842,8.312559420530722,2.7487601278914306,41.19227604248967,0
U4452,29,Low,Ads,8.99,1,1,Increasing,8.547416919643975,Movies,0.29218678699182765,0,1.8895185633235663,4.839848544343376,1.515002988392065,2.7729229505339212,1
U4453,48,Mid,Ads,8.99,0,1,Declining,5.267815738089901,Movies,0.38641924446615133,1,4.0,3.884949679257792,3.3416166836683567,8.13488319225742,0
U4454,38,Low,Premium,26.99,1,1,Increasing,6.548389189011836,Series,0.7697694563675126,1,2.5553874629594886,8.48993202091038,1.977776545709736,44.33113854423197,1
U4455,50,Mid,Standard,19.99,0,1,Declining,1.6296109383841837,Movies,0.5207326014130758,0,0.9057854366325526,8.261645187795772,3.6514433964718265,16.4779695593745,1
U4456,38,Low,Standard,19.99,1,1,Increasing,9.319257968234135,Series,0.647496798360433,0,1.0605549597540245,3.5242514654653734,2.4188561199772196,17.226618405840206,0
U4457,21,High,Ads,8.99,1,1,Stable,7.2800556444517746,Series,0.6860506033211197,1,2.20549869784579,4.748870203185981,1.150182425857654,22.80626667802134,0
U4458,19,Low,Premium,26.99,0,0,Declining,6.054239183115708,Movies,0.41237338316909505,0,2.053124311479811,7.079044357760161,2.7425645279047974,3.540776366224158,0
U4459,18,Low,Ads,8.99,1,1,Stable,5.847620585787606,Movies,0.2870715648272907,0,1.6664694088992968,4.9955277438696015,2.617592127338002,6.935164767077286,1
U4460,42,Low,Ads,8.99,1,1,Increasing,4.978337116378005,Series,0.7801166005235758,1,1.4919148360014791,5.563288830778529,2.092989378515131,10.600585976358165,0
U4461,49,Mid,Standard,19.99,1,0,Declining,3.069351060505303,Movies,0.16710378150324737,1,2.265893852710724,2.5617920082979113,1.451641347944163,30.506660322884407,0
U4462,57,Low,Premium,26.99,0,1,Stable,9.11126751367965,Movies,0.0,0,0.5642617340273953,3.255355959816246,3.0606366363871556,26.058798741302454,1
U4463,45,Mid,Ads,8.99,1,1,Stable,5.666777375584857,Series,0.39170212264912874,1,2.6554867681729353,5.317128156190484,1.2347784154653194,10.437043481798376,1
U4464,48,Low,Ads,8.99,1,0,Stable,6.115838028392476,Movies,0.6306241630208573,0,0.9465961027680989,4.102447398618723,1.3399834730176425,16.397878677178138,1
U4465,28,Mid,Standard,19.99,0,1,Stable,6.375172872337776,Series,0.5409133723004642,0,0.9943829589006401,3.203967653514509,2.7274726957311137,27.353263112600647,0
U4466,21,High,Ads,8.99,1,1,Declining,3.761447661426419,Movies,0.4048258012367535,0,0.5,4.871711976763609,1.9891808430725035,0.0,0
U4467,45,Low,Standard,19.99,0,1,Declining,3.6135783449343335,Series,0.5452099966859592,1,2.7540910430473744,3.744916021321519,1.0,21.626979174573847,1
U4468,40,High,Standard,19.99,0,0,Stable,5.257752870732379,Movies,0.46233306576527156,1,3.0252000292297567,5.556136552876686,1.238111975719802,27.09543382233178,0
U4469,36,High,Standard,19.99,0,0,Increasing,13.2019697237046,Series,0.6141425332012754,0,0.9535288687559982,7.484989311090885,2.6058475595034842,6.978795357776102,0
U4470,39,Low,Ads,8.99,0,1,Stable,8.36020136668586,Movies,0.33628159815354947,1,2.2027910264762047,4.897468408233309,1.9302496504670241,25.801507649013224,0
U4471,38,Low,Ads,8.99,1,0,Stable,9.495641546300476,Movies,0.472755667010089,0,1.0603465357318527,4.647833742566965,2.098901772117941,18.180010300572434,1
U4472,50,Mid,Premium,26.99,1,1,Declining,7.898679512921676,Series,0.5068644122762352,1,2.169044068154098,7.6473964813340345,2.4620443151347042,39.72836636777335,1
U4473,50,Mid,Premium,26.99,0,0,Stable,2.300240405134038,Movies,0.4244155565394103,1,1.808206770070448,6.967046729655109,2.6563005709116245,11.723246990315625,0
U4474,41,Mid,Ads,8.99,1,0,Stable,7.686909284056153,Movies,0.3150556677844368,0,0.7498743500115075,7.0960146099139845,2.316110714728959,25.090717962004646,0
U4475,45,Mid,Ads,8.99,0,0,Stable,5.827642732203362,Movies,0.3285147493574216,0,1.9843098562625832,1.0,1.0,0.3603248291698229,0
U4476,41,Mid,Ads,8.99,0,1,Increasing,12.350428933060044,Series,0.43628050013534503,1,0.7161707000249462,4.603389507750752,2.1447771278679575,18.90240012793068,0
U4477,29,Low,Standard,19.99,0,1,Declining,3.517057593514877,Movies,0.30680887012274544,0,1.5520571345073981,4.356520154221337,1.6836596186379946,27.783558394356998,0
U4478,44,High,Standard,19.99,0,0,Declining,2.8917004872725807,Series,0.4917514899505637,1,2.469999334780369,3.8488322380321716,2.2306314084484895,11.695143995530724,0
U4479,18,Mid,Standard,19.99,0,1,Increasing,4.697862418040693,Series,0.8259840357522189,1,3.2923513644143583,7.607181167607306,3.2676930036979055,31.435134394309408,0
U4480,47,Mid,Standard,19.99,1,1,Declining,4.394650178042395,Movies,0.013185667228247655,0,1.1818070652408126,4.413084269394621,1.1275382938863983,29.042336753459168,0
U4481,20,High,Standard,19.99,0,0,Stable,8.829890525056623,Movies,0.5278519782888925,0,1.1143485456698887,2.7192191843238773,2.2702638733737883,19.72586961506696,0
U4482,38,Mid,Premium,26.99,0,0,Stable,7.512334433722623,Series,0.2511484638622036,1,1.8149233477600029,5.992336191975732,2.67704356553153,14.74480022603548,0
U4483,24,Low,Ads,8.99,0,0,Stable,4.594703469727712,Series,0.7074431275219923,1,2.5133382135040594,5.484771960119389,1.8904703814254722,0.0,1
U4484,41,Mid,Ads,8.99,0,0,Declining,9.30531818072378,Series,0.43245395315751434,1,1.8750610644226886,3.6551453323755423,1.0,10.216510617725223,1
U4485,34,Mid,Ads,8.99,1,1,Declining,6.299077278983136,Movies,0.46326445283366813,0,0.7356072865302298,7.535753385506148,1.0,31.209693165367884,1
U4486,18,Low,Premium,26.99,0,1,Stable,8.554820231515373,Movies,0.32572819839676714,0,0.9314580451124712,6.561765392930103,2.1654510724097604,14.71919196226932,0
U4487,40,High,Standard,19.99,1,0,Declining,7.570057654695316,Series,0.3135293288222418,1,1.7319121006194944,6.5553160944175115,1.579642562899675,23.42259314388922,1
U4488,28,Low,Standard,19.99,0,1,Stable,3.7195688227484407,Series,0.8717237079687634,1,1.6964259844593514,6.467932809794224,1.0,12.432028030056252,1
U4489,45,Mid,Ads,8.99,1,0,Stable,5.177131722824235,Series,0.7553292619711287,1,2.351185318785163,7.679189132751545,1.4018777316501971,0.8775730477235797,0
U4490,35,Mid,Ads,8.99,0,0,Stable,8.646022713848545,Movies,0.4506350913997712,0,1.2027317021938944,5.189188692071524,1.0,26.974461046879256,1
U4491,39,Low,Ads,8.99,1,1,Stable,5.378523343957046,Series,0.471926051122427,0,1.5747963467528172,3.016887303328885,2.948396275511827,3.2601076886757934,1
U4492,23,High,Standard,19.99,0,0,Increasing,8.174959583234855,Movies,0.5122169226904931,0,1.3736149381906804,5.085559569220665,1.0,14.852955252598377,1
U4493,27,High,Ads,8.99,0,0,Stable,6.8445186943374,Movies,0.09334967568035146,1,1.5783669705335874,2.188752823902505,3.620399624883281,22.372310019518142,0
U4494,29,Mid,Ads,8.99,1,1,Stable,4.445189222740165,Series,0.15447077549853383,0,0.5,3.375885905246222,4.35971696781953,9.861016848570026,1
U4495,45,Low,Standard,19.99,1,1,Increasing,7.91754845359908,Series,0.28753482616155973,1,1.6663049192829258,8.738151561620615,1.4594133516427028,36.844361514831704,0
U4496,55,Low,Ads,8.99,0,0,Stable,8.829006434703665,Movies,0.165602392734717,0,1.6818832320033663,3.298831314473401,1.5862272050574786,41.66768962854487,0
U4497,25,Mid,Standard,19.99,1,0,Increasing,11.188361669453524,Series,0.4490326231818934,0,1.6705549379531854,3.15210111738055,3.1437617536774596,8.285315190635805,0
U4498,47,Low,Ads,8.99,1,1,Declining,7.226029323934936,Series,0.5130312862307821,1,2.8908065117121295,6.839244454374831,3.284008596108855,8.75638887189616,0
U4499,18,Mid,Premium,26.99,0,0,Increasing,12.029627621372388,Movies,0.2719133530760725,0,1.718969981473388,7.226423456114949,1.7075786135588136,12.737986318857988,1
U4500,20,High,Standard,19.99,0,0,Stable,7.811747851405168,Series,0.4700323435417936,0,1.843572772188907,2.1673784610166233,1.7602541175293975,31.83658023795499,0
U4501,23,Mid,Premium,26.99,0,0,Increasing,9.9800354949291,Movies,0.0,0,1.5031581920747954,5.997567711644581,1.7684036209182894,23.831203724466313,0
U4502,18,High,Standard,19.99,0,0,Increasing,9.759992280319853,Movies,0.3884246735221296,0,2.2014704921320285,4.403213994079046,1.348309630682808,27.011906416409843,1
U4503,18,Mid,Premium,26.99,1,0,Declining,3.7459056654920784,Movies,0.29706504930973293,0,1.4468252905317749,6.161154260077534,3.111498615726599,33.78391015166251,1
U4504,39,Mid,Premium,26.99,0,0,Stable,4.940110552558773,Series,0.46073128309052325,1,3.499558290671038,4.894653612021022,2.35542448886139,7.133288809793202,0
U4505,32,High,Standard,19.99,0,1,Stable,5.620805307760199,Movies,0.6296042582745388,0,0.9868057126421367,2.7687946035583324,1.4746586346792547,24.032879738758655,1
U4506,39,Mid,Premium,26.99,1,1,Declining,4.347941366885062,Series,0.5515669270889271,1,1.908836344421133,4.537285211912005,2.26461456068872,18.615796804630378,0
U4507,43,High,Ads,8.99,0,1,Stable,5.688348110514448,Series,0.611706346491235,1,2.184570469507977,6.75157528266962,1.8216769107768247,23.161145757820393,1
U4508,38,Low,Standard,19.99,1,1,Declining,5.827663476967831,Movies,0.5091700303566264,1,2.277512327711744,9.387409649374035,4.70349073136494,31.78971917643978,0
U4509,42,Low,Ads,8.99,1,1,Increasing,9.605685648192754,Series,0.30202783155450114,0,1.1393779895365799,6.279698966776336,1.9511987458273596,16.179528664567496,1
U4510,34,High,Standard,19.99,1,0,Declining,5.618646997440436,Series,0.5954779892664196,1,2.6238007267778665,4.718148189398287,2.940195915544753,9.639022000194668,0
U4511,20,Mid,Standard,19.99,1,0,Stable,7.702816131831559,Series,0.7585095708033254,1,2.2386076299910758,3.1407049699445913,2.634703067414411,5.3867824655452345,1
U4512,47,High,Standard,19.99,0,0,Declining,7.391327875569066,Movies,0.3317342194602175,0,0.9964123625243003,5.183096400843036,2.0493530892340193,39.050217922185006,1
U4513,27,High,Ads,8.99,0,1,Declining,4.9828542152257995,Movies,0.08933148266288166,1,2.0623830685600466,4.743113481541617,2.6402613731610485,17.49571375248716,1
U4514,23,Low,Standard,19.99,0,1,Stable,9.016738867669222,Series,0.5035049110109452,1,3.0305739050500624,6.111558144427076,2.4104902636477004,1.585804883397394,1
U4515,32,Mid,Ads,8.99,0,0,Stable,8.033170715958335,Movies,0.38779732914872955,0,1.4585829222416875,5.380749831160087,4.686772339262802,34.595895701155726,0
U4516,24,Mid,Standard,19.99,1,1,Declining,7.259267073270172,Movies,0.0,1,1.2942338650546048,6.45915941757591,2.1029086034455644,0.0,0
U4517,29,Mid,Ads,8.99,0,0,Increasing,13.843889503159716,Series,0.32946780097975115,1,3.206374651601697,4.780589265052376,1.0,0.0,0
U4518,39,Mid,Premium,26.99,1,0,Declining,6.153299159958141,Movies,0.7447073791870219,0,1.5167543048554597,8.918234195122695,4.389040792578417,14.20813000345692,1
U4519,39,Low,Ads,8.99,1,1,Stable,7.207536499343997,Series,0.6969180455369824,0,1.6195653954204048,6.667643765402956,1.6903587595408767,11.437919487214334,0
U4520,24,Mid,Ads,8.99,0,0,Stable,7.194615634886616,Series,0.8966941121432561,1,2.857442860666435,4.086611117359005,2.286466058912614,21.743189361924554,0
U4521,29,Mid,Premium,26.99,0,0,Stable,6.059667840876323,Series,0.7732635403015765,0,1.7903660559958932,7.502221367728749,1.6562232300543973,0.0,1
U4522,47,Low,Standard,19.99,0,1,Declining,3.9924557068478874,Series,0.678796728634826,0,0.8404432043987411,3.187978932295476,1.6010838108896084,21.912882330115128,0
U4523,40,High,Ads,8.99,1,0,Stable,8.804234326623071,Series,0.5381841522112987,1,1.6578711273457545,3.790638953759796,1.081338127191892,33.34090030372002,1
U4524,59,Mid,Standard,19.99,1,0,Stable,5.072659415104889,Series,0.6762427748769634,0,2.4982005948620842,3.8980267093907477,1.0,6.21703971086238,0
U4525,49,High,Ads,8.99,0,0,Declining,8.229545271124453,Series,0.8899928381724711,1,1.8811533505128581,8.156758655077105,1.4825095930057541,13.459613456848786,0
U4526,48,Low,Premium,26.99,0,1,Declining,4.696553494191961,Movies,0.5151077846334859,1,2.527192082062818,5.142496362453842,2.714248354370682,8.38137154848003,0
U4527,18,Low,Standard,19.99,0,0,Declining,10.724155786245628,Series,0.6333620609693559,1,3.2788789800757443,4.2426277878846195,1.0,21.844593124756173,1
U4528,44,Mid,Ads,8.99,1,1,Declining,3.6137691463407657,Series,0.5655305861600712,0,1.0782470212259903,5.828207722063004,2.705343508502019,5.094433266922092,0
U4529,34,Low,Standard,19.99,0,1,Declining,5.500377839960669,Series,0.6996647174941727,0,1.119938779834675,6.5841361933673195,4.519747341657209,3.590445378945226,1
U4530,28,High,Ads,8.99,0,0,Declining,4.2963014595031614,Series,0.4935914785418858,0,1.7632320433238966,8.678362784350314,2.486795705518286,16.18672508431845,0
U4531,37,Low,Standard,19.99,1,1,Stable,5.413831816913456,Movies,0.4496948820828904,1,2.427724323346091,2.5060164534474803,1.0,22.04438131170985,0
U4532,46,Mid,Premium,26.99,1,0,Stable,9.127600701757437,Movies,0.2104089018007901,0,1.547556227382956,8.026625572247067,2.602513138895576,19.80586337196126,0
U4533,41,Mid,Premium,26.99,1,1,Stable,4.788891611204388,Movies,0.2792158225029152,0,1.259786711842695,1.3653100196076373,3.157611426595314,12.724846072581572,1
U4534,24,Mid,Ads,8.99,0,1,Declining,3.6478509860515307,Movies,0.1444589067566999,0,1.0368169284754531,7.312572452747188,3.504229824431955,26.019953007343275,1
U4535,43,Low,Ads,8.99,1,1,Stable,8.17263941782982,Movies,0.26204739118113435,0,1.1335294444489747,7.826563864010808,2.3876992120462655,20.764382645166005,0
U4536,27,Mid,Ads,8.99,0,0,Stable,8.489921621898809,Series,0.46325446830275085,0,1.8969879570439971,7.9301392905364345,2.8044391547958445,3.96965638709079,1
U4537,37,Mid,Standard,19.99,0,1,Stable,4.216229157544959,Series,0.9383830782218214,0,1.1521906054567839,6.637676034928929,3.050209128611673,0.0,1
U4538,31,Low,Standard,19.99,0,0,Stable,8.163353770430748,Movies,0.1711008485544423,0,1.5143618361936204,3.3697943444966247,2.802267422880988,24.259511571362413,1
U4539,32,High,Standard,19.99,0,0,Stable,7.257799826832678,Series,0.6769670591215781,1,1.7187197584473348,6.994158955309973,2.518349575195502,14.92108465387831,1
U4540,44,Low,Premium,26.99,0,1,Declining,3.1645532842769404,Movies,0.1606235361292835,1,3.524167485749092,3.3649878093891377,1.561148881490915,4.680619970540736,0
U4541,22,Mid,Ads,8.99,1,0,Stable,5.422236929328892,Series,0.6093792073352232,1,2.4913248862128228,3.622604442590851,3.154421483727226,37.50435505201705,1
U4542,58,Mid,Ads,8.99,0,0,Declining,0.9330971441031979,Series,0.6579830803908778,0,1.469806031811685,4.58746946150664,1.6641758263347892,37.37844687896788,1
U4543,18,Low,Ads,8.99,1,1,Increasing,14.152333283392734,Series,0.22977926521525982,1,2.8557672361498323,4.767697924084988,4.802480595093659,33.282717449227036,1
U4544,27,High,Ads,8.99,0,0,Stable,9.030840829954014,Movies,0.07045970233555954,0,1.0595521139157238,5.98140645006444,1.5601775069188326,20.714245415279553,1
U4545,39,Mid,Ads,8.99,0,0,Stable,4.421709979643563,Series,0.4090653617524034,0,1.896874063295127,4.10919898175511,3.002581509866936,0.0,0
U4546,42,Low,Standard,19.99,1,0,Increasing,11.396723018375386,Series,0.33935262519029274,1,1.3902169894664755,6.159391090632819,1.0,32.10320112690476,0
U4547,33,Mid,Ads,8.99,1,0,Stable,5.851955312100667,Series,0.6168170403891033,1,1.9313477229059197,2.755362548631989,1.7232661303099317,6.953351925773553,0
U4548,34,Mid,Ads,8.99,0,0,Stable,8.8296210726994,Series,0.6485160417509731,0,0.8993861254218636,5.577627045272019,1.610780905773316,11.290095886528126,0
U4549,39,Mid,Standard,19.99,1,1,Declining,4.007852861681835,Movies,0.137385608926493,0,0.5,4.955085483522036,1.0,28.79063065044122,0
U4550,32,Mid,Ads,8.99,0,0,Stable,6.273291809784084,Movies,0.3748396873865109,0,1.0356574739288713,7.5276582510999805,1.6255909978231142,42.38176751904476,0
U4551,51,Low,Standard,19.99,1,1,Increasing,8.134958196727005,Movies,0.26518427724572363,1,2.2688290274910217,7.728943331781647,2.5603758235471537,36.49295811561102,1
U4552,45,Low,Ads,8.99,0,1,Increasing,7.027933975016061,Series,0.5801047932862227,0,0.7550407405292101,5.160082311017382,1.9525945329099117,20.071915010467674,1
U4553,45,High,Standard,19.99,1,1,Stable,9.79854275046661,Series,0.47431534207881665,1,1.5594060762235111,1.58102642221837,3.392967369994677,26.86744600361449,0
U4554,23,Low,Premium,26.99,0,1,Stable,8.797053986162958,Movies,0.4475313464924292,0,1.3205375904477086,2.551456038005135,1.2685867533899735,4.731302714125926,1
U4555,34,High,Ads,8.99,1,0,Stable,7.219897076666558,Movies,0.6769858513875355,0,1.2600042435529346,7.747488360866209,2.8973235588469435,0.0,0
U4556,31,Low,Standard,19.99,1,1,Stable,9.04913632797162,Series,0.7548668431237157,1,2.140553363001002,5.213286612715517,1.6074251101516759,30.959676354283314,1
U4557,22,High,Premium,26.99,0,0,Stable,3.7458565695090815,Series,0.8786781697358235,1,1.540320953426029,8.998309325435736,3.3291771698731827,21.871069270439886,0
U4558,39,Mid,Standard,19.99,1,0,Stable,4.543082442897935,Movies,0.06943504337874157,0,1.1027315160956572,7.293385901216956,2.983368739817752,0.6202029457928617,0
U4559,28,Mid,Ads,8.99,0,0,Stable,7.949109524715925,Movies,0.21485817954537154,0,0.9668628155035905,6.010342454181117,3.213003740290157,17.42402317198113,0
U4560,42,Low,Standard,19.99,0,0,Increasing,11.206609667423667,Series,0.7130471665596031,1,2.3515271226549515,5.757099524015722,2.038632250798555,25.403377678149724,0
U4561,22,Low,Standard,19.99,1,1,Stable,7.558815092511503,Movies,0.6516588349766885,0,1.0205838536650906,3.2022190683604017,3.5293569447486894,28.88141854204129,1
U4562,55,Low,Premium,26.99,0,0,Declining,1.2346106498433627,Series,0.7300880853813148,1,2.2767476324729774,4.2373720938235175,1.0,25.538047707618013,1
U4563,24,Low,Ads,8.99,0,1,Declining,2.8753309513245044,Series,0.39475518292522727,1,1.513509434715199,6.332553578261966,2.6462861887515077,13.64182755460847,1
U4564,37,Low,Ads,8.99,0,1,Increasing,10.249775599512505,Series,0.5130685330362239,1,1.4618918905612586,4.809828481216477,2.3382245626100606,7.820015507136386,1
U4565,44,Mid,Ads,8.99,1,1,Increasing,16.279416867723803,Series,0.6666808873176282,0,1.5787699990033064,6.436560852049135,3.033987167809524,19.40544641053513,0
U4566,28,Mid,Ads,8.99,0,0,Stable,9.435825330116856,Movies,0.3170680956738505,0,1.6826762081439242,7.558476749226937,2.124263034149949,27.625690548286396,1
U4567,45,Mid,Ads,8.99,0,1,Stable,10.154608596941545,Series,0.4402455084563258,1,2.0643655221045396,5.140687176915865,1.2159501160485053,28.862979098164054,0
U4568,20,Mid,Ads,8.99,1,1,Increasing,10.019176266570897,Series,0.5419491113311139,1,2.3165816766246423,4.636912253270948,1.108153322031092,36.963899889163514,1
U4569,52,Mid,Ads,8.99,1,0,Increasing,9.997472942368132,Movies,0.34711279624808417,0,1.0751434022921365,3.7073847082035503,2.1881904309723703,18.420051661014394,0
U4570,35,Mid,Ads,8.99,1,1,Stable,4.9330290654878475,Movies,0.1330157389044842,0,1.84861286655985,7.169771953347725,1.9398835777527654,4.676617612898527,1
U4571,27,Mid,Premium,26.99,1,0,Declining,6.9036441061032345,Series,0.796901814507347,1,2.17813941963115,7.00700057304385,3.056924722258671,31.037979361170994,1
U4572,31,Mid,Ads,8.99,1,0,Stable,6.853636594917995,Series,0.5120770354881921,1,2.0006746082781524,9.874158166185072,3.153842269572927,18.99567803079908,0
U4573,44,High,Ads,8.99,0,0,Declining,6.385464750927438,Movies,0.3354847547378411,1,2.87977931184187,5.853719182550422,2.2478270783760674,2.6076053230489062,0
U4574,27,Low,Ads,8.99,0,1,Increasing,9.092059058642805,Movies,0.5570105407447974,0,0.912959846655562,5.3067235013181016,2.2256675300265534,25.484621152239253,0
U4575,26,Low,Premium,26.99,1,0,Declining,5.558236849501479,Series,0.5750002667788089,0,1.378308168253299,6.434651432225407,3.2646123744874664,34.94248864685488,1
U4576,32,Mid,Standard,19.99,1,1,Stable,6.824543767402756,Movies,0.5460717656883178,0,0.7757650053275723,4.924089944642434,1.9550600023116222,22.59632593739181,1
U4577,20,Low,Standard,19.99,1,1,Stable,7.449249395645786,Series,0.3941598278166547,0,1.6322748099707176,3.729368676542955,1.9958485574522615,35.08890228990083,1
U4578,56,High,Ads,8.99,0,0,Stable,9.00015311509046,Series,0.6865911829232566,1,2.7892513157266947,5.677560784431533,1.0,12.185806042471953,0
U4579,28,High,Premium,26.99,0,1,Stable,4.467540941861552,Series,0.7678644711427908,1,1.5267837210049993,6.415623281183447,3.078566682460342,9.26951794338039,1
U4580,44,Low,Standard,19.99,1,0,Declining,2.01415514736978,Series,0.43402640030419015,1,1.4332149248163746,6.548184642792271,2.110186653063674,28.254281141515182,1
U4581,37,Low,Ads,8.99,1,1,Stable,7.851729155277798,Series,0.5643260815267189,0,1.444270851756858,6.388133053548838,3.3368543019383834,13.766963663705912,1
U4582,23,Mid,Standard,19.99,1,1,Stable,9.881148595815233,Series,0.5684648830738839,1,3.4644913935371937,7.627777883582153,1.0,32.46244499246166,1
U4583,34,Mid,Premium,26.99,0,1,Stable,10.385489233602163,Movies,0.3919278434299413,0,1.7419855361969065,6.54103959331737,1.7085861820502046,20.049193737035708,0
U4584,44,Low,Standard,19.99,0,1,Increasing,5.326769346869785,Series,0.6949603234679537,0,1.193832599707194,6.041201146528973,3.146075106325476,32.62450535779183,0
U4585,32,Mid,Premium,26.99,1,1,Stable,6.194252329195253,Series,0.4177587602755378,1,1.7874192355144984,2.9688279186704123,2.5261901583033572,25.57523712926672,0
U4586,49,Mid,Premium,26.99,1,0,Stable,4.041569491110181,Series,0.5879890283397364,1,1.5703270642839509,5.9917573517814615,1.0168702466078217,7.199343575183105,1
U4587,47,Low,Ads,8.99,0,1,Stable,5.89877674722576,Series,0.9182636347149159,1,2.7302446151686484,5.158298724520345,3.12255920574077,0.0,1
U4588,46,Low,Standard,19.99,0,1,Stable,9.245696190098723,Series,0.8107753583249608,1,2.8536644712146204,3.256771368028702,1.0,27.383259785537614,0
U4589,29,Mid,Ads,8.99,1,0,Stable,6.974216432883201,Movies,0.5087687690487673,1,1.9213043628847601,6.501739986595929,3.0279603107569346,24.781805190583732,0
U4590,22,Low,Premium,26.99,1,1,Stable,6.252251840752424,Series,0.5614440804130736,1,2.1519630933738285,6.536394353377007,1.220349540823812,5.7844221383780425,0
U4591,27,High,Ads,8.99,0,0,Increasing,10.63525726923363,Movies,0.7757661649454246,0,1.3234781690573516,6.350807293462971,3.411475522952091,27.582937016108026,0
U4592,37,Mid,Premium,26.99,0,0,Stable,5.409895820381058,Series,0.8059628377012521,1,3.3877078753168974,6.611189905518865,2.312890425471723,34.6873280314595,0
U4593,41,Mid,Ads,8.99,0,0,Stable,10.185956729763715,Movies,0.35748377358588646,0,1.3325765792715472,5.747827297599636,2.5440511710949214,9.512188794105853,1
U4594,18,High,Standard,19.99,0,1,Stable,7.014569944482947,Movies,0.39408214311814027,0,0.8095240725389787,5.006544463302655,2.1189574514018665,0.0,1
U4595,34,High,Ads,8.99,1,1,Stable,6.196411514080202,Series,0.5082300690521917,1,1.6060146176206174,9.040085553213686,2.2876755343506265,29.647450058347644,1
U4596,36,Mid,Ads,8.99,0,0,Stable,8.173698469591223,Series,0.6786743382316611,0,0.8443878633984957,5.79647071257964,2.2829605348929283,33.26906245329228,0
U4597,31,Low,Premium,26.99,1,1,Increasing,11.817858480633138,Series,0.7186150067453827,1,3.058413205578539,1.0,2.905661123368551,9.193376246025581,1
U4598,50,Mid,Ads,8.99,1,0,Declining,8.191950480298518,Movies,0.4905216169094194,0,1.5565701995394787,1.0,2.137031725649857,27.288050408966413,1
U4599,40,Mid,Standard,19.99,0,0,Stable,6.580062187483671,Series,0.5638632215619104,0,1.1272531733308195,7.909887456827926,3.6623084183233696,21.979400785163428,0
U4600,50,Low,Ads,8.99,0,1,Stable,9.172113045387434,Series,0.30526013247446565,1,0.5448220182812926,1.8320086699179017,1.4638619231273076,16.68559581198773,1
U4601,32,High,Standard,19.99,0,0,Declining,5.202423223799994,Series,0.6483576692359649,1,1.788420717005076,4.411327587727579,3.060659208717495,24.966773104945588,0
U4602,46,Low,Ads,8.99,0,0,Increasing,7.165859937078915,Series,0.7413587011861212,1,2.506381656264957,3.0683913064781616,2.7641753051990143,11.975278815129155,1
U4603,54,Low,Ads,8.99,0,1,Declining,3.446376941991531,Series,0.4042893319289603,1,2.5113005687019854,4.894854786426169,3.433400408307044,4.783910190877389,0
U4604,50,Low,Premium,26.99,1,1,Declining,2.8060331127339917,Movies,0.3318334844009254,1,2.5060754441027737,6.272219916344625,2.3209215639466567,22.870080745634617,1
U4605,21,Mid,Standard,19.99,1,1,Increasing,6.774918003332658,Series,0.8682931650480785,1,1.491617126503384,4.170686731637984,2.529424212923829,21.217495359123347,1
U4606,31,Mid,Ads,8.99,1,1,Declining,7.2314132435201675,Series,0.359304988385991,0,1.3885006952792773,3.8687838983916047,2.5180952400713745,0.0,0
U4607,30,Low,Standard,19.99,1,0,Stable,8.413419203572074,Series,0.5432531300423071,0,0.8120447534720083,6.958562032237637,1.0,3.8261782200995764,0
U4608,40,Low,Ads,8.99,1,0,Increasing,5.276365032174151,Movies,0.6474278295876699,1,2.301134616501318,10.0,2.593826819629478,9.933581313399333,0
U4609,43,Low,Ads,8.99,1,0,Stable,3.507218159570129,Series,0.631543070822754,1,1.8393354302234093,6.580850307710005,5.0,24.299076679995984,0
U4610,24,Mid,Standard,19.99,0,1,Stable,4.775413688407179,Series,0.49479763435195206,1,2.9422591619996727,3.671953409362618,3.8091709136297567,0.0,0
U4611,35,Low,Ads,8.99,1,0,Declining,3.446527583505703,Movies,0.3485936813779185,0,1.4687234819954587,7.242276370123559,1.4201161953612707,14.164500241932176,1
U4612,18,High,Standard,19.99,0,1,Declining,4.393468578845983,Movies,0.5151834264556562,0,1.228383658051603,8.98827678666108,1.0,41.25201370618508,1
U4613,52,Low,Standard,19.99,0,1,Stable,9.345727046017428,Series,0.5592988929632486,1,3.1282265977744563,7.626685970602079,2.252184151355366,18.80153961986533,0
U4614,28,High,Standard,19.99,0,0,Declining,3.9045662822006664,Series,0.719516422987815,0,1.1137537436907419,2.4125757220977384,3.283327843149272,19.549084791692426,0
U4615,35,Low,Premium,26.99,1,0,Stable,10.360999920354548,Series,0.646998031735149,1,1.4509562007717283,6.556896506271357,2.1613519925368108,17.267923980789018,1
U4616,31,Mid,Ads,8.99,1,1,Stable,3.6396002153572646,Series,0.6634156820697279,1,2.9335241213586016,4.581922907378237,4.089196581109872,29.784650942552158,1
U4617,48,Low,Ads,8.99,1,1,Stable,6.302734958475387,Series,0.7323083022016266,1,2.4513259152090896,5.6050320406991805,1.419751755245103,18.500818632381794,1
U4618,18,Low,Ads,8.99,1,1,Declining,6.571097338272803,Series,0.5410343834053414,1,2.108793691188062,4.751702772702688,2.424972627260448,15.361200488334344,1
U4619,34,High,Ads,8.99,0,0,Stable,8.694410504732867,Movies,0.1610978494255426,0,0.9781273582823327,6.985498061721518,2.091375212983251,19.82630038946335,1
U4620,33,High,Premium,26.99,1,1,Stable,6.328572087223215,Movies,0.44487912108942096,0,1.555391771587085,4.794102212159495,2.9314139985977934,33.9090265620112,0
U4621,29,Mid,Standard,19.99,1,1,Declining,7.003506867568394,Series,0.5735191774446461,1,2.7881810266024996,8.335664185470902,2.9999198246986554,22.82472332406472,0
U4622,55,Mid,Standard,19.99,1,1,Stable,8.624392885013766,Series,0.5103777548173232,0,0.9166425406070625,5.494059100570925,3.3886348824592014,18.68973441055438,1
U4623,24,Mid,Standard,19.99,0,1,Stable,5.635770681374979,Series,0.7052770578616094,1,2.639204122214996,5.053043354396589,2.076065839888681,32.13114960911655,0
U4624,44,High,Ads,8.99,0,0,Increasing,9.944785405333267,Series,0.8554694162387393,0,1.4253030505841868,6.643548486266965,3.4577922875431955,11.733901495280804,0
U4625,39,Low,Standard,19.99,1,0,Increasing,11.110839852230535,Series,0.569084323396243,0,0.8852902779869305,6.214419803509291,2.5449822808298688,0.0,0
U4626,50,Mid,Standard,19.99,0,1,Stable,5.7789304648543505,Movies,0.35168990771162195,0,1.3019292150158652,6.700835432403003,3.559719741426976,23.37287178922719,1
U4627,26,Mid,Standard,19.99,1,1,Stable,10.388650900538327,Series,0.3636465561747242,1,1.9720084515839356,5.2335265831528845,3.6996458939031314,23.232983889465316,0
U4628,26,Mid,Ads,8.99,0,0,Declining,3.3292761067647145,Series,0.5554610783176257,1,3.044202922646965,8.168992228437236,2.2183061428139386,10.533308260024631,1
U4629,48,High,Standard,19.99,1,1,Declining,5.288185766589025,Series,0.6442580893701699,1,1.9106496363201946,7.480528073856034,1.5260986653235482,14.772497180878075,0
U4630,40,Low,Standard,19.99,0,0,Increasing,5.250668050741476,Series,0.5959111802624525,0,2.0544368980647656,5.475450199442275,2.403681528938775,33.095415096981995,0
U4631,18,Low,Standard,19.99,1,1,Declining,5.20672039732512,Series,0.5275688334291795,0,1.3657057153311811,7.145354314458024,3.1906439873956147,23.44722874981765,0
U4632,28,Mid,Standard,19.99,0,0,Stable,4.865853567858355,Movies,0.49516833402671334,0,0.5,4.973989888471845,1.0,35.6959751170189,1
U4633,39,Mid,Standard,19.99,1,1,Declining,4.411741717341474,Movies,0.36160153571565795,1,0.9961288369112757,6.640534531791309,1.705165379628149,21.22270478388469,1
U4634,45,Low,Standard,19.99,0,0,Declining,1.8268048773578065,Movies,0.86776062367633,0,1.1956964281545484,7.150635154380007,2.882595699778109,16.156001329617645,1
U4635,26,Mid,Premium,26.99,1,1,Stable,8.599626800651443,Series,0.6415438529712207,1,3.100175712265003,5.999432991347944,1.0,26.49355413112157,1
U4636,18,High,Ads,8.99,1,0,Declining,5.712560099483215,Movies,0.0,0,1.9153099222191554,3.859739084864227,1.165838185084452,22.417488053160948,0
U4637,41,Low,Premium,26.99,0,1,Stable,9.174821107273399,Movies,0.12759367825297116,0,1.3831565392967944,3.1131268246813573,1.5869730697151094,23.26513878944038,0
U4638,20,Mid,Standard,19.99,1,1,Declining,4.304389670720328,Series,0.7064238558539406,1,1.8577588584408478,6.086987921377151,2.116512049694063,15.236498905488524,1
U4639,18,Mid,Standard,19.99,0,0,Stable,9.267694733761996,Series,0.47133804001177393,1,2.049620753720386,4.052266082853618,1.87818988361085,11.136287442218912,0
U4640,18,Mid,Premium,26.99,0,1,Stable,7.078559290789672,Movies,0.23375394643409098,0,1.4036749719399633,7.608649615347525,1.8971025752536486,11.587799940944995,0
U4641,44,High,Standard,19.99,0,0,Stable,7.226334918857473,Series,0.3521540312094543,1,2.952383890178475,2.4824713554141513,1.0,24.23922309944586,0
U4642,36,Mid,Premium,26.99,1,0,Stable,11.228106650703877,Series,0.5046535058699342,0,1.5845998883318693,8.134479457222227,3.9697646409090144,25.79383098856657,0
U4643,32,Mid,Ads,8.99,0,0,Declining,4.030648070122792,Series,0.6387855511748569,1,2.880970739718393,5.601932008357112,1.5921259776293897,0.0,1
U4644,51,Mid,Ads,8.99,0,0,Stable,9.4549180623097,Series,0.677167142877584,1,2.686204794315224,3.791445277583403,1.0,9.206518601160125,0
U4645,42,Mid,Standard,19.99,1,1,Stable,7.959369881095227,Movies,0.14602086970044548,0,1.7694424534736655,4.597312758616955,3.3352523591911485,0.0,1
U4646,54,Mid,Premium,26.99,1,1,Increasing,7.284285323263551,Movies,0.511081222663297,0,0.5,5.0928479848217485,1.424913369929961,12.020350072064637,1
U4647,18,High,Premium,26.99,0,0,Declining,2.368618219073054,Movies,0.11172618203901546,1,1.7644653192769162,6.466052161072308,1.0,10.760484300262819,0
U4648,34,Mid,Standard,19.99,1,0,Declining,2.9338298990890195,Movies,0.43759122179824955,0,0.7475936060154039,3.0494995730080876,2.878007254904349,19.77749267968181,0
U4649,18,Low,Standard,19.99,1,0,Declining,7.261349595709023,Series,0.6674093549273397,1,1.580085935743199,3.581814187244614,1.6811473269639898,20.231080727996034,1
U4650,32,Low,Ads,8.99,0,0,Declining,8.468799053673914,Movies,0.16312836299310243,1,2.303342116312416,4.851479723172337,2.368486495654203,43.56454249244487,1
U4651,32,Low,Premium,26.99,1,1,Declining,5.182879806420452,Series,0.38933689478320854,1,1.4316323541677543,5.438544488315834,1.566442677964381,22.474467405936597,1
U4652,42,Low,Ads,8.99,0,1,Stable,7.287763525242246,Series,0.6764580881209763,1,1.7337402306799015,6.93298897578515,1.7370673324537422,25.662322791244517,1
U4653,35,High,Standard,19.99,1,0,Stable,8.552906866312973,Movies,0.23802349627946182,1,2.240776691111391,6.038466129990023,1.207424706381887,0.9371803796246816,0
U4654,42,Mid,Standard,19.99,0,0,Increasing,9.219906088059554,Movies,0.3119001309380209,0,0.5,4.7210330780472685,1.0,13.982479934145251,1
U4655,43,Mid,Standard,19.99,1,0,Declining,7.199400075940645,Movies,0.48746716358295816,1,2.008299138549889,5.972900626995273,5.0,5.000209661051674,1
U4656,60,Mid,Standard,19.99,0,0,Increasing,9.874866751989554,Movies,0.4458274322461955,1,2.683305813652528,5.830967923716724,1.3720134019981727,25.182681489439666,1
U4657,31,High,Premium,26.99,1,1,Increasing,9.406623940957328,Series,0.4168110969810857,1,1.5647494926564884,4.996538941018302,1.0,18.625660155249882,0
U4658,23,Mid,Standard,19.99,0,1,Increasing,6.902361457517645,Series,0.5892841619406347,1,2.7777792567330075,5.732524731526734,3.330458831521148,13.90137046225152,0
U4659,37,High,Premium,26.99,0,0,Increasing,6.164198761580153,Series,0.4130569596214324,1,1.8162958361710255,1.1969306330116103,2.4665166465542057,29.477327210081476,0
U4660,25,Mid,Ads,8.99,0,0,Stable,0.6818239729095144,Series,0.7739877899912673,0,1.4358246183626453,7.366969760303063,2.2174125536299325,14.7685117405412,1
U4661,52,High,Standard,19.99,1,0,Stable,9.468233599883742,Movies,0.6573033728563401,1,1.6362780145611835,6.595900382193184,1.7120848702278015,34.007583254081744,0
U4662,31,Mid,Standard,19.99,0,0,Stable,6.706785889555349,Series,0.43098093696132134,0,1.5266798639023633,8.495964351739936,1.7934758530584565,33.84777470755529,0
U4663,28,Low,Standard,19.99,0,0,Stable,6.199205310528438,Series,0.5937665792067273,1,2.117850329569963,3.878100637531327,1.9026169128693962,10.372173973553892,0
U4664,29,Mid,Premium,26.99,0,0,Increasing,3.1448781108437,Movies,0.5334922022662218,1,2.5797181728233443,6.642999935001906,3.336536520400151,31.361879041929633,0
U4665,43,Mid,Ads,8.99,1,1,Stable,5.719774468455296,Series,0.6048422016656602,0,1.0274001606529328,1.6900335058461127,1.9516352547945046,19.352251842554058,0
U4666,33,Low,Ads,8.99,0,1,Declining,3.456627083434209,Movies,0.46230105747608524,0,1.578031011807409,1.968738080578436,3.343972200633164,13.271403789123076,1
U4667,27,Mid,Standard,19.99,1,1,Stable,5.4104538255384504,Series,0.6103212663021886,1,2.8081398327885,5.026104198141801,2.146334083548827,22.737786956338205,0
U4668,54,Low,Ads,8.99,0,1,Stable,7.665672286305256,Series,0.38863925842257807,0,1.3598625143279093,4.34266663274666,1.9948546036018568,0.0,0
U4669,24,Low,Premium,26.99,0,1,Increasing,9.36674565958801,Series,0.6237850034355743,0,1.0602291299247073,7.59467955313041,1.1786616250497317,11.545072903576433,1
U4670,35,High,Ads,8.99,0,0,Declining,2.2774081327605895,Series,0.8254567278466102,1,2.159783133185468,7.856687987505583,4.344726509762825,23.013453759782767,0
U4671,42,Mid,Standard,19.99,1,1,Stable,4.404317800185335,Series,0.6628584139615159,1,1.5414411351301467,8.067263587006623,2.2149780156595944,14.468105597610286,1
U4672,18,High,Ads,8.99,0,0,Declining,2.400642895339268,Series,0.9247348567578388,1,2.4217510752846474,6.6957821982375,2.1987779607228557,30.937631161810344,1
U4673,40,Mid,Standard,19.99,0,0,Increasing,14.431578262701532,Series,0.24569922819571455,0,1.611481637535511,6.782018954056569,4.05886878435269,13.223189581121622,0
U4674,22,Mid,Standard,19.99,0,0,Declining,7.98544525738326,Movies,0.42580948992804124,1,3.23976142669742,2.9366032993679188,2.616506124412398,19.457683036867106,1
U4675,44,Mid,Ads,8.99,1,1,Increasing,6.443103002701207,Series,0.47039840296336427,0,1.9541552822302646,8.299403795737481,2.727222047575585,16.556344440091898,0
U4676,23,Mid,Ads,8.99,0,1,Declining,1.0468113600085385,Series,0.42487376777484553,1,1.7136077929299562,8.003784272240758,2.2597305031827712,0.0,0
U4677,43,High,Standard,19.99,1,1,Declining,5.25608848602504,Series,0.8668837217143457,0,1.4060537362630405,2.740118962303286,1.4259018036415934,22.708560210246084,1
U4678,48,Low,Premium,26.99,0,1,Declining,5.093880232475343,Movies,0.29899900446212413,0,1.2335068248718122,6.4360941694169735,3.4167597673338124,21.805930045477364,1
U4679,45,High,Ads,8.99,0,0,Stable,7.633833973976796,Movies,0.27969094773333975,1,3.0307977335347296,4.4065721823488975,1.0,0.0,0
U4680,38,High,Standard,19.99,0,0,Stable,8.482747784954666,Movies,0.4187151770237768,0,0.9454136697206241,9.19923047825779,1.2232594568228634,0.0,1
U4681,32,Mid,Premium,26.99,1,1,Declining,5.903407906791884,Movies,0.0,1,2.8268485826757352,3.5499753772060747,1.4229531751138118,12.55805701656767,1
U4682,28,High,Standard,19.99,1,0,Stable,4.767120936999493,Movies,0.6209731879767337,0,0.8064838171876076,5.6851829730542525,2.451258542004623,32.76715284042861,0
U4683,52,Mid,Premium,26.99,0,0,Declining,5.588082174328036,Movies,0.7308860628228271,1,2.2364112476621094,5.871938248945478,2.184162451884916,50.62006329304584,1
U4684,26,High,Premium,26.99,1,1,Increasing,11.561470726006963,Movies,0.5330226890044464,0,0.8577443395027791,5.393290013560965,1.0,0.0,0
U4685,22,Mid,Standard,19.99,0,0,Declining,3.551996553993254,Movies,0.43239794811427945,0,0.5,9.796711511465917,4.517398501353151,37.507209345946265,0
U4686,42,Low,Standard,19.99,1,1,Stable,7.599912937511717,Series,0.5566849145717068,1,1.7573496625506706,8.882106266476075,2.959833876941616,31.938390382678406,1
U4687,25,High,Ads,8.99,0,0,Stable,5.894438565064384,Series,0.38495753624356355,1,2.1454925596210357,2.2247947308158147,1.7090207593129163,10.999837322632084,1
U4688,23,Mid,Standard,19.99,0,0,Increasing,14.98850916282369,Series,0.8388127631465527,1,3.155701583819978,6.474248170132518,2.633334569350879,40.598229523619054,0
U4689,18,Mid,Premium,26.99,1,1,Increasing,5.0195185833989395,Series,0.7832683246537743,1,1.6475889753459443,5.477299973407817,2.6469875108713956,23.59848002338348,0
U4690,29,Mid,Standard,19.99,1,1,Increasing,12.467846809585804,Movies,0.44002325098347705,0,0.997135009528319,7.168583964387375,1.8698615791547701,15.270367864649383,0
U4691,34,Low,Standard,19.99,0,1,Declining,1.6583744771494615,Series,0.6667257778896684,0,0.5798254425086132,5.925792055163692,2.593861916505799,0.0,0
U4692,37,Mid,Standard,19.99,0,0,Increasing,14.379158055649823,Series,0.6601184827730613,0,1.8776395516613937,3.8747852463616876,2.6056056075689535,19.225010935574552,1
U4693,46,High,Ads,8.99,0,0,Stable,4.716901865151181,Movies,0.24481265604213426,0,1.0697689647261117,3.4250111860370605,3.2914195464734046,18.496891956565975,1
U4694,41,Low,Premium,26.99,1,0,Increasing,9.569014631968008,Movies,0.8502337655863623,0,1.1308166654956344,4.696186807590482,2.269060754366244,44.86564747433336,0
U4695,32,Low,Standard,19.99,0,0,Stable,3.7416136266063904,Series,0.5428752918955361,1,2.09135926166007,5.258923357079262,2.5216364682033032,6.649668879224816,1
U4696,32,Low,Ads,8.99,1,0,Increasing,4.950056648934868,Movies,0.2646591613043122,0,0.5,5.887815442894004,1.9911329051222184,7.366877150462541,0
U4697,41,Mid,Premium,26.99,0,0,Stable,8.795494095249243,Series,0.8241212624090299,0,0.5666971821693089,4.35888751246884,1.766579155583881,11.871987951609746,0
U4698,50,Mid,Standard,19.99,0,0,Stable,9.056324622938943,Series,0.5941588455151304,1,1.7289306724311904,8.91194758809135,1.4304885508321972,49.874411091912336,1
U4699,36,Mid,Standard,19.99,0,0,Stable,7.478717864735294,Movies,0.3462010969494319,0,1.6080083596072308,6.570509036551257,1.3959575695692656,4.194012428589117,1
U4700,29,High,Standard,19.99,0,1,Stable,8.482163330980482,Movies,0.6329138744159608,0,0.5,7.2479145585334805,1.735153639851041,33.69728250733257,1
U4701,23,Mid,Standard,19.99,0,0,Stable,9.089757485307945,Series,0.7357230491100752,0,1.5706533662316813,5.222539153877772,1.9641356792604823,0.0,0
U4702,18,Low,Premium,26.99,0,1,Stable,5.631646272401372,Movies,0.49588370935485854,1,2.505859062240609,3.4249466850586994,3.205891922726786,23.179820855552215,0
U4703,42,High,Standard,19.99,1,1,Stable,4.202077131366371,Series,0.31645790116145633,1,1.211066231277552,7.2666816139150985,1.8207105389785772,19.178567263677653,1
U4704,41,Mid,Standard,19.99,0,0,Stable,6.972593227594411,Movies,0.4301080357218093,1,2.109816735348246,3.513071175806507,1.8673892114412194,9.60321789628467,1
U4705,41,Mid,Ads,8.99,1,1,Stable,5.845597628205583,Series,0.39887841288102455,1,2.9983162666486662,1.4543720833988152,1.9076249589911964,26.614164364369913,0
U4706,33,Mid,Premium,26.99,0,0,Declining,5.77724296040199,Movies,0.25900119865101556,0,0.7647393477129405,6.631246042818984,2.1520982259657133,8.394819215442617,1
U4707,51,High,Ads,8.99,1,1,Increasing,10.644085836263779,Series,0.6351282539125638,0,1.0240116530556302,3.9887736865962635,3.898181269141064,0.0,0
U4708,29,Mid,Premium,26.99,1,0,Stable,5.636698418861439,Movies,0.34275803958488305,1,3.956633579910548,4.831476996706555,1.8208563504407507,14.260534478857528,0
U4709,46,Mid,Standard,19.99,1,1,Declining,6.408217085932886,Movies,0.4808436612057544,0,1.4629489376530551,6.887978124436006,2.7611115822189034,6.992305741934192,1
U4710,34,Mid,Standard,19.99,1,0,Stable,8.308276751902616,Series,0.754139930368322,1,2.145203629448768,3.6392419670574396,2.5497006825957595,21.110857740411873,0
U4711,27,Low,Premium,26.99,0,1,Declining,6.446635157778039,Movies,0.5191267678565245,0,1.0614706892774464,2.295586190327523,2.2620740987955674,14.56673227702223,1
U4712,42,Mid,Ads,8.99,1,1,Declining,4.184415245978814,Movies,0.08115981137196765,1,2.5238357730150316,7.938847284363809,1.241888340978186,36.768293903606065,1
U4713,39,Mid,Standard,19.99,1,1,Stable,8.55984432965715,Movies,0.8225316524073756,1,2.7109449699332995,5.383382881070268,2.723665278425406,14.169790353608356,1
U4714,39,Low,Standard,19.99,0,1,Stable,8.040004561350386,Series,0.5950842262448256,1,1.0065430926976522,8.014689085546568,1.0,21.308887234860645,1
U4715,35,Low,Standard,19.99,0,1,Declining,6.280369289513121,Series,0.842586670733442,0,0.5,6.752265802492232,1.1794455494649616,4.0537663999125275,0
U4716,34,Low,Standard,19.99,0,1,Stable,10.355577126177053,Series,0.09713743044348022,1,1.7011716961147023,6.8112939205680005,1.658399023792367,12.880484918043237,1
U4717,63,Mid,Standard,19.99,0,0,Increasing,9.983322569776234,Movies,0.2969342400472589,0,1.2230783015766689,5.826870022970979,1.97547055387891,7.060428344701876,1
U4718,49,High,Standard,19.99,0,0,Declining,3.7860755520050655,Movies,0.05786358046581136,0,1.3377846321793359,5.825213339576027,2.2840711322408356,32.217391729455784,1
U4719,43,High,Premium,26.99,0,0,Declining,2.7790909380010715,Movies,0.17772692600819628,0,0.5,7.769021534421023,3.5912281280725233,8.909141801758903,0
U4720,36,Low,Standard,19.99,0,1,Increasing,12.383808479981465,Series,0.6101111503167632,1,2.177129807770656,7.128943956974784,2.8301687190814357,10.195190911245206,0
U4721,47,Mid,Standard,19.99,1,1,Stable,7.714615352070896,Series,0.533050112295828,1,2.256896660658582,4.321954121308883,2.3688693976401503,21.586002667385316,0
U4722,41,High,Premium,26.99,0,0,Stable,10.340043976640448,Series,0.8628034014262167,1,1.790091553998266,6.486001661534541,1.864075300823481,9.435502769863518,0
U4723,35,Low,Standard,19.99,1,0,Declining,0.9408956175990602,Series,0.9537983993946703,1,1.9793057873667266,4.261313154612523,1.874623103698815,34.915831341438434,1
U4724,31,Mid,Ads,8.99,0,0,Stable,8.821334175572884,Series,0.4066331574535935,1,1.8640994898589947,4.8747879022656315,1.065495394436236,41.49286634327064,1
U4725,34,Mid,Standard,19.99,0,0,Stable,6.477725329158743,Movies,0.25244696692642793,0,1.5321501532109456,6.636765755281565,1.0,7.230733028048798,0
U4726,18,Low,Ads,8.99,0,0,Increasing,7.939437015356487,Movies,0.14378235235358303,0,1.3034347620554056,4.231124063694044,1.0,28.147561138641247,1
U4727,37,High,Ads,8.99,0,0,Stable,5.470384319702818,Movies,0.5811800358834911,0,0.7288581654373805,5.795225841051715,3.37084395551467,7.860010566291091,0
U4728,29,High,Ads,8.99,0,1,Stable,8.799142027770285,Movies,0.38180872094474955,0,1.7775233745124137,6.260205022447604,1.488286641521117,13.721111914714296,1
U4729,54,Low,Ads,8.99,0,0,Increasing,10.840608531849673,Series,0.6064662339924696,0,0.6163536850784984,4.821331358758885,1.6753009846219213,26.282078012660765,0
U4730,35,Low,Standard,19.99,0,0,Increasing,5.572853924881678,Series,0.662493282145467,1,1.2722547953609478,6.939367634791776,3.2210474630255312,19.678029314067164,0
U4731,20,Low,Ads,8.99,1,0,Declining,5.329842875850143,Series,0.5377658217901374,1,2.1529095730830585,4.6210685707302375,1.0,19.9961171190617,0
U4732,34,Low,Ads,8.99,0,1,Increasing,11.118342992041411,Movies,0.17870599483269403,0,1.1748901853268698,7.385261097973414,1.613988092850772,31.179660191878824,1
U4733,22,Mid,Ads,8.99,0,0,Stable,7.356021051851814,Series,0.6102109507581593,1,2.3436722132951204,5.761391887824738,1.1020771901577087,31.09635454773448,0
U4734,40,Mid,Ads,8.99,1,0,Stable,9.215680600053878,Movies,0.29659832699251276,0,0.7093394954516908,5.8456917398093475,2.4935782820848225,18.613304957323123,0
U4735,38,Low,Ads,8.99,0,0,Stable,6.419922912221636,Series,0.6694048154549362,1,2.835848279189841,3.702490243024026,2.756899777705475,10.386531250064627,1
U4736,46,High,Standard,19.99,0,1,Stable,2.491284653791051,Series,0.2736042862959553,1,3.3288427081286174,5.030752388546458,2.7731602229885244,18.011067677310386,1
U4737,25,Mid,Premium,26.99,0,0,Declining,5.373435121536473,Movies,0.38727171654265824,1,2.2870109707287276,5.8897128305022175,3.7082182613801757,5.894914570054265,0
U4738,35,Low,Premium,26.99,0,1,Stable,7.361251538810159,Movies,0.21215079883932483,0,1.4580052053432386,7.548841614329955,2.753995427720993,27.432542396144562,0
U4739,18,Low,Premium,26.99,0,0,Stable,7.6223729934087086,Series,0.6302609874827111,1,1.0309153962508952,4.856631325740307,2.448939776936274,15.741003232969533,0
U4740,43,Mid,Ads,8.99,0,0,Declining,7.213958195935403,Series,0.7810179218741502,1,2.039066030991536,7.541417896648185,4.633387009629315,4.733397967948145,0
U4741,41,Mid,Ads,8.99,0,0,Stable,3.095073493413387,Movies,0.2387504497769593,0,0.9520017525510113,3.9887568297862455,1.0,34.091485342364926,0
U4742,40,Low,Ads,8.99,1,1,Increasing,8.28455008700202,Series,0.8393441031540361,1,1.7851371845621844,6.168325934803409,4.40070883356498,17.83252802283632,1
U4743,35,Low,Standard,19.99,0,0,Stable,5.154684383996898,Series,0.2518474829980797,1,1.905499510122607,4.486448043350263,3.941934658893736,9.023707637851466,0
U4744,39,High,Ads,8.99,0,1,Stable,4.58393922376303,Movies,0.6587657661042773,0,1.021142447211709,8.588338382293975,2.0515536168897204,31.715644259065318,0
U4745,54,High,Standard,19.99,1,1,Increasing,8.783103001311321,Movies,0.5976988104695828,1,1.427040221024555,8.227350219546514,1.492957555617759,33.08996830449464,1
U4746,31,Low,Ads,8.99,1,1,Stable,8.403644060561351,Series,0.4226820728179077,1,2.007639221533384,6.071413511687453,1.5417064283343684,0.0,0
U4747,36,Mid,Ads,8.99,0,0,Declining,5.601893209718319,Movies,0.17435491757698818,0,0.7791592836477051,4.429855792365546,1.9114702978497073,31.288466394766587,1
U4748,21,Mid,Premium,26.99,1,0,Stable,5.624955155008479,Movies,0.051008809382156683,1,2.773000011586502,2.466051726238591,3.3963565179490933,19.89303334686292,0
U4749,24,Mid,Standard,19.99,0,0,Declining,4.709056800912563,Series,0.784275758424128,0,1.465164849542124,6.256581829298658,1.0,29.65691722584626,0
U4750,36,Mid,Premium,26.99,0,0,Stable,8.859792889259232,Series,0.5339178374635605,1,2.4990200079783427,5.915074983070529,4.209735349684877,17.184591163907978,1
U4751,48,High,Standard,19.99,1,1,Increasing,11.049387735180067,Movies,0.2692460199882387,1,2.8860718319551113,7.21631962430264,2.1990677014087066,22.550831936493587,1
U4752,31,Mid,Premium,26.99,1,0,Stable,5.894459973546741,Movies,0.1254370074522819,0,0.8868604356427034,2.567275102164043,3.37679459422486,14.349088114680956,1
U4753,32,Mid,Standard,19.99,0,1,Stable,5.7650072486720445,Series,0.9623947788870855,0,1.4348945119556005,5.783038544138279,1.0,29.90737169406761,1
U4754,30,Mid,Premium,26.99,1,1,Stable,3.5670316788020053,Series,0.4054478140700254,1,2.9421318711605657,6.357971540984875,2.9236416743079863,9.943650805206364,1
U4755,28,High,Ads,8.99,1,1,Declining,4.141177332835271,Series,0.6048332277450472,0,0.8519194720879406,3.6960588958723517,2.5867353009422605,30.31443640366662,1
U4756,38,Mid,Standard,19.99,0,0,Stable,3.528422139122967,Series,0.6431939419451389,1,1.082497247151243,5.733051086063968,2.764017802801825,20.14401117846918,1
U4757,18,Low,Standard,19.99,0,1,Stable,11.134139374772229,Series,0.5202657634315389,0,0.9546537153913048,4.046102026184961,1.5081991537593078,27.080590761352497,0
U4758,50,Low,Standard,19.99,0,0,Declining,3.28976368626658,Series,0.4798218568749825,1,2.873912495941129,3.849292727844211,1.8173435878815445,5.888899432376316,1
U4759,27,Mid,Premium,26.99,1,1,Increasing,12.326942565939653,Series,0.5261477111253077,0,0.8234651452127204,4.438789631551775,1.0,23.073360397125896,0
U4760,43,Low,Premium,26.99,0,0,Declining,8.63621241578398,Movies,0.463066666550599,1,2.0209404781148477,4.967803300329231,2.9640931252588256,24.39847910458935,1
U4761,19,Mid,Standard,19.99,1,1,Increasing,9.648604225583965,Movies,0.2805885689976254,0,0.91015246435985,7.977469754501127,3.542550880585046,40.251796244891736,0
U4762,43,High,Standard,19.99,0,1,Stable,6.799971487226187,Movies,0.6751091374599059,0,1.2048231870533137,4.856457289917976,2.4823137644607405,26.372921719432718,1
U4763,43,Mid,Standard,19.99,0,0,Stable,4.355269487889835,Movies,0.19459226283928088,0,0.7757488536094006,3.808297371810638,1.0,10.942365227480435,1
U4764,39,High,Premium,26.99,1,1,Declining,3.9907997567024487,Movies,0.5008213505340685,0,0.558437872191998,7.125780658898527,3.556712089622753,10.44586611054605,1
U4765,23,Low,Standard,19.99,1,1,Stable,10.207930095738051,Movies,0.0,1,2.0354918574798093,7.555377476115572,2.319133558860472,27.133336238028193,0
U4766,37,High,Ads,8.99,0,1,Increasing,10.053757888866807,Movies,0.1946149930328022,0,1.1647956064610043,7.13889578319969,1.0,11.520350145341961,1
U4767,20,Mid,Standard,19.99,0,0,Stable,7.056696414917675,Movies,0.1867415667841572,0,1.8582406772103681,8.238534610950873,1.0,11.766356324313175,0
U4768,31,Mid,Ads,8.99,0,0,Increasing,12.936369627526988,Movies,0.12921729336726787,0,1.3331310874481566,5.884519282580804,1.1463331736932711,7.690223925436337,0
U4769,47,Mid,Standard,19.99,0,0,Stable,8.392581096911432,Movies,0.4066945014511209,0,0.7141424553486599,5.811212295183843,2.1995905506144995,19.597257297415602,1
U4770,44,Low,Ads,8.99,0,1,Increasing,8.556380556660711,Series,0.5779625612815708,1,1.8609908484844921,4.092250317157655,1.1785002295172264,20.63106790330227,1
U4771,35,Mid,Standard,19.99,1,1,Increasing,9.648767507020791,Movies,0.0,0,1.6567464010336288,8.29803732311167,1.3100508161816555,14.086129117321171,0
U4772,23,Mid,Standard,19.99,0,0,Stable,5.463869925137385,Series,0.9991070878505025,1,2.0457102229850457,5.315672034157111,3.11392862131724,38.340014392340116,0
U4773,42,Low,Ads,8.99,0,0,Stable,5.877918707272827,Movies,0.3852032388687526,0,0.7534465537824916,4.89285415551737,3.3873848441700964,24.85307238829111,0
U4774,35,Mid,Ads,8.99,0,0,Increasing,8.381104112224024,Series,0.600235470903149,1,2.3493974108752185,4.71398390963995,3.1494828417425014,39.09910665101376,0
U4775,18,Mid,Standard,19.99,1,0,Declining,6.11494212474738,Movies,0.6120237697193971,0,0.9050559135122475,6.7731471506802015,1.0,19.570376886024615,0
U4776,44,Low,Ads,8.99,0,0,Increasing,5.257911081929864,Series,0.7977721778783001,0,1.5390724127686188,5.667089933070761,3.1430013270011843,9.206115165937243,0
U4777,34,Low,Ads,8.99,1,1,Stable,7.152480660845457,Movies,0.29036534122030033,0,1.481483071714517,5.879003485786111,1.721098935206386,6.0650401364437005,0
U4778,49,Mid,Premium,26.99,0,0,Stable,6.220275679873871,Series,0.20949738805976648,0,0.7263098792398769,4.8509301438499515,4.162553014131165,16.523648125420507,1
U4779,21,Mid,Premium,26.99,0,0,Declining,3.1981415630675905,Movies,0.462877129057093,0,2.192484277778753,5.103399197180902,2.4602770475467004,27.03913701096441,1
U4780,18,High,Premium,26.99,0,0,Stable,6.231016901016691,Series,0.40743076505026943,1,2.2262306932443057,5.203868767460236,3.4163944003337217,14.434348468755196,0
U4781,38,High,Premium,26.99,0,0,Stable,2.3571934738995557,Movies,0.5978528917178848,0,0.5,8.343141024015974,2.7561470470690663,28.282777798607555,1
U4782,38,Mid,Ads,8.99,1,1,Increasing,6.727233977914862,Movies,0.19476726748046144,0,1.4902773787241588,1.897536741309402,2.6328367046942662,34.83984274810328,0
U4783,18,Mid,Ads,8.99,0,0,Stable,4.801026235848088,Series,0.5096266209620052,0,0.5,6.396382624463697,1.831908347412581,8.319799211388851,1
U4784,23,Mid,Ads,8.99,1,1,Declining,4.440167914798471,Series,0.3313637810721321,0,1.8199150099040036,7.676324690351115,3.407458959717232,4.806026669307325,1
U4785,68,Mid,Premium,26.99,0,0,Increasing,2.1606305311082004,Series,0.3475409277994332,1,2.3342374543530324,1.8229436867211137,3.1309950372196385,29.37801936847433,1
U4786,31,Low,Standard,19.99,0,1,Stable,7.381785487018938,Movies,0.32818492386021875,1,2.212290845946939,5.35704283948351,1.8689305925844353,21.227730648503393,1
U4787,43,Mid,Ads,8.99,0,0,Increasing,11.72826988922059,Series,0.5595480943014133,1,2.2492101431047704,7.464221571965235,1.7596427757579909,21.90556947648592,0
U4788,27,Mid,Standard,19.99,1,1,Stable,6.765407255540202,Series,0.5048234772958301,1,2.601046607272176,3.9940625351346313,1.4875516010207568,26.36835534571374,0
U4789,18,Low,Standard,19.99,1,1,Stable,7.997583746808753,Series,1.0,1,1.960906913259937,6.037081981474378,3.0175519272845044,0.0,0
U4790,32,Mid,Standard,19.99,1,1,Stable,5.9745388871975145,Series,0.7207292732239816,0,1.2525542234370335,3.6360443393649637,2.4363448822910345,23.294985972884152,1
U4791,31,High,Premium,26.99,0,0,Stable,3.890757752448253,Movies,0.3520486645852505,0,1.3166865844598317,5.56617043222669,2.4876626706017073,20.165654280805473,0
U4792,30,Mid,Standard,19.99,1,1,Declining,5.003382642571306,Movies,0.0,0,0.5,8.055177954787077,1.839499737824878,23.542754387957423,1
U4793,33,Mid,Premium,26.99,0,0,Declining,6.3607567539704375,Series,0.7651536457388635,0,1.5546515289404332,8.891222433263822,3.6577965519740534,6.54262893250065,1
U4794,38,High,Standard,19.99,1,0,Increasing,5.0268356231770275,Series,1.0,0,1.639051312983888,6.010473369473575,1.0,18.96790218547902,1
U4795,33,Mid,Standard,19.99,1,1,Stable,6.0695454473563295,Series,0.5624099488955914,0,1.483715301716393,2.9420693044238937,2.9821377710237984,12.196363315671015,0
U4796,19,Low,Premium,26.99,0,1,Increasing,8.25865079728675,Series,0.4378974953735636,1,2.478030242254545,4.879057425993299,3.18192472255033,30.5245906567219,0
U4797,40,Low,Premium,26.99,0,0,Declining,10.702815290569891,Series,0.6326649309482202,1,3.2068713032610985,1.8736614242292222,1.8825739980144747,16.9588143888102,0
U4798,18,Mid,Ads,8.99,1,1,Increasing,9.670113584159676,Movies,0.06371825346955745,1,2.2225676600169186,4.912027357235078,1.0,10.799408633869684,1
U4799,18,Mid,Ads,8.99,1,1,Stable,3.1888528422724454,Movies,0.44241210885332444,0,1.2526843398988785,7.42939674507864,2.5825128746435206,6.109924660523692,1
U4800,43,Low,Standard,19.99,0,1,Stable,2.6942981963155805,Movies,0.6500437927874487,1,1.8577100639383375,2.7742347534497576,3.396489490827099,28.474186444810115,1
U4801,41,Low,Standard,19.99,1,0,Stable,8.4609976605275,Series,0.4658137798931272,1,1.1007572480759753,5.085852314375082,3.9719769124758777,29.774360859591624,0
U4802,34,High,Standard,19.99,1,1,Increasing,16.45509592798959,Movies,0.2222718434468125,0,1.486469074013544,3.867624336766495,2.857109237022059,41.08086017617586,1
U4803,18,Mid,Premium,26.99,0,0,Stable,6.438051030798562,Movies,0.33406083425393185,1,1.9224864382368951,9.087378373853873,1.5862704582929945,14.135253457859257,1
U4804,26,High,Ads,8.99,0,0,Stable,6.318360815882982,Movies,0.24975615362045242,1,1.094208578934585,6.297372979708952,2.893305456939243,5.8446161757323445,0
U4805,31,Mid,Standard,19.99,1,1,Declining,5.861548352395192,Movies,0.047536558424841446,0,1.2199059304431434,7.200747692291362,2.7005303152254188,16.48864643345596,1
U4806,18,High,Ads,8.99,0,0,Stable,5.403407183309782,Movies,0.2729524614830896,1,2.1871158298740125,6.085191251888239,2.521855902140133,9.626981929925844,0
U4807,26,Low,Premium,26.99,0,0,Increasing,1.3675361387139802,Movies,0.23259815613839302,0,1.1424161636127335,7.021967677192059,1.3153638954885514,10.450673765791564,1
U4808,42,Mid,Premium,26.99,0,1,Declining,7.074528778551373,Movies,0.6233109726668549,0,1.325334441540577,7.661281737732315,2.7984661809037528,23.693065207541064,0
U4809,52,Low,Standard,19.99,1,1,Stable,5.7736357431963405,Series,0.8310749437573356,1,1.3124200360377203,5.576604915119315,2.669903754492067,31.10457115554042,1
U4810,29,Mid,Ads,8.99,1,1,Declining,7.1002357316427425,Series,0.8794625950493862,1,2.8442895905994066,4.4376275287904825,4.627664224201159,22.958281740962725,1
U4811,44,Mid,Standard,19.99,0,0,Increasing,6.717039629067959,Series,0.7603450003393417,1,2.509119252199972,3.62951377075641,2.2875033152643875,19.35868922991659,0
U4812,18,Low,Standard,19.99,1,1,Increasing,9.365337382381615,Series,0.6411565822962151,0,1.878885303047142,9.017463561727862,3.895370646891176,27.84627808940271,0
U4813,42,High,Standard,19.99,1,1,Stable,8.709663894977389,Series,0.425118394511126,1,1.9162388893495537,7.1413573040432885,3.591306081227208,15.270296035552208,1
U4814,25,High,Premium,26.99,0,0,Declining,7.140701902143745,Series,0.8652231255304262,1,2.5071123590443007,1.0535960908868827,2.2499420564121952,35.39906384656459,1
U4815,38,Low,Premium,26.99,1,0,Stable,7.465977334962848,Series,0.6695578873488474,0,0.5,5.010752479092915,3.4371955444479116,53.989183917583254,0
U4816,32,Mid,Standard,19.99,1,1,Declining,5.3664781915979995,Movies,0.10039393045298955,0,0.840792445275063,6.332167209668434,1.4166135725985172,10.444530719410892,0
U4817,50,Mid,Standard,19.99,1,1,Stable,8.239412360358223,Series,0.41722636156241755,1,1.425712504334813,8.844512310028952,2.0078257701307956,32.51087398643408,1
U4818,24,Mid,Ads,8.99,1,1,Declining,5.928339068788304,Movies,0.09725096358729007,0,1.3874393794030244,3.2946486990080506,1.6642211156653173,32.529631731324336,1
U4819,42,High,Standard,19.99,0,0,Stable,4.417638931657374,Movies,0.0,0,0.7052821851416212,6.352701479513586,2.0424666632680952,24.325801161534116,1
U4820,31,Low,Standard,19.99,0,1,Declining,2.455835291392316,Movies,0.42770443698982596,0,1.0388211345139924,4.7005398283004,1.0,33.43682651687548,1
U4821,33,High,Ads,8.99,0,0,Declining,0.7818817939582408,Series,0.3524249256334906,1,2.246626337632138,3.106137393639322,3.9993793094585057,22.25770043163166,1
U4822,32,Low,Ads,8.99,1,1,Declining,6.533016001679293,Series,0.4488109438338499,0,1.0537756766487596,8.190859710399366,1.8954935530771122,25.786141556995503,0
U4823,24,Mid,Ads,8.99,1,0,Stable,6.208540452578,Movies,0.3577679257295535,1,1.4593069443574933,3.571659418849129,2.9869500194571375,18.983468979839817,1
U4824,34,Mid,Ads,8.99,0,0,Stable,8.640394490752604,Series,0.5624214152225494,0,2.0805536477875535,7.441567768937205,2.445326847199791,19.684503573189644,0
U4825,34,Low,Standard,19.99,0,1,Declining,5.807421146908982,Movies,0.2073116317343658,0,1.3151973678930304,2.310830878796539,1.9283725820977144,25.633277765530043,1
U4826,37,Low,Standard,19.99,0,1,Stable,4.9951466368580615,Movies,0.6537858026123515,0,2.0850503213759812,4.519973230731555,1.0,23.055801115341467,1
U4827,36,High,Standard,19.99,1,0,Increasing,8.639332699395663,Movies,0.044669101649530085,0,0.741597936957884,6.644067788158952,1.2859437576603858,5.436247851188266,1
U4828,44,Mid,Standard,19.99,0,0,Declining,4.090355896671816,Series,0.30332677032991867,1,2.02358217072403,6.933554587960558,1.9643287981215258,24.109268317007835,0
U4829,46,Low,Standard,19.99,1,1,Increasing,7.172329559209313,Movies,0.4415687815177074,1,2.30124876494351,6.373763908431212,1.7253587152423815,15.053443125479603,1
U4830,22,Mid,Premium,26.99,0,0,Stable,8.830574650986563,Movies,0.22477340712987331,0,2.0237454577299676,7.47083755959051,1.2262151327998712,11.328003100030488,1
U4831,45,Low,Standard,19.99,0,0,Declining,10.021486941095345,Series,0.4669504447062963,0,2.081516481099192,4.922797306912068,1.5129072601857887,29.639216783245374,0
U4832,20,Low,Premium,26.99,0,1,Stable,9.232407283487095,Series,0.3841927937708077,1,1.988559466027324,8.284774955463886,2.6611580758356808,6.79355068595634,1
U4833,42,Mid,Standard,19.99,1,1,Stable,6.946087265285192,Movies,0.4176402372953935,0,0.8927208266753597,6.213234245603905,3.07688807577866,14.746658408404622,1
U4834,42,Low,Standard,19.99,0,1,Stable,9.519015519912248,Series,0.6451263749226259,1,2.245781121289277,6.969613373912022,1.0335273351953398,5.2073135896606715,0
U4835,18,High,Ads,8.99,1,1,Declining,8.425805300621606,Movies,0.37382462173468944,0,1.857700994278499,6.227184366009876,1.3199063562781728,13.174290360365301,1
U4836,36,Mid,Standard,19.99,0,0,Increasing,4.822887653069109,Series,0.48340861573579863,0,1.3254370003952094,6.482872087018322,2.415023460871968,46.71416800318344,0
U4837,29,High,Premium,26.99,0,0,Stable,9.44970952272506,Series,0.44979407931773896,0,1.4166479363058213,3.4977085402052555,2.0365416545511468,8.822000574906882,1
U4838,25,Mid,Premium,26.99,0,0,Stable,8.539364037486411,Movies,0.3173812322856299,0,1.8530639354041853,3.616693467061617,1.833752707666481,16.18409919716717,0
U4839,51,High,Premium,26.99,1,1,Declining,7.376238113313,Movies,0.5433079618473025,0,1.772409599324868,4.417634605068938,3.1223987490915968,34.7043203161736,1
U4840,27,Mid,Ads,8.99,1,0,Declining,6.626574912033801,Movies,0.6636318796273134,0,1.7917378763281053,6.528633361367175,2.3848131745413577,23.26212913199362,0
U4841,25,Mid,Standard,19.99,0,0,Stable,6.544541984931718,Series,0.8222710626059662,1,2.6732253612489854,4.322773252490155,1.0,16.337212733628032,0
U4842,35,High,Standard,19.99,1,1,Stable,11.065741288365533,Series,0.7011474683791933,1,3.111257996082554,4.907848264221932,1.400508233344595,9.685156186474162,1
U4843,43,Mid,Standard,19.99,0,0,Stable,7.6791972171642975,Series,0.7964352345677066,0,0.6924754894719442,5.354717688049804,1.0,26.0827696043749,1
U4844,33,Low,Ads,8.99,0,0,Stable,6.131345958611493,Series,0.36361282602255096,0,2.4246313331626217,8.335742577927139,2.020814668435534,14.113201428586539,1
U4845,48,Mid,Premium,26.99,0,0,Declining,6.011956030080748,Series,0.4572459450828478,1,2.9362154994396805,6.7055709014296205,1.0,44.09622894627932,0
U4846,41,High,Premium,26.99,1,0,Stable,8.944791803455722,Movies,0.45487970114017295,0,1.2198458253947775,2.577388649279185,1.0,14.608879180946566,1
U4847,18,Mid,Standard,19.99,0,0,Declining,5.189522151723992,Series,0.5763678265903135,0,1.8548573696309454,5.819379044404694,1.0,38.27994791987696,0
U4848,28,Mid,Ads,8.99,0,0,Stable,7.7862727670444505,Movies,0.41750127589726915,0,1.126276797873535,4.893155518319168,4.184402290044199,28.53108926721965,0
U4849,28,Mid,Ads,8.99,0,0,Stable,7.176734164207303,Series,0.7958930382047817,1,2.5848953165732285,5.043346623276234,1.0,28.428019730391313,0
U4850,40,High,Standard,19.99,0,0,Stable,5.6798485337987135,Series,0.7648056568861652,1,2.6551849231186453,5.501288973084129,1.884342396106101,16.101318378232502,0
U4851,18,Low,Ads,8.99,0,1,Increasing,6.534526624116687,Movies,0.1318072979867605,0,1.7310758190939932,7.751683035515786,2.25947908354997,12.486886662444642,1
U4852,65,Mid,Premium,26.99,0,0,Increasing,4.791551140285239,Series,0.6023688612197082,1,2.0241952138927224,3.8729892946788964,2.319044118744751,14.880933097990749,0
U4853,41,Low,Standard,19.99,0,0,Stable,10.03604006809349,Movies,0.16583548362772282,0,1.7416917169545527,5.907766732828858,2.8208921649972374,30.54542202232141,0
U4854,36,Mid,Standard,19.99,1,1,Declining,4.5531655037406775,Movies,0.19453639227198324,0,1.0790490780011779,6.081271237920084,2.1489921329048056,24.289867222891555,0
U4855,49,Mid,Standard,19.99,0,0,Stable,0.14484979648942087,Series,0.25782619898267606,0,1.6654869041267675,5.0572495340786805,1.7464002082884933,0.0,1
U4856,63,Low,Ads,8.99,0,0,Declining,5.793066158559018,Series,0.6267200884709097,1,2.2892726646135344,4.223354812028267,2.4197430617590743,2.5377888236521535,0
U4857,45,Low,Premium,26.99,0,0,Stable,7.751654209014605,Movies,0.0,0,0.5,3.9893263009805415,2.4094307685260286,16.377884828282532,0
U4858,46,Mid,Standard,19.99,0,0,Increasing,3.400296951508814,Movies,0.42882664777043544,1,1.8579443679340315,4.658721680561122,2.2507087289455714,24.435026104274897,1
U4859,36,Low,Premium,26.99,1,1,Stable,5.335207583333475,Movies,0.6216895221965542,0,1.724061299406016,6.975249835067189,2.8408909303161898,15.24965807300357,0
U4860,33,Low,Standard,19.99,0,0,Stable,5.247421930878142,Series,0.7060672237961026,1,2.117809737882488,4.783324655431075,1.5742628365098073,11.967180065417887,1
U4861,29,High,Standard,19.99,1,0,Stable,5.515464618415447,Series,0.610377671567152,0,1.9067739229037661,5.301722154720211,1.9992032554901833,6.18973566508939,1
U4862,25,Low,Ads,8.99,1,0,Increasing,12.63832758511071,Series,0.9068896250806192,1,1.5720243932066886,3.1860580364474473,1.0,28.95616038214284,0
U4863,26,Mid,Standard,19.99,1,0,Declining,4.702244903866327,Series,0.6654891394739122,0,1.6480688392054044,4.551302483036092,1.9550665148310085,19.19419497704841,0
U4864,18,High,Standard,19.99,0,0,Increasing,7.718295345551547,Series,0.4274513361426261,0,1.276233852480389,5.958711936717629,1.5618511949536082,38.16548718117484,0
U4865,34,Low,Standard,19.99,0,1,Stable,9.244779884441186,Movies,0.3750212903462308,1,2.1519288659744755,2.1655542943763555,3.2553590258801695,2.403512037087083,1
U4866,18,Mid,Standard,19.99,0,0,Declining,5.990695490367411,Series,0.9919383001188299,0,0.7108471648028342,7.589785868839973,1.0,26.294666580123533,1
U4867,37,Mid,Ads,8.99,1,0,Increasing,3.777065226070352,Series,0.38147223307153644,0,1.4050101720393497,4.314277423056208,1.7247732695719231,24.572116078362033,1
U4868,34,Mid,Premium,26.99,0,0,Increasing,7.150129082496291,Movies,0.0739752240530544,0,0.7955515749046027,9.025975120646791,1.6758270077801916,28.165724346175253,1
U4869,36,High,Premium,26.99,0,0,Stable,7.643924174267892,Movies,0.4729817294683078,0,0.9819695487256488,6.339969217029734,2.8708069261772007,27.92000178189022,0
U4870,28,High,Ads,8.99,0,0,Increasing,6.198329597963901,Series,0.5551893664073826,0,1.2296660607944634,1.830304071811896,1.0,11.915506670101129,0
U4871,71,Mid,Premium,26.99,1,0,Declining,9.059109576842264,Movies,0.2435996249000295,1,2.080564835373718,6.055055705395683,2.20372098216753,15.832251411440335,1
U4872,51,Low,Ads,8.99,1,0,Stable,7.225757527305167,Series,0.34816411595963204,0,1.8138949090828667,4.863951972505848,2.278653387875198,19.996932318073725,0
U4873,20,Low,Standard,19.99,0,1,Declining,3.49324732084495,Series,0.2099775524026511,0,0.5,6.079967516767071,3.1236785624878634,5.9661118149166015,0
U4874,37,Mid,Ads,8.99,0,0,Stable,4.754112713327901,Series,0.3087139922337158,1,2.1929746870543303,8.73347155131918,1.3451057516467593,30.37971382597193,1
U4875,27,Low,Premium,26.99,0,0,Stable,8.855055176071406,Series,0.922985105065472,0,1.1186106976311527,6.909944387990237,1.0,0.0,0
U4876,22,Mid,Ads,8.99,0,0,Declining,3.7042761260120862,Series,0.5982251513711044,0,1.2957444904514517,5.0485484316587215,2.675048346520916,4.052851131957727,1
U4877,18,Mid,Standard,19.99,1,1,Stable,7.759848356583414,Movies,0.0,0,1.0278626145296497,2.706248121947462,1.0,0.0,1
U4878,40,Low,Standard,19.99,1,1,Declining,2.696961286251134,Series,0.8368171876637527,0,1.8119405674885818,7.245555941656243,1.6772609177527062,31.197125839656525,0
U4879,26,High,Ads,8.99,1,0,Declining,5.140395583049006,Movies,0.5969667934027949,0,1.1711435841696902,6.5194666480900505,1.9613807434309074,20.587312262617413,1
U4880,46,Low,Standard,19.99,0,1,Stable,5.728228204233077,Series,0.8458467911365672,0,1.3664731342277585,7.815804236183857,2.8157443583591326,11.604840738165112,0
U4881,46,Mid,Ads,8.99,1,1,Stable,6.369211173049893,Series,0.5154937381032,0,1.7461279057530465,5.214273543716912,1.0,19.155744169040144,0
U4882,51,Mid,Standard,19.99,1,1,Stable,5.407438399229086,Movies,0.2962378776514856,0,1.3260012689270027,6.09021813370684,1.903887567510579,21.170961819234638,1
U4883,24,Mid,Premium,26.99,1,1,Declining,7.051252555616541,Series,0.6275255727416169,1,1.5384742846564987,5.007472593931685,2.2260428093991274,3.124609447786611,0
U4884,40,Mid,Premium,26.99,1,0,Stable,6.0179920497513475,Series,0.8802093015989367,1,2.0440494015291133,5.6736961695495145,1.3389683520563251,19.751433126987973,0
U4885,42,Low,Premium,26.99,0,0,Declining,4.713085610160595,Series,0.4890197961822732,1,2.2255297334891364,2.470955383404287,1.8423814456771306,34.66547992614102,1
U4886,29,Mid,Standard,19.99,1,1,Stable,6.809715438402511,Series,0.44911735108385714,1,1.3120626898999688,6.1365381798099365,3.089049001602938,36.77943287345738,1
U4887,25,Mid,Ads,8.99,1,0,Increasing,13.836810364900884,Series,0.7391353736714317,1,1.8729144307640013,6.264790022668436,1.6929244703154738,28.239704407307997,1
U4888,54,High,Standard,19.99,1,0,Declining,6.780617174782799,Series,0.8418509467699322,1,2.259039967713772,4.49229585406582,1.8360504944132032,21.099557408995548,0
U4889,37,Mid,Ads,8.99,0,0,Stable,8.58136151655592,Movies,0.3394418611566885,0,2.306101969868293,6.713312437206196,3.0856092660384657,29.094584059597523,0
U4890,42,Mid,Premium,26.99,1,1,Declining,1.8442267539473969,Movies,0.48408798156038785,1,2.5226611761976105,7.245123633368898,1.9818892561980403,26.468533169941107,1
U4891,25,Mid,Ads,8.99,0,1,Stable,5.6872152247949215,Movies,0.3724893528148066,0,1.378869536542195,8.300329375073067,3.5383405279267306,4.512542199618309,0
U4892,20,High,Premium,26.99,0,0,Stable,9.37723743165783,Movies,0.29975107877909574,0,2.1453139845031357,3.459896289283259,1.0,7.036107235134036,1
U4893,28,Low,Ads,8.99,0,0,Increasing,5.48720755373505,Movies,0.18414436030282968,0,1.5939240454646613,6.838769618518368,1.9266141354141908,25.61586448286769,1
U4894,33,Mid,Premium,26.99,1,1,Stable,7.168027096243459,Series,0.3692280197106102,0,1.664447468192648,8.175799349810074,2.976290921984887,9.977908587213465,0
U4895,22,Mid,Ads,8.99,0,1,Stable,4.869476991478422,Series,0.47704678764589725,0,1.0965521088344063,4.798409683964665,1.4806586951613872,5.697219722840272,0
U4896,34,Mid,Ads,8.99,0,0,Stable,5.070185489181187,Series,0.4047881628262954,1,1.540715304290427,8.289838270742049,1.9656224548448527,33.47243329100943,0
U4897,18,Low,Standard,19.99,1,0,Declining,8.361571305728408,Movies,0.40669650661188594,0,1.4308237752487754,4.048185945981987,3.4633084767567013,18.75273318400511,0
U4898,21,Mid,Ads,8.99,1,0,Increasing,11.157811924729167,Series,0.8435091534833574,0,2.211099535644248,5.639417484209046,1.425313020687077,17.220718634111368,0
U4899,43,Low,Standard,19.99,1,0,Stable,8.966280455589175,Series,0.6408018702741799,1,3.2078192226624758,2.0459342250277315,2.682597203180463,3.5647236664929096,1
U4900,42,Mid,Standard,19.99,0,1,Declining,6.567482960327558,Series,0.4158593320626658,1,2.694704479428199,1.765480708342086,2.94665225352147,12.61571303314116,1
U4901,30,Mid,Ads,8.99,1,1,Stable,6.721423275540996,Series,0.7710754162051919,1,1.8880372891850061,2.3932500996704933,2.2766357459261344,13.878865126140608,0
U4902,22,High,Premium,26.99,0,1,Stable,5.616806584192206,Series,0.6593762992199417,1,1.3696195913058489,8.337467159135484,2.240012684013774,7.138569157245152,0
U4903,22,Mid,Standard,19.99,0,0,Declining,4.195819481165014,Movies,0.448965204142356,0,0.8888763588746111,3.9488219771259585,1.175084181410728,3.414414870496202,0
U4904,30,Low,Standard,19.99,0,0,Stable,6.6163470912265065,Series,0.4961264577835275,0,1.4088557997567153,3.953898098716083,2.931037366996254,38.9749026536761,0
U4905,42,Low,Standard,19.99,1,1,Stable,10.552572138655833,Series,0.8266753144636985,1,2.0173932952152276,6.316499089495406,1.0,34.912822444563545,0
U4906,46,High,Standard,19.99,0,0,Stable,4.3272871379409406,Series,0.825653139635791,1,2.901233410741027,4.012891716691279,2.5912384180989245,16.740318290779136,0
U4907,29,Low,Ads,8.99,0,1,Declining,3.892677102762411,Series,0.5631865710683123,1,1.4064871559929517,7.909980516428605,1.6815984599964606,2.068726408550191,1
U4908,21,Mid,Ads,8.99,0,0,Increasing,6.261109901083852,Series,0.7436903693205847,0,1.2356207179624834,9.22728969941398,1.8052567259963084,0.0,0
U4909,38,Low,Standard,19.99,0,1,Declining,7.11324639504096,Series,0.8202978304143336,0,0.9166557233846914,1.056674190695011,1.9987302563350042,12.581175142897555,1
U4910,25,Mid,Standard,19.99,1,1,Stable,10.707576518678193,Series,0.5069255547822958,1,2.8947725362667476,6.540523303809242,2.699497031430492,0.0,1
U4911,28,Mid,Standard,19.99,1,0,Stable,7.617572719652792,Series,0.583752270473039,0,1.5713054863452784,1.3790355934922278,3.7619424324283535,12.566484831200672,0
U4912,50,Mid,Standard,19.99,0,0,Declining,5.782031669687169,Series,0.6159582714404813,0,0.8844972198216858,2.779742348088045,2.3113345746929466,0.0,1
U4913,44,Mid,Standard,19.99,0,0,Declining,5.182641846083872,Series,0.3804359683508405,1,2.812525832733466,6.4552959637809835,1.479970381725476,16.86883467824113,1
U4914,36,High,Ads,8.99,0,0,Declining,5.87495797856225,Movies,0.43833250231088144,1,1.3263419288087155,3.6126046613758462,1.0,20.356954535982922,1
U4915,19,Mid,Ads,8.99,1,1,Declining,6.546310324715254,Series,0.8045045631198814,1,1.2281030219846427,6.021840513421887,3.359945550086315,15.757849796342336,0
U4916,37,Mid,Standard,19.99,0,0,Declining,5.851281025773643,Movies,0.3212227967564304,0,0.857414919100439,5.5621209447182745,2.3753738234779513,44.06113760240662,1
U4917,47,High,Ads,8.99,0,1,Stable,7.9976686565565895,Series,0.6679700108704535,1,1.1102593728145853,2.203872894378013,1.968386505201027,15.524445708473388,1
U4918,30,High,Ads,8.99,0,0,Stable,8.55082872698775,Movies,0.6297161591836353,0,1.2437183000647551,6.814825746334658,2.258515359934078,38.76335325607791,1
U4919,51,Low,Ads,8.99,0,1,Stable,3.4434437974898655,Movies,0.26896962503941035,1,2.2515271693613155,6.097995316455745,2.9666633917623,21.555035551643787,1
U4920,50,High,Premium,26.99,0,0,Declining,5.004017860291451,Movies,0.4220529995254007,1,2.0566977851376556,5.577653375537906,1.7899285563495166,42.15299812897504,0
U4921,54,Low,Standard,19.99,0,0,Increasing,9.915627126253552,Series,0.4860375596660652,1,2.623349416145629,4.20390095623183,1.5339870555441895,0.0,0
U4922,38,Mid,Ads,8.99,0,0,Declining,5.8322963610385825,Series,0.4805787401861171,1,1.865964968371158,6.279339873690702,1.0,5.010161801486905,1
U4923,42,High,Ads,8.99,0,0,Stable,6.658227476432092,Series,0.6683786522945574,1,1.5214184011910676,2.912210356391606,1.1207802673629745,14.556324544843275,1
U4924,51,Low,Standard,19.99,1,1,Declining,5.321502999594304,Series,0.6482739134626575,1,1.8216609416577958,3.483945192901215,1.855242622907257,37.237791458759176,1
U4925,40,Low,Standard,19.99,0,0,Declining,3.560187190638465,Series,0.7110139679055396,0,0.6898119953646417,6.1418554780107355,3.274674629258068,15.131325031874365,0
U4926,28,Low,Standard,19.99,0,0,Stable,3.45031052860454,Movies,0.3652317499248898,0,0.99412182060116,7.560304328433803,1.6915165566369958,9.837800299780152,1
U4927,29,Mid,Premium,26.99,1,1,Stable,8.966274202611313,Series,0.6930285634598309,1,2.65761039826671,4.54573923606844,2.4605912838228283,25.280381440142353,1
U4928,37,Mid,Standard,19.99,1,0,Stable,4.731256793360993,Series,0.9331037944142737,1,1.2461490617228164,6.4140218087222065,3.3245189251670433,28.870937126838903,0
U4929,19,Mid,Ads,8.99,0,0,Stable,6.6790922737724765,Series,0.8119820810611155,1,2.09618659251976,5.909916364334534,2.5817636770742376,8.794476985966082,0
U4930,33,High,Standard,19.99,1,1,Increasing,6.752611101293983,Movies,0.4176763397488977,0,1.7788091153469758,6.328609156908811,4.1737041651188935,9.736323491953026,0
U4931,48,Mid,Premium,26.99,0,0,Stable,10.17401855975216,Series,0.7009813996673341,1,2.943026282307666,4.116433258966925,2.267750528751703,38.33921183013863,0
U4932,18,Low,Standard,19.99,1,1,Stable,6.84071057098257,Movies,0.29021959729915947,0,0.9589871593150868,5.201505689655311,2.043019062729931,32.9858266429517,1
U4933,53,High,Standard,19.99,1,1,Declining,4.379087074235867,Movies,0.3181621817724142,1,3.6279343324515825,5.423530708164574,1.8183145113645822,36.196938023790665,0
U4934,48,Low,Ads,8.99,0,0,Declining,6.4957317374519645,Movies,0.4484921861342931,0,0.7741956908174055,8.496775064702318,4.192325135289817,29.288019785460197,1
U4935,29,Low,Standard,19.99,0,1,Stable,11.312948335216372,Movies,0.36753004494317176,1,2.162917912458677,3.2910077426727837,3.4194495049505633,7.756838732509088,0
U4936,41,Low,Standard,19.99,0,1,Stable,7.811379054116177,Series,0.7586037352463038,1,1.597827376355493,2.692419629994313,1.0,17.6043993760266,0
U4937,35,Mid,Premium,26.99,1,1,Stable,6.245161076736329,Series,0.8534146006892049,0,1.5165429450827141,10.0,4.310088372047273,5.262512013911703,0
U4938,49,Low,Standard,19.99,0,1,Declining,6.39318796270938,Movies,0.3296468078012471,0,2.700610362545194,6.1179394933747595,2.6979804485259016,29.709910918062292,1
U4939,46,Low,Standard,19.99,1,1,Increasing,4.281962794255303,Series,0.1981566921765992,1,3.4062446180999717,6.597013275331353,2.3290456530923596,11.4781714039344,1
U4940,18,Low,Ads,8.99,0,1,Increasing,9.139287780193191,Series,1.0,1,2.807836260519891,6.784334906614071,2.718275796265064,0.0,0
U4941,42,Low,Ads,8.99,0,0,Stable,10.987915309912824,Series,0.4695011133857496,1,1.935505739065989,7.04377044464612,1.2412121521996293,19.36409152281611,0
U4942,32,Mid,Standard,19.99,0,1,Increasing,9.473242190057316,Series,0.6390323406197359,0,1.2160335106418183,7.297997974473667,2.396894212922014,31.502570617809006,1
U4943,35,High,Ads,8.99,0,0,Increasing,9.323332968472945,Series,0.7454984573453948,1,2.9696278317206843,7.052914454075552,1.8913019338821648,1.4750288697607488,0
U4944,26,Mid,Standard,19.99,0,0,Increasing,9.061909621072516,Series,0.8817947077686166,0,1.6747531346205182,7.75404047717344,1.83965628308593,16.499588631945556,0
U4945,55,Low,Ads,8.99,0,0,Stable,6.209047439147601,Movies,0.7112068417140254,1,2.349750433850718,5.8347825432825156,3.158866282532193,11.345641658423885,0
U4946,47,Low,Standard,19.99,1,1,Stable,7.628981344729741,Movies,0.27722537244650797,0,1.370956204426751,7.644449462596317,1.9355316560639269,29.893162344020258,1
U4947,26,High,Premium,26.99,1,1,Declining,6.5505460233206065,Movies,0.5879379533885855,1,2.933420492237792,9.28397294460592,2.2996398872686616,0.0,1
U4948,18,Low,Standard,19.99,1,1,Stable,6.33635989501845,Series,0.6395959826749729,1,3.0820281632861297,5.891831545440816,2.527739570791019,31.619780013335284,0
U4949,30,High,Ads,8.99,0,0,Stable,2.0184965233983583,Series,1.0,0,0.5496310591406111,6.461571019017087,3.1436065973093554,9.538840480409066,0
U4950,40,Low,Standard,19.99,1,0,Stable,7.931235010557508,Series,0.8200889448520079,0,1.4135148598917457,4.340379168035807,3.4680247585535247,16.08011427882676,0
U4951,37,High,Premium,26.99,1,1,Declining,9.266252153040208,Movies,0.3145051823175368,0,1.5890866146566158,5.1703459488476495,2.2148231626692327,28.303242821953447,1
U4952,50,Low,Standard,19.99,0,1,Increasing,7.871215775831608,Series,0.4413854365610208,1,1.9807062663812318,6.205705879159122,1.821725676953188,35.74676610274214,1
U4953,44,Mid,Ads,8.99,0,0,Stable,4.057673234486793,Series,0.0746820550972096,0,1.9395103630357782,4.721532118254886,4.10379543466533,18.615880818192643,1
U4954,46,Mid,Ads,8.99,0,0,Declining,6.354825969464958,Series,0.7349351859760276,1,2.126887558386051,5.684957416882112,1.0,9.300027443752196,1
U4955,38,Mid,Ads,8.99,1,0,Stable,10.487664528368008,Movies,0.5516897515981508,0,1.9533950411659817,6.182655965692636,3.067389085101489,11.621997691755402,1
U4956,18,Low,Ads,8.99,0,1,Increasing,10.588120709145706,Series,0.7490920888799916,1,2.078994589469902,8.541245497079311,2.055947140516809,31.993103681271684,1
U4957,32,Mid,Premium,26.99,0,0,Increasing,14.174100162499531,Series,0.12931711052615796,1,2.4556248025357785,3.772415001500131,2.7705051112372048,7.389663814330522,1
U4958,47,Mid,Premium,26.99,0,0,Stable,8.587337091251426,Series,0.34839780206210674,1,2.4423570696582146,6.3403261048660475,2.240833737285729,21.946538202967858,0
U4959,34,Low,Ads,8.99,1,1,Declining,6.413701971355385,Movies,0.4461646955793574,1,3.2975760204745916,4.2916708655310245,3.4814841268785575,18.089262261605185,1
U4960,41,Low,Ads,8.99,0,0,Declining,3.963998634515775,Movies,0.7071047470961582,0,1.6704985167147197,7.032072628301679,2.619124246839528,27.1111841817658,1
U4961,31,Mid,Ads,8.99,0,0,Declining,5.570813781506434,Series,0.5888892394554593,0,1.0711773495815677,7.190998871951282,1.0,18.409673702186115,1
U4962,22,Low,Premium,26.99,0,1,Declining,4.941058086564447,Series,0.8183036513183366,0,1.1638726933278265,8.854922544287358,1.0,12.793415149354413,0
U4963,33,Mid,Standard,19.99,0,0,Stable,6.872528558866697,Movies,0.14311863531230054,1,2.134298455915937,4.648623861545182,1.9849544288384382,11.950908167760797,0
U4964,38,Low,Standard,19.99,0,1,Stable,6.492269744097865,Series,0.6414256065304648,1,2.3110984522034923,5.791118769278058,2.8076316179496077,11.726465298469597,0
U4965,27,Mid,Standard,19.99,0,0,Declining,5.451226934917107,Movies,0.29506797380869915,0,0.8277244555608663,7.108120141978364,3.5072079247303485,1.4464241926729784,1
U4966,32,Low,Standard,19.99,1,0,Increasing,5.110965047589821,Series,0.8375178947661813,0,1.2593342155057803,6.817273940529048,1.5305898224944474,24.07257579014899,1
U4967,23,Mid,Standard,19.99,1,1,Stable,8.62343679856315,Series,0.4920327338127234,1,3.1208448412270258,1.0,1.0,20.51950416446881,0
U4968,48,Low,Ads,8.99,1,1,Stable,5.244509414439607,Movies,0.6854025367729879,0,1.9618250321874342,4.1251066550218045,2.6310809847776735,0.40652520063503417,1
U4969,31,Low,Standard,19.99,0,1,Stable,6.499457549990584,Movies,0.2884575032760024,0,0.5175746812061895,6.640232844977738,2.2423623781081865,13.132497793305912,1
U4970,52,Low,Standard,19.99,1,1,Stable,7.66111978607033,Series,0.3860274007695666,1,1.266082861645348,5.080408291525118,2.3432294294355747,14.693983631962855,0
U4971,53,High,Ads,8.99,0,0,Stable,5.145453163208976,Series,0.3927385364524164,0,1.0034342220802133,7.122902302697396,1.098792535701416,10.975003244410253,0
U4972,34,Low,Ads,8.99,0,0,Stable,3.0670738753894944,Movies,0.22551457353042825,0,0.5,7.584148172103996,3.3927933818518907,16.5614003903588,0
U4973,22,Mid,Standard,19.99,1,1,Stable,6.233906644604986,Series,0.6741134655845433,1,1.5419674767950267,5.073019069243186,1.3836876752549978,16.716794396215473,0
U4974,18,Low,Standard,19.99,1,0,Stable,4.1378050148326,Series,0.4780040049917754,0,1.4756044573335707,6.701646420651906,2.508053427470373,28.73225601089466,0
U4975,18,Low,Standard,19.99,0,1,Increasing,11.136932798011411,Series,0.4359045248698056,0,1.2810584859331606,8.412283808568937,2.475692382837815,17.94384277720069,0
U4976,18,Mid,Premium,26.99,1,0,Increasing,5.539489282373623,Series,0.7779616103068812,1,1.2674369593885981,7.53700686036942,2.7498827042303726,25.123601021103266,0
U4977,51,Mid,Ads,8.99,1,0,Stable,9.970311127418324,Series,0.0,1,3.002019780808232,3.9587057483957757,1.4553946051260755,1.3094948578457313,1
U4978,36,High,Ads,8.99,1,1,Declining,4.98841422152955,Series,0.51402367271287,0,1.0890195055151786,5.129733093578231,1.2766362959071689,5.261496536338305,0
U4979,39,High,Ads,8.99,1,0,Increasing,9.177522583782688,Series,0.33315237045297136,1,1.989033319787518,5.554961306104191,3.053058939494783,1.514586703176839,0
U4980,18,Mid,Standard,19.99,1,0,Stable,3.038737342910672,Series,0.4262891123312357,1,2.909933489718071,3.62954803966055,2.7526348037542903,13.251200265552274,1
U4981,20,Mid,Standard,19.99,0,0,Stable,7.289725257701047,Movies,0.3987499847178172,0,1.5054396405856283,7.639988829339893,2.5350676482564727,18.66716269411321,0
U4982,45,Mid,Standard,19.99,0,0,Stable,6.839640166253494,Series,0.558953470992991,0,1.2787896240870336,4.210088905500288,3.3257566173963777,38.01256016907847,0
U4983,38,Mid,Ads,8.99,1,0,Declining,2.401821930149061,Movies,0.29088680710591325,1,2.0032472074803445,5.297151433204758,2.541697437243764,8.043999936424695,0
U4984,33,High,Standard,19.99,0,1,Declining,5.1745366775936175,Series,0.837901775792853,1,2.641772471469861,7.643681017071633,1.8299581252355677,28.191723678041996,1
U4985,41,Mid,Premium,26.99,0,0,Declining,4.204153978385152,Series,0.5972763680507159,0,1.0835937320027822,4.598013627038537,2.7179893893896225,8.012481696212184,0
U4986,54,Mid,Premium,26.99,0,0,Declining,4.566424364209281,Movies,0.7112113747213824,1,2.162979356164413,4.826783643331861,2.650469169742339,18.286751429375922,1
U4987,32,Low,Premium,26.99,0,1,Stable,7.051763524388092,Movies,0.49243835560015303,1,1.5941025646484235,6.176100429556678,2.67555502163365,16.172491200880362,0
U4988,35,Low,Standard,19.99,1,1,Declining,4.057091573683596,Movies,0.1566580556935382,1,2.985536200563181,4.682172333764076,1.3169358941840656,6.914153341943594,1
U4989,37,High,Premium,26.99,1,0,Increasing,9.739369880846604,Movies,0.7368183940569708,1,3.231557448739853,8.56522189918507,1.22093341827136,7.852893325723416,1
U4990,63,Low,Ads,8.99,0,1,Stable,6.826889035298073,Series,0.6556210688982023,1,2.4271359328550948,3.6691102436722653,3.08015972936997,37.16991335512811,1
U4991,18,Mid,Ads,8.99,1,1,Stable,7.94553693677315,Series,0.9743495718479759,1,2.0083110149713455,1.0,2.0515992442132087,11.601503160758995,0
U4992,43,Low,Ads,8.99,1,0,Declining,3.9426508120560166,Movies,0.29678089139344815,1,2.8612698461722976,7.185993084062923,1.0,29.983669829862905,1
U4993,33,High,Standard,19.99,0,0,Stable,4.870160494132081,Movies,0.4044463494815853,1,2.6531905555617517,4.784862656333155,1.0,26.144111398043318,0
U4994,41,Low,Premium,26.99,1,1,Declining,3.5822629431237227,Series,0.6864228330650148,0,1.0781152184710756,3.8847386504641506,1.0,10.667237246813642,1
U4995,27,High,Ads,8.99,0,0,Stable,9.885313537703556,Movies,0.31637724515645604,0,1.875571686030355,6.267828031313732,3.267324749083391,17.95931956386854,0
U4996,34,Low,Standard,19.99,0,1,Increasing,11.86789957862024,Series,0.8543839991173772,0,1.0877715719973031,6.338782281297574,2.1516229407160092,19.448452688270393,0
U4997,43,High,Standard,19.99,0,0,Stable,9.426758265198218,Movies,0.7365164017008619,0,0.6569363301903239,3.9762333428533787,2.2353552958994976,23.84345205630659,0
U4998,72,Mid,Premium,26.99,1,1,Declining,7.56542791634044,Series,0.14131474427669966,0,1.2671040459263299,7.873778638302838,1.8467502910743026,13.139460863816167,1
U4999,44,Low,Standard,19.99,0,1,Stable,6.067363885653595,Movies,0.5129636749983022,0,1.8421720151641083,7.2237540261948645,1.1412291696963235,0.0,1
U5000,24,Mid,Premium,26.99,1,0,Stable,7.5916238708169255,Movies,0.1710992380297629,1,2.3616610220890646,9.44914657199165,2.959797540398193,9.594695067135717,1
